video_id,platform,creator_id,category,duration_seconds,upload_date,views,impressions,ctr,likes,comments,shares,avg_watch_time_seconds,completion_rate,followers_at_upload,engagement_rate,tags_count,audio_popular,caption_length,contains_hashtags,is_trending
vid_00001,Instagram,creator_0052,Fitness,29,2024-07-09,878,49325,0.0178,7,0,0,6.1,0.21,0,0.0001,2,False,5,True,False
vid_00002,Instagram,creator_1117,Education,25,2025-04-03,112,7516,0.0149,1,0,1,12.9,0.516,466,0.0003,4,False,67,True,False
vid_00003,TikTok,creator_1035,News,14,2024-01-21,87,1875,0.0464,1,0,0,2.1,0.15,0,0.0005,1,False,99,True,False
vid_00004,YouTube Shorts,creator_0860,Beauty,33,2024-12-14,9604,558372,0.0172,143,2,2,11.8,0.358,24028,0.0003,2,False,89,False,False
vid_00005,TikTok,creator_0327,Gaming,34,2024-09-21,1855,72460,0.0256,12,1,0,16.4,0.482,7398,0.0002,3,False,76,True,False
vid_00006,YouTube Shorts,creator_0210,Education,5,2024-10-22,1051,71986,0.0146,12,0,1,2.9,0.58,1478,0.0002,1,True,37,False,False
vid_00007,Instagram,creator_0089,DIY,9,2025-02-20,1223,113240,0.0108,7,1,0,1.0,0.111,3656,0.0001,5,False,91,False,False
vid_00008,TikTok,creator_0601,News,27,2024-10-07,349,40114,0.0087,5,2,0,5.2,0.193,528,0.0002,3,False,50,True,False
vid_00009,TikTok,creator_0467,Fitness,15,2024-03-02,5236,189710,0.0276,125,1,3,8.1,0.54,794,0.0007,3,False,14,False,False
vid_00010,TikTok,creator_0929,Cooking,30,2024-05-06,2495,82615,0.0302,18,1,0,3.6,0.12,6703,0.0002,2,False,5,True,False
vid_00011,TikTok,creator_0147,News,40,2025-05-08,1347,94195,0.0143,47,0,0,7.0,0.175,0,0.0005,1,False,94,True,False
vid_00012,TikTok,creator_0778,Fitness,42,2025-05-12,2096,32098,0.0653,4,1,0,3.8,0.09,5262,0.0002,2,False,5,True,False
vid_00013,TikTok,creator_0115,Beauty,29,2024-01-25,4701,443490,0.0106,86,3,0,23.6,0.814,4663,0.0002,0,False,68,True,False
vid_00014,TikTok,creator_1162,Cooking,19,2024-06-14,4269,109742,0.0389,43,2,2,8.5,0.447,5299,0.0004,3,False,70,True,False
vid_00015,Snapchat,creator_0940,Comedy,22,2024-07-24,411,9832,0.0418,0,1,0,4.9,0.223,1375,0.0001,2,False,92,True,False
vid_00016,Instagram,creator_1198,Gaming,27,2025-03-29,487,10798,0.0451,1,2,0,5.0,0.185,1450,0.0003,4,False,58,True,False
vid_00017,Facebook Reels,creator_1044,DIY,31,2024-03-11,577,16438,0.0351,2,2,0,9.5,0.306,750,0.0002,1,False,99,False,False
vid_00018,TikTok,creator_0328,Gaming,35,2025-04-08,60,1221,0.0491,1,1,0,25.5,0.729,725,0.0016,4,True,16,True,False
vid_00019,Facebook Reels,creator_1084,Fitness,25,2025-03-05,1182,236400,0.005,25,2,1,4.2,0.168,2237,0.0001,3,False,98,True,False
vid_00020,YouTube Shorts,creator_1100,Fitness,35,2025-05-12,65,4961,0.0131,1,1,1,25.5,0.729,1868,0.0006,2,False,79,True,False
vid_00021,TikTok,creator_0007,Fitness,19,2025-01-23,308,26782,0.0115,5,0,0,7.0,0.368,0,0.0002,2,False,83,True,False
vid_00022,TikTok,creator_0612,Music,41,2025-04-18,736,147200,0.005,14,0,0,20.9,0.51,2138,0.0001,3,False,45,True,False
vid_00023,TikTok,creator_1087,Entertainment,48,2025-04-10,5559,434296,0.0128,6,1,0,9.1,0.19,11064,0.0,3,False,38,True,False
vid_00024,Snapchat,creator_0630,Beauty,28,2024-02-14,957,33578,0.0285,6,1,0,6.6,0.236,1395,0.0002,2,False,91,True,False
vid_00025,TikTok,creator_0996,Education,16,2025-02-17,592,20699,0.0286,18,0,2,1.9,0.119,0,0.001,2,False,123,True,False
vid_00026,Instagram,creator_1126,Comedy,28,2024-07-24,559,28375,0.0197,5,0,1,11.3,0.404,0,0.0002,2,False,90,True,False
vid_00027,Facebook Reels,creator_1105,Beauty,30,2025-07-07,8068,276301,0.0292,20,3,2,10.1,0.337,15157,0.0001,2,False,98,False,False
vid_00028,Instagram,creator_0898,Music,7,2024-12-16,12012,170141,0.0706,232,8,5,5.6,0.8,20241,0.0014,1,False,5,True,False
vid_00029,TikTok,creator_1135,Beauty,21,2025-04-02,15842,488950,0.0324,117,7,2,10.2,0.486,14565,0.0003,1,False,38,True,False
vid_00030,Instagram,creator_0469,Education,22,2024-01-25,12165,1737857,0.007,97,3,0,1.5,0.068,17873,0.0001,2,False,14,True,False
vid_00031,TikTok,creator_0995,Beauty,21,2025-02-22,759,39738,0.0191,6,0,0,11.2,0.533,2262,0.0002,2,False,84,False,False
vid_00032,Instagram,creator_0969,Beauty,34,2025-01-02,1043,84796,0.0123,5,1,0,3.1,0.091,1879,0.0001,0,False,88,True,False
vid_00033,TikTok,creator_0883,Cooking,27,2024-11-25,5283,131091,0.0403,15,2,1,15.6,0.578,8565,0.0001,2,False,165,False,False
vid_00034,TikTok,creator_0202,Entertainment,31,2024-11-08,96,4897,0.0196,0,3,0,23.6,0.761,5180,0.0006,5,False,50,False,False
vid_00035,TikTok,creator_0393,Beauty,9,2025-02-20,999,52303,0.0191,14,2,0,1.2,0.133,3825,0.0003,0,False,41,True,False
vid_00036,TikTok,creator_0512,Education,14,2024-12-10,8473,526273,0.0161,290,2,5,5.6,0.4,19215,0.0006,2,False,72,False,False
vid_00037,TikTok,creator_1108,Entertainment,20,2024-03-13,698,87250,0.008,5,1,1,2.3,0.115,0,0.0001,1,False,124,False,False
vid_00038,TikTok,creator_0995,DIY,30,2024-06-15,404,34827,0.0116,0,1,0,4.7,0.157,3396,0.0,2,False,103,False,False
vid_00039,TikTok,creator_0005,Gaming,24,2024-07-24,19366,2451392,0.0079,426,15,4,7.3,0.304,14996,0.0002,3,False,111,False,False
vid_00040,TikTok,creator_1139,DIY,31,2024-04-30,34933,2376394,0.0147,544,10,7,14.2,0.458,86105,0.0002,1,False,5,True,False
vid_00041,TikTok,creator_1111,Entertainment,12,2025-08-03,825,33266,0.0248,14,1,0,1.0,0.083,9,0.0005,0,False,51,True,False
vid_00042,Instagram,creator_1088,Comedy,12,2024-02-14,11048,620674,0.0178,36,5,2,7.6,0.633,30408,0.0001,2,False,32,True,False
vid_00043,TikTok,creator_0140,Beauty,23,2024-11-09,364,12338,0.0295,2,1,1,4.5,0.196,0,0.0003,0,True,5,False,False
vid_00044,TikTok,creator_0082,News,23,2024-03-04,340,10397,0.0327,1,1,1,6.3,0.274,3878,0.0003,2,False,67,True,False
vid_00045,Instagram,creator_0535,Beauty,14,2025-06-04,470,6638,0.0708,3,0,0,4.3,0.307,1114,0.0005,1,False,85,True,False
vid_00046,TikTok,creator_0615,DIY,27,2024-09-02,5856,108847,0.0538,31,3,1,15.1,0.559,9138,0.0003,2,False,57,False,False
vid_00047,TikTok,creator_1154,Education,21,2024-02-26,182,25277,0.0072,3,1,1,2.9,0.138,2146,0.0002,3,False,108,True,False
vid_00048,TikTok,creator_0715,Education,21,2024-07-08,454,21826,0.0208,3,1,2,6.2,0.295,1747,0.0003,0,False,177,True,False
vid_00049,YouTube Shorts,creator_0620,News,36,2025-05-22,207,17107,0.0121,2,2,2,8.3,0.231,761,0.0004,2,False,125,True,False
vid_00050,Instagram,creator_0213,Comedy,24,2024-07-24,1855,39552,0.0469,24,1,0,16.2,0.675,5646,0.0006,2,True,5,True,False
vid_00051,Instagram,creator_0558,Fitness,12,2025-04-14,419,7338,0.0571,1,1,0,4.8,0.4,3570,0.0003,0,False,83,True,False
vid_00052,Instagram,creator_0541,Music,32,2025-01-14,1719,42975,0.04,16,1,0,13.5,0.422,1528,0.0004,1,False,21,False,False
vid_00053,TikTok,creator_0868,Fitness,9,2024-02-04,2218,123222,0.018,8,1,2,3.4,0.378,9243,0.0001,1,True,95,True,False
vid_00054,Instagram,creator_0537,Comedy,16,2025-07-29,33936,3030000,0.0112,191,18,8,3.1,0.194,67784,0.0001,0,False,125,True,False
vid_00055,Instagram,creator_0230,Education,13,2025-06-20,351,29250,0.012,3,3,1,7.6,0.585,555,0.0002,1,False,63,True,False
vid_00056,YouTube Shorts,creator_1193,Music,23,2024-04-25,258,30000,0.0086,1,0,1,4.4,0.191,3244,0.0001,1,False,98,True,False
vid_00057,TikTok,creator_0082,Cooking,6,2024-06-12,2472,338630,0.0073,57,3,0,2.5,0.417,8000,0.0002,2,False,24,True,False
vid_00058,TikTok,creator_1147,Gaming,49,2025-04-27,678,104307,0.0065,1,1,0,6.8,0.139,1656,0.0,0,False,8,False,False
vid_00059,TikTok,creator_0333,Comedy,22,2024-11-16,11910,730674,0.0163,96,6,1,1.9,0.086,6559,0.0001,2,True,90,True,False
vid_00060,TikTok,creator_0844,Beauty,33,2024-07-26,306,11167,0.0274,4,1,0,13.2,0.4,0,0.0004,2,False,68,True,False
vid_00061,TikTok,creator_0080,DIY,31,2024-06-21,502,16733,0.03,7,1,0,2.7,0.087,122,0.0005,3,False,67,False,False
vid_00062,TikTok,creator_0467,Beauty,37,2024-01-19,383,34818,0.011,3,0,0,2.2,0.059,0,0.0001,4,False,108,True,False
vid_00063,TikTok,creator_0143,Fitness,40,2024-09-29,2471,79709,0.031,3,0,2,11.8,0.295,4542,0.0001,3,False,27,True,False
vid_00064,Facebook Reels,creator_1099,Cooking,28,2024-01-22,1151,99224,0.0116,1,2,1,17.2,0.614,4072,0.0,1,True,59,False,False
vid_00065,TikTok,creator_0544,Entertainment,37,2024-03-25,557,19681,0.0283,1,2,0,5.0,0.135,3902,0.0002,1,False,97,True,False
vid_00066,YouTube Shorts,creator_0894,News,9,2025-02-01,8267,744774,0.0111,82,3,0,3.5,0.389,20909,0.0001,1,True,98,False,False
vid_00067,TikTok,creator_0091,Gaming,17,2024-01-02,55,7746,0.0071,1,1,0,4.9,0.288,999,0.0003,1,False,5,False,False
vid_00068,Instagram,creator_0404,Cooking,30,2024-11-30,467,24708,0.0189,5,3,0,9.6,0.32,0,0.0003,2,True,26,True,False
vid_00069,TikTok,creator_0643,Education,19,2025-07-13,1072,33188,0.0323,14,1,1,2.9,0.153,0,0.0005,0,False,58,True,False
vid_00070,Instagram,creator_0669,Gaming,20,2025-06-25,460,11165,0.0412,2,3,0,8.7,0.435,919,0.0004,1,False,62,True,False
vid_00071,TikTok,creator_0777,Comedy,18,2025-04-23,2875,235655,0.0122,51,1,0,3.1,0.172,2330,0.0002,5,False,95,True,False
vid_00072,YouTube Shorts,creator_0623,Fitness,6,2024-06-12,1511,46349,0.0326,14,1,1,3.6,0.6,7497,0.0003,0,False,76,True,False
vid_00073,Instagram,creator_0953,DIY,26,2024-12-09,1613,76445,0.0211,45,2,0,6.9,0.265,2684,0.0006,2,False,48,True,False
vid_00074,YouTube Shorts,creator_0348,Education,23,2024-08-08,8862,515232,0.0172,41,8,2,8.0,0.348,14952,0.0001,2,False,49,True,False
vid_00075,TikTok,creator_0482,Fitness,5,2024-06-23,1341,70209,0.0191,7,1,1,3.7,0.74,2411,0.0001,2,False,56,True,False
vid_00076,TikTok,creator_0974,News,26,2024-02-26,1821,54684,0.0333,4,1,0,9.0,0.346,2703,0.0001,4,False,25,False,False
vid_00077,Instagram,creator_0787,DIY,23,2024-11-06,837,62462,0.0134,29,3,0,11.5,0.5,2247,0.0005,4,False,5,True,False
vid_00078,TikTok,creator_0219,Gaming,14,2024-06-18,3837,431123,0.0089,15,2,0,5.1,0.364,6341,0.0,1,False,56,False,False
vid_00079,Instagram,creator_0103,Music,21,2024-07-12,329,4334,0.0759,7,1,1,13.9,0.662,1784,0.0021,2,False,5,True,False
vid_00080,TikTok,creator_0952,Music,20,2025-03-10,1386,109133,0.0127,2,0,0,2.3,0.115,1875,0.0,0,False,106,False,False
vid_00081,Snapchat,creator_1034,Gaming,32,2025-03-01,1592,42680,0.0373,5,0,0,1.8,0.056,3997,0.0001,2,False,111,True,False
vid_00082,YouTube Shorts,creator_0922,Fitness,35,2025-08-06,375,13537,0.0277,5,1,0,1.5,0.043,1662,0.0004,3,False,91,True,False
vid_00083,YouTube Shorts,creator_1068,DIY,8,2025-05-01,302,7242,0.0417,6,1,0,4.4,0.55,0,0.001,0,False,123,True,False
vid_00084,YouTube Shorts,creator_0481,Fitness,24,2024-09-17,1581,45561,0.0347,4,1,0,8.8,0.367,6648,0.0001,2,False,25,True,False
vid_00085,TikTok,creator_0474,Gaming,45,2025-06-23,251,5743,0.0437,3,2,1,7.0,0.156,1016,0.001,2,False,46,True,False
vid_00086,TikTok,creator_0678,Music,24,2024-12-27,2048,55956,0.0366,10,1,1,6.9,0.288,1899,0.0002,2,False,53,True,False
vid_00087,TikTok,creator_1197,Entertainment,23,2025-03-23,5462,356993,0.0153,64,1,1,1.0,0.043,11012,0.0002,3,False,80,True,False
vid_00088,TikTok,creator_0799,Gaming,33,2025-02-22,3666,138339,0.0265,7,2,2,2.1,0.064,9037,0.0001,0,False,60,True,False
vid_00089,Instagram,creator_0452,DIY,8,2024-06-19,323,32300,0.01,2,0,1,1.0,0.125,2094,0.0001,2,False,79,True,False
vid_00090,TikTok,creator_0829,Comedy,30,2024-12-29,5980,671910,0.0089,60,0,1,5.1,0.17,10645,0.0001,2,False,49,False,False
vid_00091,Instagram,creator_0807,News,17,2025-03-14,3518,156355,0.0225,41,3,0,8.2,0.482,3538,0.0003,2,False,84,True,False
vid_00092,TikTok,creator_0946,Comedy,37,2024-02-09,877,32723,0.0268,0,1,1,22.8,0.616,1635,0.0001,3,False,92,True,False
vid_00093,Instagram,creator_0692,Gaming,15,2024-08-04,3045,574528,0.0053,10,2,0,1.4,0.093,6542,0.0,3,False,68,False,False
vid_00094,TikTok,creator_0168,DIY,22,2024-01-16,1491,37746,0.0395,2,0,0,8.8,0.4,1939,0.0001,0,False,5,True,False
vid_00095,Facebook Reels,creator_0460,Education,30,2025-05-21,1191,106339,0.0112,3,1,0,12.0,0.4,0,0.0,0,True,5,True,False
vid_00096,TikTok,creator_0042,News,16,2024-04-28,31047,1592153,0.0195,262,6,7,6.7,0.419,26021,0.0002,1,False,73,True,False
vid_00097,TikTok,creator_0447,DIY,26,2025-06-27,1171,57970,0.0202,2,2,0,22.0,0.846,1993,0.0001,1,False,84,True,False
vid_00098,Instagram,creator_0235,Comedy,20,2024-08-29,986,46509,0.0212,12,3,1,3.7,0.185,86,0.0003,1,True,10,True,False
vid_00099,TikTok,creator_0769,Gaming,9,2025-07-09,1155,27697,0.0417,54,2,1,2.6,0.289,0,0.0021,2,False,6,True,False
vid_00100,YouTube Shorts,creator_0498,Education,5,2025-06-25,1507,48612,0.031,12,0,1,1.4,0.28,2851,0.0003,1,False,61,False,False
vid_00101,Instagram,creator_0248,News,31,2024-02-01,174,5612,0.031,0,1,0,4.7,0.152,0,0.0002,3,False,27,True,False
vid_00102,TikTok,creator_1037,Cooking,31,2024-01-10,98,4394,0.0223,1,3,1,4.4,0.142,2062,0.0011,2,False,97,False,False
vid_00103,TikTok,creator_0742,DIY,31,2025-07-03,4266,192162,0.0222,85,2,0,15.3,0.494,6111,0.0005,2,False,19,True,False
vid_00104,Instagram,creator_0554,News,37,2025-02-22,1665,112500,0.0148,7,0,0,30.9,0.835,4743,0.0001,3,False,53,True,False
vid_00105,YouTube Shorts,creator_0550,Cooking,40,2024-07-09,496,42033,0.0118,3,0,0,7.1,0.178,0,0.0001,3,False,5,True,False
vid_00106,Snapchat,creator_0500,DIY,19,2025-03-18,710,20170,0.0352,4,1,0,3.2,0.168,4415,0.0002,3,False,73,True,False
vid_00107,TikTok,creator_0666,Comedy,9,2025-01-13,2496,102716,0.0243,12,2,0,3.2,0.356,3838,0.0001,2,False,56,False,False
vid_00108,TikTok,creator_0566,Music,27,2024-01-08,753,78437,0.0096,6,3,0,2.8,0.104,369,0.0001,3,False,95,True,False
vid_00109,TikTok,creator_0833,DIY,17,2025-03-07,120,3084,0.0389,0,1,0,3.7,0.218,2542,0.0003,1,False,5,True,False
vid_00110,Instagram,creator_1006,DIY,20,2024-01-14,11045,977433,0.0113,84,9,4,6.7,0.335,22215,0.0001,5,True,179,True,False
vid_00111,Instagram,creator_0628,News,29,2024-10-13,249,9576,0.026,2,1,0,16.5,0.569,0,0.0003,3,False,37,True,False
vid_00112,TikTok,creator_1128,Cooking,43,2024-09-30,2045,358771,0.0057,18,1,0,5.0,0.116,4613,0.0001,1,False,5,True,False
vid_00113,TikTok,creator_0248,Beauty,51,2024-09-02,185,5910,0.0313,6,1,2,9.7,0.19,0,0.0015,0,True,41,True,False
vid_00114,YouTube Shorts,creator_0380,Beauty,22,2024-06-17,4939,205791,0.024,97,0,0,1.0,0.045,7945,0.0005,2,False,110,True,False
vid_00115,Instagram,creator_1075,News,27,2024-08-07,12342,313248,0.0394,69,10,3,23.0,0.852,9136,0.0003,1,False,32,False,False
vid_00116,TikTok,creator_0740,Comedy,27,2024-08-22,509,16525,0.0308,1,1,0,12.2,0.452,1763,0.0001,1,True,81,True,False
vid_00117,TikTok,creator_0112,Music,15,2024-08-14,10889,1845593,0.0059,257,4,6,5.2,0.347,17913,0.0001,3,False,50,True,False
vid_00118,YouTube Shorts,creator_1006,Education,31,2024-01-10,9193,167145,0.055,139,6,6,18.0,0.581,24258,0.0009,1,False,106,True,False
vid_00119,TikTok,creator_0378,Entertainment,36,2024-07-15,6150,351428,0.0175,17,8,0,13.6,0.378,11562,0.0001,1,False,51,True,False
vid_00120,YouTube Shorts,creator_0821,DIY,24,2024-02-27,532,17972,0.0296,9,1,1,2.2,0.092,2241,0.0006,0,False,55,True,False
vid_00121,TikTok,creator_1153,Fitness,22,2024-03-07,332,26991,0.0123,3,0,0,11.7,0.532,0,0.0001,0,False,36,True,False
vid_00122,YouTube Shorts,creator_0463,Music,30,2024-10-22,449,30544,0.0147,2,0,1,16.1,0.537,2151,0.0001,0,False,26,True,False
vid_00123,YouTube Shorts,creator_0879,Fitness,13,2025-03-17,26,734,0.0354,0,1,1,9.1,0.7,3725,0.0027,0,False,23,True,False
vid_00124,YouTube Shorts,creator_0426,Beauty,27,2024-07-24,147,5287,0.0278,1,0,1,7.8,0.289,4723,0.0004,2,False,77,True,False
vid_00125,TikTok,creator_0154,Comedy,36,2024-01-03,1496,191794,0.0078,4,1,0,30.8,0.856,4764,0.0,3,False,33,True,False
vid_00126,Instagram,creator_0067,Beauty,5,2024-08-11,492,34166,0.0144,3,1,0,2.5,0.5,3323,0.0001,0,False,5,True,False
vid_00127,Instagram,creator_0479,Fitness,32,2025-04-30,563,11237,0.0501,8,0,0,5.1,0.159,0,0.0007,0,False,63,False,False
vid_00128,TikTok,creator_0236,Music,27,2024-06-23,910,165454,0.0055,15,0,1,6.5,0.241,2275,0.0001,3,False,85,False,False
vid_00129,YouTube Shorts,creator_0147,Entertainment,23,2024-05-08,1841,108294,0.017,59,3,0,18.7,0.813,0,0.0006,4,False,39,True,False
vid_00130,YouTube Shorts,creator_0592,DIY,20,2024-04-06,287,10286,0.0279,0,0,0,6.7,0.335,0,0.0,4,False,78,True,False
vid_00131,TikTok,creator_0558,Music,30,2025-02-23,1456,34916,0.0417,4,3,1,8.1,0.27,592,0.0002,2,False,5,True,False
vid_00132,TikTok,creator_0885,Cooking,35,2025-04-13,2180,256470,0.0085,7,2,0,17.4,0.497,4558,0.0,1,False,5,True,False
vid_00133,Facebook Reels,creator_1179,News,18,2024-01-17,2265,48605,0.0466,11,1,0,3.8,0.211,4667,0.0002,0,False,17,True,False
vid_00134,TikTok,creator_0083,Comedy,7,2024-12-31,6986,944054,0.0074,71,4,5,1.7,0.243,7290,0.0001,1,False,66,True,False
vid_00135,TikTok,creator_1199,Gaming,37,2025-05-08,756,47250,0.016,0,0,0,28.4,0.768,3423,0.0,3,False,125,False,False
vid_00136,Instagram,creator_0837,Cooking,35,2024-09-06,341,10209,0.0334,0,2,0,3.2,0.091,1693,0.0002,2,False,79,False,False
vid_00137,TikTok,creator_1015,Fitness,21,2025-05-29,877,37965,0.0231,2,1,1,9.4,0.448,2028,0.0001,1,False,108,False,False
vid_00138,Instagram,creator_0932,Education,22,2024-09-01,426,19452,0.0219,0,0,0,4.7,0.214,1763,0.0,2,False,122,True,False
vid_00139,YouTube Shorts,creator_1054,Entertainment,16,2025-05-25,2540,256565,0.0099,31,0,1,1.0,0.062,644,0.0001,6,False,151,True,False
vid_00140,TikTok,creator_1062,Cooking,18,2025-04-28,94,2513,0.0374,0,1,2,3.9,0.217,0,0.0012,0,False,41,True,False
vid_00141,YouTube Shorts,creator_0417,Fitness,33,2025-03-02,4640,208071,0.0223,23,2,0,10.4,0.315,12693,0.0001,3,False,17,True,False
vid_00142,Snapchat,creator_0993,Education,44,2024-01-23,141,6294,0.0224,0,1,1,26.3,0.598,553,0.0003,5,False,86,True,False
vid_00143,TikTok,creator_0325,Fitness,13,2025-03-03,7632,1060000,0.0072,58,3,1,4.5,0.346,7595,0.0001,3,True,5,True,False
vid_00144,TikTok,creator_0233,DIY,33,2024-04-01,90,4972,0.0181,1,2,0,9.2,0.279,3105,0.0006,1,False,129,True,False
vid_00145,Snapchat,creator_0598,Music,32,2025-07-01,5751,111237,0.0517,83,2,2,10.7,0.334,17064,0.0008,0,False,138,False,False
vid_00146,Facebook Reels,creator_0500,DIY,24,2025-03-04,287,6628,0.0433,0,1,0,3.1,0.129,0,0.0002,3,False,68,True,False
vid_00147,Instagram,creator_0280,Education,15,2024-08-02,952,28848,0.033,4,1,0,4.2,0.28,1300,0.0002,2,False,118,False,False
vid_00148,TikTok,creator_1040,Fitness,43,2024-01-02,74,9250,0.008,0,0,1,13.8,0.321,0,0.0001,1,False,138,True,False
vid_00149,Instagram,creator_1003,Comedy,11,2024-12-12,2462,108938,0.0226,16,1,1,7.2,0.655,9308,0.0002,0,False,141,True,False
vid_00150,Instagram,creator_1113,Gaming,19,2024-12-19,4233,440937,0.0096,37,4,2,2.0,0.105,7498,0.0001,2,False,56,False,False
vid_00151,Facebook Reels,creator_0490,News,39,2024-10-24,2661,280105,0.0095,23,1,1,6.4,0.164,6203,0.0001,1,False,135,True,False
vid_00152,TikTok,creator_0969,Gaming,26,2024-10-26,129,3862,0.0334,1,1,0,2.0,0.077,0,0.0005,1,False,115,False,False
vid_00153,Instagram,creator_0312,DIY,14,2024-01-29,480,14545,0.033,0,2,0,1.7,0.121,578,0.0001,3,False,46,False,False
vid_00154,TikTok,creator_0206,DIY,19,2024-03-18,6152,1230400,0.005,60,4,0,4.6,0.242,17740,0.0001,2,False,13,True,False
vid_00155,YouTube Shorts,creator_0840,Comedy,13,2024-02-28,1671,43067,0.0388,10,1,0,3.0,0.231,6997,0.0003,0,False,5,False,False
vid_00156,TikTok,creator_0815,Education,6,2024-09-12,1041,68486,0.0152,7,0,0,3.0,0.5,2560,0.0001,4,False,67,False,False
vid_00157,TikTok,creator_0649,DIY,16,2025-02-24,394,78800,0.005,0,1,0,1.0,0.062,1485,0.0,2,True,84,True,False
vid_00158,Instagram,creator_0589,Beauty,44,2025-08-03,3664,95916,0.0382,27,3,0,23.6,0.536,6105,0.0003,4,True,67,False,False
vid_00159,YouTube Shorts,creator_0206,DIY,36,2024-05-09,4589,917800,0.005,37,5,1,5.7,0.158,8936,0.0,3,False,30,False,False
vid_00160,TikTok,creator_0115,Fitness,19,2024-10-05,2158,132392,0.0163,7,1,1,2.4,0.126,5102,0.0001,3,False,73,True,False
vid_00161,Instagram,creator_1160,Comedy,24,2024-05-12,1232,19100,0.0645,8,2,1,4.1,0.171,373,0.0006,1,False,102,True,False
vid_00162,TikTok,creator_0494,DIY,34,2025-03-28,767,28407,0.027,1,2,0,12.5,0.368,619,0.0001,2,False,68,True,False
vid_00163,TikTok,creator_0523,Entertainment,19,2024-12-27,91,8584,0.0106,0,0,0,2.3,0.121,3633,0.0,1,False,31,True,False
vid_00164,TikTok,creator_0905,Cooking,30,2025-04-01,1834,73360,0.025,56,0,0,18.7,0.623,3227,0.0008,3,False,51,False,False
vid_00165,Instagram,creator_0936,Fitness,40,2024-06-03,1078,128333,0.0084,1,1,1,6.3,0.158,3791,0.0,2,False,96,False,False
vid_00166,TikTok,creator_0782,News,21,2024-10-05,1069,56861,0.0188,6,0,1,2.9,0.138,3248,0.0001,2,False,60,False,False
vid_00167,TikTok,creator_0811,Fitness,21,2024-01-07,843,62444,0.0135,12,3,0,5.8,0.276,1444,0.0002,3,False,44,True,False
vid_00168,YouTube Shorts,creator_0101,News,13,2025-08-01,578,12271,0.0471,6,2,0,8.5,0.654,2245,0.0007,2,False,35,False,False
vid_00169,TikTok,creator_0472,News,17,2024-09-30,5251,833492,0.0063,172,2,1,3.0,0.176,7770,0.0002,1,False,59,True,False
vid_00170,TikTok,creator_0281,Education,22,2025-05-02,604,17110,0.0353,13,0,0,3.1,0.141,243,0.0008,1,False,50,True,False
vid_00171,TikTok,creator_1187,Cooking,8,2025-07-22,3605,231089,0.0156,22,4,3,2.4,0.3,8421,0.0001,2,False,22,False,False
vid_00172,TikTok,creator_0851,Comedy,27,2024-06-04,14675,1233193,0.0119,2,1,0,9.7,0.359,16843,0.0,1,False,12,True,False
vid_00173,Facebook Reels,creator_1088,Music,40,2024-07-30,3144,110315,0.0285,22,2,1,6.3,0.158,7742,0.0002,3,False,74,True,False
vid_00174,YouTube Shorts,creator_0987,Fitness,31,2025-08-02,54,2278,0.0237,0,0,0,15.0,0.484,0,0.0,1,False,104,False,False
vid_00175,Instagram,creator_0155,Comedy,40,2024-06-24,735,20303,0.0362,23,0,2,16.6,0.415,6342,0.0012,1,False,125,True,False
vid_00176,Facebook Reels,creator_1142,Cooking,28,2024-03-11,275,4435,0.062,0,0,0,7.0,0.25,743,0.0,0,False,56,True,False
vid_00177,Instagram,creator_0932,Cooking,19,2025-06-06,508,24190,0.021,0,5,0,1.1,0.058,2181,0.0002,2,False,94,True,False
vid_00178,TikTok,creator_0761,Education,24,2025-06-08,4831,127804,0.0378,47,2,2,3.2,0.133,9840,0.0004,1,False,67,True,False
vid_00179,Snapchat,creator_1150,Cooking,27,2025-04-18,163,13040,0.0125,2,0,0,4.4,0.163,2264,0.0002,0,False,112,True,False
vid_00180,YouTube Shorts,creator_0619,Gaming,22,2024-03-31,4338,262909,0.0165,26,4,2,5.3,0.241,6536,0.0001,4,False,51,False,False
vid_00181,TikTok,creator_1009,Education,27,2024-03-16,6861,1372200,0.005,46,1,2,9.2,0.341,8629,0.0,1,False,102,True,False
vid_00182,TikTok,creator_0760,Music,37,2024-11-21,918,24414,0.0376,16,2,0,6.5,0.176,1929,0.0007,3,False,5,True,False
vid_00183,Snapchat,creator_0203,DIY,26,2025-04-23,6862,415878,0.0165,24,3,4,4.0,0.154,8465,0.0001,0,False,40,False,False
vid_00184,TikTok,creator_0759,Beauty,28,2024-12-10,47029,3288741,0.0143,907,24,8,5.7,0.204,72444,0.0003,1,False,49,True,False
vid_00185,TikTok,creator_0753,Music,19,2025-05-15,3930,256862,0.0153,21,4,1,6.5,0.342,7183,0.0001,2,False,35,True,False
vid_00186,TikTok,creator_0251,DIY,39,2024-03-12,967,76141,0.0127,3,2,0,6.3,0.162,4023,0.0001,3,False,84,True,False
vid_00187,Instagram,creator_0044,Entertainment,17,2024-09-16,149,8010,0.0186,2,0,0,3.1,0.182,288,0.0002,3,False,74,True,False
vid_00188,Instagram,creator_0141,Music,17,2024-06-09,1518,145961,0.0104,22,0,0,2.5,0.147,3617,0.0002,1,False,147,False,False
vid_00189,TikTok,creator_0303,News,41,2024-01-03,347,38988,0.0089,2,0,1,5.4,0.132,0,0.0001,2,False,97,False,False
vid_00190,Facebook Reels,creator_1107,Fitness,35,2024-05-15,6212,203672,0.0305,7,2,0,1.9,0.054,20525,0.0,1,True,76,False,False
vid_00191,TikTok,creator_0734,Beauty,32,2025-04-02,1576,117611,0.0134,10,1,0,26.3,0.822,3323,0.0001,1,False,5,True,False
vid_00192,TikTok,creator_0863,Music,45,2024-03-29,1758,84114,0.0209,15,2,1,23.9,0.531,3140,0.0002,4,False,53,True,False
vid_00193,YouTube Shorts,creator_1052,News,29,2024-03-25,6094,628247,0.0097,28,4,1,16.8,0.579,13613,0.0001,2,False,5,True,False
vid_00194,Instagram,creator_1068,Fitness,17,2024-12-21,602,43623,0.0138,7,2,0,8.1,0.476,1492,0.0002,2,False,87,True,False
vid_00195,Facebook Reels,creator_0823,Gaming,27,2025-06-16,658,51007,0.0129,2,0,0,4.7,0.174,297,0.0,1,True,133,True,False
vid_00196,TikTok,creator_0166,Cooking,33,2025-04-17,2139,85560,0.025,47,1,1,16.0,0.485,3924,0.0006,1,False,41,True,False
vid_00197,Instagram,creator_1199,Music,33,2025-07-07,1076,66012,0.0163,10,2,0,12.7,0.385,1948,0.0002,1,False,76,False,False
vid_00198,Instagram,creator_0930,Music,31,2025-04-15,1677,48608,0.0345,13,0,1,8.5,0.274,1447,0.0003,3,False,102,False,False
vid_00199,TikTok,creator_1130,Beauty,24,2024-11-30,454,21619,0.021,2,1,1,5.5,0.229,3673,0.0002,2,False,29,True,False
vid_00200,TikTok,creator_0929,Gaming,23,2024-11-19,1000,38167,0.0262,3,1,0,6.8,0.296,1635,0.0001,5,False,39,True,False
vid_00201,TikTok,creator_0523,Cooking,16,2024-04-28,695,62053,0.0112,2,0,0,5.8,0.362,767,0.0,2,False,114,True,False
vid_00202,TikTok,creator_0175,Education,11,2024-12-01,800,42553,0.0188,8,1,0,1.9,0.173,248,0.0002,1,True,49,True,False
vid_00203,YouTube Shorts,creator_1140,Entertainment,35,2025-03-31,445,20506,0.0217,5,0,1,10.4,0.297,1062,0.0003,3,False,5,True,False
vid_00204,Instagram,creator_0842,Cooking,24,2025-05-31,105,21000,0.005,0,0,0,9.6,0.4,2943,0.0,2,False,28,True,False
vid_00205,Snapchat,creator_0106,Fitness,22,2025-04-11,255,18345,0.0139,1,1,0,15.6,0.709,4837,0.0001,3,False,13,True,False
vid_00206,Instagram,creator_0317,DIY,17,2024-06-23,4610,365873,0.0126,46,2,2,1.7,0.1,7009,0.0001,3,False,98,True,False
vid_00207,Instagram,creator_0236,Fitness,24,2025-03-21,414,35689,0.0116,1,1,0,12.7,0.529,2225,0.0001,0,False,5,True,False
vid_00208,Instagram,creator_1141,Entertainment,46,2025-04-18,309,6450,0.0479,0,2,1,14.1,0.307,679,0.0005,1,False,139,False,False
vid_00209,TikTok,creator_0370,Fitness,45,2025-06-29,842,47039,0.0179,6,0,1,18.1,0.402,564,0.0001,0,False,12,False,False
vid_00210,TikTok,creator_0372,Comedy,22,2025-03-15,5693,132395,0.043,46,5,1,4.9,0.223,5945,0.0004,2,False,53,True,False
vid_00211,YouTube Shorts,creator_0063,Education,12,2025-08-02,2387,139590,0.0171,7,1,0,2.1,0.175,587,0.0001,0,False,45,True,False
vid_00212,Instagram,creator_0323,Cooking,29,2024-08-30,634,20451,0.031,4,1,0,10.6,0.366,3196,0.0002,1,False,62,True,False
vid_00213,Instagram,creator_0174,Entertainment,39,2024-04-30,299,6139,0.0487,4,0,0,12.0,0.308,0,0.0007,4,False,32,True,False
vid_00214,Instagram,creator_0558,DIY,29,2025-05-29,705,46078,0.0153,2,1,1,9.6,0.331,1420,0.0001,1,False,32,True,False
vid_00215,TikTok,creator_0442,Music,34,2024-03-29,5377,264876,0.0203,26,2,1,7.3,0.215,15958,0.0001,2,False,42,True,False
vid_00216,Instagram,creator_0997,Music,28,2025-06-02,121,4898,0.0247,2,1,1,14.7,0.525,0,0.0008,3,False,126,True,False
vid_00217,Facebook Reels,creator_0113,Entertainment,28,2024-06-07,2806,111792,0.0251,22,3,0,7.8,0.279,5401,0.0002,1,False,99,True,False
vid_00218,TikTok,creator_0524,Fitness,10,2024-09-11,2806,55564,0.0505,55,2,0,1.0,0.1,1452,0.001,2,True,33,True,False
vid_00219,TikTok,creator_0265,Gaming,22,2025-02-17,243,11408,0.0213,0,0,0,2.8,0.127,2835,0.0,2,False,67,True,False
vid_00220,YouTube Shorts,creator_0726,Education,48,2024-11-04,38,2289,0.0166,0,0,0,6.3,0.131,1393,0.0,2,False,123,True,False
vid_00221,TikTok,creator_0160,Cooking,32,2025-03-23,1112,35414,0.0314,14,0,0,19.4,0.606,184,0.0004,5,False,69,True,False
vid_00222,Instagram,creator_0593,Education,34,2024-11-10,517,7503,0.0689,12,2,0,27.5,0.809,637,0.0019,2,True,46,True,False
vid_00223,YouTube Shorts,creator_0943,Cooking,32,2024-03-09,1349,69896,0.0193,17,2,0,15.7,0.491,0,0.0003,5,False,95,True,False
vid_00224,TikTok,creator_0821,Music,7,2024-03-02,1563,144722,0.0108,19,0,0,5.5,0.786,2776,0.0001,0,False,29,True,False
vid_00225,TikTok,creator_0683,Comedy,25,2024-02-29,5687,334529,0.017,20,3,1,2.8,0.112,13052,0.0001,0,False,49,True,False
vid_00226,Instagram,creator_0716,Cooking,24,2025-07-18,3303,146800,0.0225,48,0,3,5.6,0.233,1945,0.0003,1,False,37,True,False
vid_00227,TikTok,creator_0211,Comedy,30,2024-07-17,5734,139853,0.041,10,1,1,15.5,0.517,10002,0.0001,0,False,91,True,False
vid_00228,YouTube Shorts,creator_0155,Comedy,34,2025-05-02,489,51473,0.0095,10,1,0,13.1,0.385,866,0.0002,3,False,23,True,False
vid_00229,YouTube Shorts,creator_0920,News,42,2025-05-14,396,32195,0.0123,2,2,0,10.2,0.243,304,0.0001,3,False,29,True,False
vid_00230,YouTube Shorts,creator_0648,Comedy,33,2024-12-07,284,5451,0.0521,1,1,1,5.0,0.152,1690,0.0006,3,True,49,True,False
vid_00231,TikTok,creator_0563,News,21,2024-02-13,2481,88291,0.0281,23,1,0,3.3,0.157,5425,0.0003,1,False,71,True,False
vid_00232,Instagram,creator_0078,Entertainment,21,2024-10-13,273,13062,0.0209,2,0,0,7.5,0.357,0,0.0002,3,False,86,True,False
vid_00233,YouTube Shorts,creator_0185,News,18,2025-04-06,4706,136405,0.0345,19,4,1,3.1,0.172,7699,0.0002,1,False,109,True,False
vid_00234,Instagram,creator_0085,DIY,9,2025-03-20,770,70000,0.011,7,0,0,3.4,0.378,212,0.0001,1,False,52,True,False
vid_00235,Instagram,creator_0309,Entertainment,22,2024-12-15,677,22718,0.0298,15,0,0,17.4,0.791,126,0.0007,5,True,61,False,False
vid_00236,TikTok,creator_0173,Music,8,2025-05-16,257,15766,0.0163,0,1,0,7.3,0.912,0,0.0001,6,False,57,True,False
vid_00237,TikTok,creator_0900,Music,19,2025-02-10,2596,52128,0.0498,6,2,0,2.9,0.153,866,0.0002,4,False,5,True,False
vid_00238,Snapchat,creator_0794,Gaming,35,2024-09-19,103,3344,0.0308,0,0,1,16.3,0.466,601,0.0003,2,False,48,True,False
vid_00239,Instagram,creator_0686,Education,21,2024-09-13,46,3865,0.0119,0,0,0,6.6,0.314,0,0.0,4,True,91,True,False
vid_00240,TikTok,creator_0308,Cooking,18,2024-03-04,398,39800,0.01,2,1,1,4.3,0.239,0,0.0001,2,False,25,True,False
vid_00241,TikTok,creator_0803,Comedy,5,2025-04-07,1059,42874,0.0247,3,1,0,2.0,0.4,3457,0.0001,3,False,61,True,False
vid_00242,Instagram,creator_0673,Comedy,20,2025-06-04,5622,308901,0.0182,8,5,1,15.4,0.77,9271,0.0,3,False,28,False,False
vid_00243,Facebook Reels,creator_1079,Education,20,2025-05-16,1309,50346,0.026,0,0,0,6.5,0.325,2274,0.0,5,False,55,True,False
vid_00244,TikTok,creator_0633,Comedy,14,2024-06-15,622,124400,0.005,2,1,1,5.9,0.421,2642,0.0,2,False,58,True,False
vid_00245,TikTok,creator_0282,Comedy,18,2024-02-29,3623,166958,0.0217,13,1,1,2.6,0.144,13995,0.0001,3,False,141,False,False
vid_00246,Instagram,creator_1106,Music,9,2024-01-30,4998,248656,0.0201,22,3,2,5.4,0.6,2063,0.0001,0,False,43,False,False
vid_00247,Instagram,creator_0772,Comedy,35,2024-05-06,1272,72272,0.0176,16,2,0,19.0,0.543,386,0.0002,2,False,41,True,False
vid_00248,Instagram,creator_0340,DIY,45,2024-02-03,218,4257,0.0512,6,1,1,18.3,0.407,0,0.0019,1,False,5,True,False
vid_00249,TikTok,creator_0910,News,27,2024-08-09,1075,215000,0.005,6,1,0,4.7,0.174,2622,0.0,4,False,41,False,False
vid_00250,TikTok,creator_0490,Fitness,14,2024-12-30,1183,142530,0.0083,8,3,1,1.3,0.093,2200,0.0001,0,False,47,True,False
vid_00251,Instagram,creator_1169,DIY,23,2024-12-24,2923,146884,0.0199,4,1,0,12.8,0.557,347,0.0,3,False,34,True,False
vid_00252,Instagram,creator_0858,Comedy,25,2024-06-04,81,4475,0.0181,0,1,0,3.1,0.124,0,0.0002,1,False,183,True,False
vid_00253,TikTok,creator_0985,Cooking,27,2025-03-06,1319,94214,0.014,6,1,1,14.1,0.522,3326,0.0001,1,False,64,True,False
vid_00254,Instagram,creator_0256,Fitness,21,2024-03-06,2987,597400,0.005,21,0,2,6.0,0.286,3170,0.0,4,False,5,True,False
vid_00255,Snapchat,creator_0302,Gaming,25,2024-03-12,81,5159,0.0157,0,0,2,10.7,0.428,0,0.0004,1,False,71,True,False
vid_00256,Instagram,creator_0716,Entertainment,31,2024-11-18,314,62800,0.005,5,0,0,10.0,0.323,1151,0.0001,3,True,71,True,False
vid_00257,TikTok,creator_0168,Cooking,31,2024-06-23,18641,1096529,0.017,333,8,2,9.2,0.297,25716,0.0003,0,True,5,False,False
vid_00258,YouTube Shorts,creator_0687,Comedy,23,2024-04-16,1553,78832,0.0197,26,1,0,7.8,0.339,352,0.0003,2,True,40,False,False
vid_00259,Instagram,creator_0285,DIY,11,2024-12-14,96,2029,0.0473,0,1,0,6.0,0.545,2629,0.0005,0,False,56,False,False
vid_00260,TikTok,creator_0442,Comedy,8,2025-03-02,207,28356,0.0073,0,1,0,1.8,0.225,1689,0.0,0,False,93,True,False
vid_00261,TikTok,creator_0591,Beauty,26,2024-08-21,27,798,0.0338,1,1,0,1.0,0.038,0,0.0025,3,False,61,True,False
vid_00262,Instagram,creator_0937,Education,23,2024-03-27,2875,237603,0.0121,8,3,1,4.2,0.183,10612,0.0001,1,False,65,True,False
vid_00263,Instagram,creator_1056,News,29,2024-07-06,1592,33235,0.0479,3,3,1,25.9,0.893,1606,0.0002,2,False,80,True,False
vid_00264,TikTok,creator_0723,Beauty,10,2025-03-19,6831,388125,0.0176,15,7,1,4.0,0.4,5138,0.0001,0,False,64,True,False
vid_00265,TikTok,creator_0739,Education,24,2025-02-12,564,41167,0.0137,6,3,1,7.9,0.329,0,0.0002,1,False,43,False,False
vid_00266,Instagram,creator_0042,Gaming,38,2024-12-31,5608,509818,0.011,91,2,0,27.2,0.716,17382,0.0002,3,True,81,True,False
vid_00267,TikTok,creator_0034,Cooking,32,2024-02-22,8506,266645,0.0319,50,1,2,11.0,0.344,14905,0.0002,1,False,55,True,False
vid_00268,Instagram,creator_1192,Cooking,32,2024-04-13,1579,76280,0.0207,7,1,1,13.4,0.419,437,0.0001,2,True,26,True,False
vid_00269,YouTube Shorts,creator_0359,DIY,22,2025-06-24,318,5921,0.0537,2,0,0,3.2,0.145,3069,0.0003,1,False,98,True,False
vid_00270,TikTok,creator_0938,Entertainment,24,2024-08-15,3272,72549,0.0451,7,2,0,3.9,0.162,7088,0.0001,0,False,85,False,False
vid_00271,Snapchat,creator_0647,Fitness,23,2025-02-04,252,12292,0.0205,4,1,0,10.2,0.443,0,0.0004,1,False,7,False,False
vid_00272,Instagram,creator_0075,Beauty,40,2024-08-10,4459,118590,0.0376,6,3,1,7.8,0.195,6889,0.0001,1,False,44,False,False
vid_00273,YouTube Shorts,creator_0680,Fitness,10,2024-04-06,5630,760810,0.0074,23,3,1,2.7,0.27,15407,0.0,4,False,5,True,False
vid_00274,TikTok,creator_0901,Gaming,7,2024-09-20,985,35304,0.0279,4,0,1,1.0,0.143,0,0.0001,0,False,17,True,False
vid_00275,Instagram,creator_1064,Fitness,18,2024-03-05,2431,49410,0.0492,21,1,0,1.0,0.056,7220,0.0004,1,False,90,True,False
vid_00276,Instagram,creator_0370,Music,18,2024-08-16,1371,51156,0.0268,6,3,0,12.2,0.678,7818,0.0002,2,False,62,True,False
vid_00277,Instagram,creator_0628,DIY,31,2025-04-13,214,18608,0.0115,0,0,0,6.0,0.194,3122,0.0,3,False,105,True,False
vid_00278,TikTok,creator_0916,Entertainment,24,2025-07-18,1148,140000,0.0082,20,1,0,13.0,0.542,7130,0.0001,2,False,84,True,False
vid_00279,Facebook Reels,creator_0563,Entertainment,26,2024-02-28,751,49407,0.0152,11,0,0,7.8,0.3,1943,0.0002,1,False,89,True,False
vid_00280,Instagram,creator_0328,Entertainment,5,2024-04-20,752,16034,0.0469,10,0,0,3.8,0.76,0,0.0006,1,False,32,True,False
vid_00281,TikTok,creator_0259,Education,45,2024-07-02,119,5483,0.0217,0,2,2,23.0,0.511,2162,0.0007,2,False,92,True,False
vid_00282,TikTok,creator_1162,Entertainment,12,2025-04-14,4802,189055,0.0254,49,1,2,3.4,0.283,1672,0.0003,1,False,81,True,False
vid_00283,TikTok,creator_0910,Education,30,2025-03-21,276,19300,0.0143,1,0,2,19.8,0.66,3109,0.0002,0,False,96,True,False
vid_00284,TikTok,creator_0571,Beauty,20,2024-03-29,422,12161,0.0347,1,0,0,2.4,0.12,0,0.0001,0,True,83,True,False
vid_00285,Instagram,creator_1151,Education,23,2024-07-22,630,34054,0.0185,20,0,0,1.4,0.061,1624,0.0006,2,False,5,True,False
vid_00286,TikTok,creator_0585,DIY,39,2024-06-04,761,92804,0.0082,11,5,1,2.3,0.059,1719,0.0002,1,False,79,False,False
vid_00287,Instagram,creator_0912,Education,12,2025-06-13,10715,263267,0.0407,31,7,0,4.3,0.358,19660,0.0001,0,False,78,False,False
vid_00288,Instagram,creator_0133,Music,29,2025-02-25,2649,78141,0.0339,10,1,0,5.4,0.186,1138,0.0001,2,False,77,True,False
vid_00289,TikTok,creator_0357,Cooking,23,2025-01-30,6498,232903,0.0279,112,5,2,4.8,0.209,17777,0.0005,2,False,106,False,False
vid_00290,YouTube Shorts,creator_0485,DIY,28,2024-01-21,570,114000,0.005,20,1,0,3.9,0.139,0,0.0002,2,False,5,True,False
vid_00291,Instagram,creator_1130,Comedy,16,2025-04-20,1481,37974,0.039,20,0,0,14.6,0.912,4820,0.0005,2,False,120,True,False
vid_00292,TikTok,creator_0981,Music,29,2024-11-15,1591,93040,0.0171,2,2,0,5.9,0.203,0,0.0,2,False,84,False,False
vid_00293,TikTok,creator_0650,Education,43,2024-12-15,3147,357613,0.0088,11,2,1,16.9,0.393,4648,0.0,1,False,64,True,False
vid_00294,TikTok,creator_1130,News,24,2024-05-21,493,20204,0.0244,4,0,1,16.7,0.696,1541,0.0002,1,False,30,True,False
vid_00295,Instagram,creator_0114,Education,7,2025-02-06,185,5987,0.0309,1,1,0,1.7,0.243,0,0.0003,2,False,118,True,False
vid_00296,TikTok,creator_0462,Cooking,22,2025-02-07,6100,282407,0.0216,47,5,2,12.3,0.559,19778,0.0002,0,False,116,False,False
vid_00297,TikTok,creator_1129,Fitness,29,2024-04-07,595,19444,0.0306,0,0,1,2.9,0.1,2392,0.0001,3,False,102,True,False
vid_00298,TikTok,creator_0346,News,24,2025-03-27,1245,36617,0.034,0,2,0,20.4,0.85,5911,0.0001,3,False,108,True,False
vid_00299,YouTube Shorts,creator_0692,News,25,2024-02-01,1203,98606,0.0122,2,1,1,7.3,0.292,903,0.0,0,False,23,True,False
vid_00300,TikTok,creator_1182,Fitness,31,2025-05-20,601,120200,0.005,3,0,0,6.9,0.223,0,0.0,2,False,5,True,False
vid_00301,Instagram,creator_0063,DIY,24,2025-05-02,831,49760,0.0167,5,0,0,5.1,0.212,0,0.0001,0,False,157,True,False
vid_00302,TikTok,creator_0502,Gaming,29,2024-08-19,1270,41503,0.0306,7,0,1,24.0,0.828,3083,0.0002,4,False,28,True,False
vid_00303,TikTok,creator_0852,DIY,32,2024-12-26,5353,849682,0.0063,66,2,0,4.1,0.128,11767,0.0001,2,False,69,True,False
vid_00304,TikTok,creator_0654,Cooking,16,2024-11-05,404,28652,0.0141,9,0,0,4.9,0.306,0,0.0003,1,False,32,True,False
vid_00305,Instagram,creator_0654,Beauty,36,2024-12-28,6063,204831,0.0296,107,2,1,29.8,0.828,9045,0.0005,4,False,49,True,False
vid_00306,TikTok,creator_0104,Fitness,21,2024-10-25,6432,182727,0.0352,3,2,1,5.3,0.252,8156,0.0,2,False,166,True,False
vid_00307,Facebook Reels,creator_0328,Cooking,25,2025-03-24,6546,293542,0.0223,18,1,2,10.5,0.42,7696,0.0001,3,False,48,True,False
vid_00308,TikTok,creator_1055,DIY,18,2025-01-22,147,10970,0.0134,0,0,2,8.1,0.45,0,0.0002,4,False,50,True,False
vid_00309,TikTok,creator_0806,Music,29,2024-12-21,1846,182772,0.0101,16,1,0,4.3,0.148,1847,0.0001,3,False,70,True,False
vid_00310,TikTok,creator_0104,Fitness,22,2025-01-19,4368,404444,0.0108,19,2,2,2.7,0.123,1034,0.0001,4,False,5,False,False
vid_00311,Instagram,creator_0586,Music,9,2024-01-07,3182,636400,0.005,13,3,1,4.6,0.511,5435,0.0,2,False,5,True,False
vid_00312,Snapchat,creator_0750,Gaming,42,2024-10-11,1509,37444,0.0403,36,0,0,18.0,0.429,0,0.001,2,True,48,True,False
vid_00313,Instagram,creator_0743,Music,35,2024-08-12,43,4725,0.0091,0,0,1,23.6,0.674,2661,0.0002,3,True,44,True,False
vid_00314,YouTube Shorts,creator_0573,News,32,2025-06-12,64,2529,0.0253,0,0,2,7.1,0.222,0,0.0008,2,False,30,True,False
vid_00315,TikTok,creator_0765,Cooking,5,2025-03-09,613,32780,0.0187,10,0,1,1.4,0.28,0,0.0003,1,False,102,True,False
vid_00316,TikTok,creator_1043,Gaming,19,2025-01-23,3037,66310,0.0458,10,3,1,10.7,0.563,7051,0.0002,2,True,66,True,False
vid_00317,YouTube Shorts,creator_0971,Music,11,2024-12-20,16650,407090,0.0409,17,12,3,3.6,0.327,16610,0.0001,2,False,45,False,False
vid_00318,TikTok,creator_0653,Comedy,5,2024-11-01,104,3239,0.0321,1,1,1,2.3,0.46,2462,0.0009,1,False,67,True,False
vid_00319,TikTok,creator_0689,Music,16,2025-01-30,70,4666,0.015,0,1,0,9.2,0.575,664,0.0002,4,False,5,True,False
vid_00320,TikTok,creator_0035,Cooking,22,2024-09-14,854,67777,0.0126,4,1,1,5.2,0.236,1648,0.0001,2,False,118,False,False
vid_00321,Instagram,creator_0055,News,17,2025-01-03,148,4900,0.0302,1,0,0,13.0,0.765,0,0.0002,2,False,41,True,False
vid_00322,Facebook Reels,creator_1185,News,33,2024-06-25,255,20901,0.0122,7,0,1,24.8,0.752,0,0.0004,4,False,86,True,False
vid_00323,TikTok,creator_0779,Comedy,30,2025-06-12,154,30800,0.005,0,0,1,16.3,0.543,0,0.0,3,False,78,True,False
vid_00324,YouTube Shorts,creator_0391,Entertainment,18,2024-12-08,267,16380,0.0163,4,0,0,13.1,0.728,3248,0.0002,2,False,107,True,False
vid_00325,Instagram,creator_0841,Music,31,2025-04-19,1225,109375,0.0112,19,0,0,21.9,0.706,5234,0.0002,0,False,29,False,False
vid_00326,YouTube Shorts,creator_0128,Comedy,24,2025-02-06,97,3003,0.0323,1,1,1,3.3,0.137,1438,0.001,1,False,27,True,False
vid_00327,Instagram,creator_1077,Gaming,30,2024-08-31,732,59999,0.0122,1,0,1,17.4,0.58,301,0.0,0,False,56,True,False
vid_00328,Instagram,creator_1119,Cooking,42,2025-06-08,30,1045,0.0287,0,3,0,14.2,0.338,440,0.0029,3,False,129,True,False
vid_00329,Instagram,creator_0542,News,26,2025-01-11,3660,377319,0.0097,61,1,0,5.4,0.208,5488,0.0002,2,False,99,True,False
vid_00330,Instagram,creator_0461,Fitness,24,2024-08-12,814,103037,0.0079,6,1,0,12.7,0.529,3304,0.0001,3,False,137,True,False
vid_00331,Instagram,creator_0983,Cooking,25,2025-03-11,7288,428705,0.017,90,1,0,2.4,0.096,5578,0.0002,1,False,14,False,False
vid_00332,TikTok,creator_0250,News,26,2025-06-09,482,10904,0.0442,1,0,0,2.9,0.112,1708,0.0001,4,False,95,False,False
vid_00333,TikTok,creator_0707,Comedy,35,2024-08-13,1985,80691,0.0246,8,0,0,9.3,0.266,1043,0.0001,1,True,44,False,False
vid_00334,TikTok,creator_0906,Fitness,24,2025-08-03,1598,84550,0.0189,21,0,0,4.7,0.196,0,0.0002,1,False,79,True,False
vid_00335,Instagram,creator_1152,Fitness,35,2024-04-16,279,47288,0.0059,0,1,0,1.5,0.043,1596,0.0,1,True,37,True,False
vid_00336,TikTok,creator_0104,Music,36,2024-06-24,592,118400,0.005,0,2,0,12.2,0.339,0,0.0,2,False,32,True,False
vid_00337,TikTok,creator_0968,Education,22,2025-06-13,3,222,0.0135,0,0,1,2.3,0.105,0,0.0045,2,False,118,True,False
vid_00338,Instagram,creator_0324,Gaming,13,2025-05-22,4536,121283,0.0374,41,4,3,2.4,0.185,8755,0.0004,3,False,33,False,False
vid_00339,Instagram,creator_0409,Fitness,9,2024-09-06,9124,396695,0.023,99,7,4,2.7,0.3,14266,0.0003,5,False,63,True,False
vid_00340,YouTube Shorts,creator_1176,Beauty,38,2025-02-19,116,3905,0.0297,1,1,0,23.3,0.613,0,0.0005,3,False,23,False,False
vid_00341,TikTok,creator_0359,Gaming,36,2024-05-16,682,11404,0.0598,16,3,0,11.3,0.314,1183,0.0017,1,False,26,True,False
vid_00342,YouTube Shorts,creator_1015,Comedy,39,2025-08-04,294,58800,0.005,3,2,1,20.3,0.521,3833,0.0001,2,False,45,False,False
vid_00343,YouTube Shorts,creator_0019,Fitness,31,2025-03-17,711,41337,0.0172,11,0,0,4.8,0.155,0,0.0003,5,False,19,False,False
vid_00344,TikTok,creator_0931,Music,16,2025-02-11,159,3022,0.0526,1,1,0,1.2,0.075,0,0.0007,1,False,36,False,False
vid_00345,YouTube Shorts,creator_0959,Fitness,28,2024-05-29,132,26400,0.005,0,1,0,12.7,0.454,0,0.0,1,False,5,True,False
vid_00346,YouTube Shorts,creator_0527,Comedy,13,2024-01-11,2042,56408,0.0362,6,0,0,7.1,0.546,1106,0.0001,0,False,32,False,False
vid_00347,Instagram,creator_0396,Comedy,29,2025-04-19,8928,433398,0.0206,76,5,5,1.0,0.034,6925,0.0002,1,False,63,False,False
vid_00348,YouTube Shorts,creator_1056,Cooking,20,2024-03-08,455,13787,0.033,13,1,1,1.6,0.08,128,0.0011,1,False,91,True,False
vid_00349,Facebook Reels,creator_0978,Cooking,20,2024-07-11,200,4310,0.0464,3,0,0,3.3,0.165,0,0.0007,2,True,39,True,False
vid_00350,TikTok,creator_0547,Cooking,17,2024-08-22,1563,54459,0.0287,8,0,0,1.0,0.059,4378,0.0001,5,False,143,True,False
vid_00351,TikTok,creator_0737,Beauty,21,2024-02-18,5707,594479,0.0096,64,2,1,7.5,0.357,13930,0.0001,1,False,62,True,False
vid_00352,TikTok,creator_1030,Fitness,20,2025-06-20,12126,228361,0.0531,22,5,1,3.9,0.195,26888,0.0001,2,True,24,False,False
vid_00353,TikTok,creator_0453,Beauty,25,2024-04-13,691,47006,0.0147,11,1,0,3.9,0.156,473,0.0003,3,False,86,True,False
vid_00354,Facebook Reels,creator_0766,Gaming,28,2025-06-29,9272,501189,0.0185,26,2,2,5.4,0.193,24504,0.0001,4,False,60,True,False
vid_00355,Instagram,creator_0448,Beauty,5,2025-06-12,370,40217,0.0092,5,2,0,1.0,0.2,0,0.0002,0,False,27,False,False
vid_00356,TikTok,creator_0915,Music,36,2025-06-30,165,11148,0.0148,0,1,1,12.0,0.333,0,0.0002,2,False,20,False,False
vid_00357,TikTok,creator_1122,Music,18,2024-06-06,338,67600,0.005,6,0,1,3.4,0.189,416,0.0001,3,False,29,True,False
vid_00358,TikTok,creator_1066,DIY,42,2024-03-31,3485,75760,0.046,83,2,0,8.5,0.202,2161,0.0011,3,False,57,True,False
vid_00359,Instagram,creator_1046,DIY,25,2024-02-13,1302,112241,0.0116,5,0,0,20.1,0.804,4751,0.0,2,False,39,True,False
vid_00360,Instagram,creator_0119,Music,27,2024-12-25,11810,160461,0.0736,91,5,2,25.0,0.926,7343,0.0006,2,False,49,True,False
vid_00361,TikTok,creator_0522,Entertainment,45,2025-08-02,80,3720,0.0215,0,1,2,5.1,0.113,0,0.0008,1,False,101,True,False
vid_00362,TikTok,creator_0131,Music,32,2024-02-16,1442,103000,0.014,12,0,1,6.4,0.2,3055,0.0001,1,False,5,True,False
vid_00363,Snapchat,creator_0065,Fitness,31,2024-11-13,26907,1245694,0.0216,569,17,2,11.5,0.371,45126,0.0005,2,False,23,True,False
vid_00364,Instagram,creator_0861,Cooking,51,2024-10-24,1615,70833,0.0228,7,1,1,25.5,0.5,2085,0.0001,4,False,21,False,False
vid_00365,TikTok,creator_0165,Music,11,2024-04-13,1391,76010,0.0183,4,2,0,1.4,0.127,1778,0.0001,1,False,84,True,False
vid_00366,TikTok,creator_1101,Gaming,13,2025-02-14,812,25696,0.0316,14,3,0,5.3,0.408,2427,0.0007,3,False,166,False,False
vid_00367,YouTube Shorts,creator_0047,Fitness,36,2024-12-25,291,11149,0.0261,1,1,0,7.4,0.206,1846,0.0002,3,False,144,True,False
vid_00368,Instagram,creator_0471,Beauty,11,2024-12-23,4053,221475,0.0183,35,3,0,3.3,0.3,997,0.0002,0,False,66,True,False
vid_00369,Snapchat,creator_0232,Entertainment,26,2025-05-27,1055,131875,0.008,8,1,3,9.2,0.354,3467,0.0001,1,False,73,True,False
vid_00370,Snapchat,creator_0033,Beauty,31,2024-06-09,81,2432,0.0333,1,1,0,13.1,0.423,0,0.0008,4,True,136,True,False
vid_00371,TikTok,creator_0100,Beauty,11,2025-07-29,26210,3798550,0.0069,129,17,7,9.5,0.864,24715,0.0,4,True,22,True,False
vid_00372,Instagram,creator_0116,Comedy,37,2025-01-26,397,21933,0.0181,12,0,2,18.8,0.508,3269,0.0006,1,False,80,True,False
vid_00373,Snapchat,creator_1180,Cooking,33,2025-03-24,4938,238550,0.0207,48,2,0,28.2,0.855,11487,0.0002,3,False,43,True,False
vid_00374,TikTok,creator_0619,Comedy,32,2025-05-27,4840,214159,0.0226,9,4,1,6.9,0.216,14184,0.0001,3,False,134,True,False
vid_00375,TikTok,creator_1141,News,5,2025-07-25,358,23398,0.0153,2,1,1,2.7,0.54,106,0.0002,3,False,105,True,False
vid_00376,TikTok,creator_1016,Entertainment,22,2024-09-24,178,7447,0.0239,2,0,1,5.4,0.245,1637,0.0004,2,False,120,True,False
vid_00377,YouTube Shorts,creator_0653,Gaming,36,2024-11-13,184,13237,0.0139,1,1,0,5.2,0.144,0,0.0002,2,False,133,True,False
vid_00378,YouTube Shorts,creator_0970,Beauty,33,2024-06-24,539,13275,0.0406,6,2,0,10.0,0.303,0,0.0006,4,False,111,True,False
vid_00379,YouTube Shorts,creator_0119,Music,49,2024-11-16,1673,52943,0.0316,25,1,1,35.7,0.729,57,0.0005,0,False,68,True,False
vid_00380,TikTok,creator_0498,Fitness,40,2024-06-06,428,20980,0.0204,3,1,0,3.7,0.092,1348,0.0002,2,False,82,True,False
vid_00381,TikTok,creator_0760,Education,34,2025-02-20,4078,172067,0.0237,2,2,0,7.3,0.215,3501,0.0,5,False,5,True,False
vid_00382,TikTok,creator_0081,Education,24,2024-05-26,709,102753,0.0069,5,0,1,13.5,0.562,3471,0.0001,4,False,41,True,False
vid_00383,Instagram,creator_0445,DIY,19,2024-06-11,156,4345,0.0359,1,5,1,3.4,0.179,0,0.0016,2,False,39,True,False
vid_00384,Facebook Reels,creator_0032,Beauty,33,2024-05-27,8183,212545,0.0385,15,9,6,1.6,0.048,11626,0.0001,1,False,44,True,False
vid_00385,Facebook Reels,creator_0981,Beauty,18,2025-06-24,503,8086,0.0622,3,0,1,8.3,0.461,2752,0.0005,0,False,116,True,False
vid_00386,Snapchat,creator_1131,Cooking,19,2024-08-07,841,36250,0.0232,4,1,1,5.1,0.268,2900,0.0002,2,False,8,True,False
vid_00387,TikTok,creator_0536,Cooking,11,2025-02-02,1452,57619,0.0252,10,1,1,1.5,0.136,5633,0.0002,1,False,89,True,False
vid_00388,YouTube Shorts,creator_0962,Cooking,9,2024-06-06,2707,160177,0.0169,14,1,1,1.0,0.111,4498,0.0001,0,False,45,True,False
vid_00389,Instagram,creator_0454,Comedy,26,2024-01-13,1136,54615,0.0208,3,1,0,2.5,0.096,0,0.0001,3,False,98,False,False
vid_00390,Instagram,creator_0856,Fitness,22,2024-04-28,2290,134705,0.017,66,3,1,9.0,0.409,6283,0.0005,4,False,56,True,False
vid_00391,Instagram,creator_0504,DIY,33,2025-03-03,764,37450,0.0204,3,2,0,12.9,0.391,4150,0.0001,2,False,53,True,False
vid_00392,TikTok,creator_1001,DIY,13,2024-12-23,793,139122,0.0057,1,1,1,3.9,0.3,4020,0.0,3,False,5,False,False
vid_00393,TikTok,creator_1120,DIY,23,2024-05-22,1444,94379,0.0153,8,1,2,19.8,0.861,2489,0.0001,0,False,5,True,False
vid_00394,Instagram,creator_0121,Music,18,2024-01-27,817,15833,0.0516,1,2,0,8.2,0.456,1459,0.0002,2,False,46,True,False
vid_00395,YouTube Shorts,creator_0100,Entertainment,13,2024-11-16,199,6419,0.031,1,0,1,5.4,0.415,0,0.0003,2,False,47,True,False
vid_00396,TikTok,creator_0310,Entertainment,23,2024-06-18,6040,251666,0.024,46,1,1,2.1,0.091,9372,0.0002,1,False,102,True,False
vid_00397,Instagram,creator_0990,DIY,21,2024-01-13,1121,37617,0.0298,2,3,0,7.7,0.367,4047,0.0001,2,True,64,True,False
vid_00398,TikTok,creator_1085,Fitness,18,2025-02-20,3921,184952,0.0212,12,2,0,4.4,0.244,107,0.0001,0,False,114,True,False
vid_00399,YouTube Shorts,creator_0882,Comedy,31,2024-03-24,6055,208075,0.0291,90,5,0,9.7,0.313,9604,0.0005,0,False,73,True,False
vid_00400,TikTok,creator_1079,Fitness,18,2024-10-02,6028,149950,0.0402,32,4,3,2.5,0.139,160,0.0003,3,False,30,True,False
vid_00401,TikTok,creator_0832,DIY,30,2025-03-14,1349,170759,0.0079,12,0,0,5.9,0.197,1140,0.0001,1,False,5,True,False
vid_00402,TikTok,creator_0166,Entertainment,7,2024-03-13,1131,76418,0.0148,6,1,0,1.6,0.229,1853,0.0001,5,False,29,True,False
vid_00403,Instagram,creator_0020,Comedy,16,2024-03-05,16050,775362,0.0207,27,5,4,6.3,0.394,14842,0.0,3,False,101,True,False
vid_00404,YouTube Shorts,creator_1159,Education,20,2025-02-14,670,23426,0.0286,5,0,0,1.0,0.05,2090,0.0002,0,False,48,True,False
vid_00405,Snapchat,creator_1161,DIY,20,2024-07-29,335,15296,0.0219,7,1,1,9.6,0.48,0,0.0006,0,True,12,True,False
vid_00406,Snapchat,creator_1113,News,21,2025-05-26,125,8278,0.0151,0,1,2,8.0,0.381,0,0.0004,4,True,115,False,False
vid_00407,TikTok,creator_0425,News,29,2024-04-21,1152,112941,0.0102,7,3,2,8.8,0.303,2806,0.0001,4,False,136,True,False
vid_00408,TikTok,creator_0158,Fitness,14,2024-05-06,1044,91578,0.0114,0,1,0,3.3,0.236,3413,0.0,4,False,51,True,False
vid_00409,YouTube Shorts,creator_1108,Cooking,24,2024-10-25,1439,63114,0.0228,15,0,0,2.2,0.092,2853,0.0002,1,False,45,True,False
vid_00410,Facebook Reels,creator_0161,Music,19,2025-08-02,487,19716,0.0247,5,2,0,2.9,0.153,2566,0.0004,1,False,54,True,False
vid_00411,TikTok,creator_0156,Cooking,15,2025-04-15,89,4863,0.0183,1,1,0,4.8,0.32,411,0.0004,0,False,53,False,False
vid_00412,TikTok,creator_0669,Entertainment,32,2025-05-07,339,11649,0.0291,3,0,0,2.4,0.075,370,0.0003,0,False,69,False,False
vid_00413,Instagram,creator_0729,Music,29,2024-10-18,13655,2731000,0.005,153,9,2,6.9,0.238,22166,0.0001,0,False,126,True,False
vid_00414,Instagram,creator_0176,News,30,2024-08-17,1255,24134,0.052,3,2,0,1.0,0.033,6811,0.0002,0,False,107,True,False
vid_00415,TikTok,creator_0316,Gaming,33,2025-07-06,109,1624,0.0671,1,1,0,15.8,0.479,2116,0.0012,1,False,98,True,False
vid_00416,TikTok,creator_0739,Education,24,2024-03-12,1066,84603,0.0126,6,1,1,8.2,0.342,4025,0.0001,1,True,140,True,False
vid_00417,TikTok,creator_0553,Education,21,2024-04-12,303,14567,0.0208,0,0,0,10.4,0.495,0,0.0,1,True,58,True,False
vid_00418,Instagram,creator_1050,Gaming,23,2024-03-21,348,56129,0.0062,0,1,2,8.2,0.357,3240,0.0001,3,True,158,True,False
vid_00419,TikTok,creator_0665,Gaming,34,2024-01-10,5929,158954,0.0373,70,3,0,19.7,0.579,6462,0.0005,5,False,100,True,False
vid_00420,TikTok,creator_1146,Beauty,18,2025-03-20,1779,202159,0.0088,5,0,0,2.7,0.15,2213,0.0,0,False,104,True,False
vid_00421,TikTok,creator_0551,Fitness,31,2024-07-27,1493,298600,0.005,27,0,0,8.5,0.274,6759,0.0001,2,False,85,True,False
vid_00422,TikTok,creator_0863,Fitness,39,2025-01-11,212,42400,0.005,1,2,1,8.4,0.215,3543,0.0001,3,False,83,True,False
vid_00423,Snapchat,creator_1016,News,25,2025-04-23,2612,466428,0.0056,40,2,0,18.4,0.736,3700,0.0001,1,False,55,True,False
vid_00424,TikTok,creator_0811,Cooking,28,2025-04-26,11357,2271400,0.005,82,6,2,5.2,0.186,9946,0.0,1,False,41,False,False
vid_00425,TikTok,creator_0882,News,35,2024-04-15,3780,700000,0.0054,31,2,0,6.2,0.177,1372,0.0,5,False,64,True,False
vid_00426,Instagram,creator_0982,Cooking,12,2024-05-17,3685,361274,0.0102,32,2,0,1.7,0.142,5031,0.0001,2,False,110,False,False
vid_00427,TikTok,creator_1006,News,26,2024-07-07,5231,160460,0.0326,7,6,1,6.9,0.265,5867,0.0001,1,False,5,True,False
vid_00428,YouTube Shorts,creator_0748,Education,14,2025-03-13,297,48688,0.0061,5,0,0,9.3,0.664,621,0.0001,1,False,80,False,False
vid_00429,TikTok,creator_1127,Entertainment,30,2025-07-18,2727,257264,0.0106,46,1,1,14.3,0.477,1059,0.0002,3,False,77,True,False
vid_00430,TikTok,creator_0597,Education,34,2024-11-13,760,122580,0.0062,8,1,0,9.3,0.274,1413,0.0001,0,False,124,True,False
vid_00431,TikTok,creator_0518,Comedy,34,2025-07-09,4892,292934,0.0167,134,4,2,2.5,0.074,9134,0.0005,0,False,5,True,False
vid_00432,TikTok,creator_0982,News,35,2024-11-07,1181,57053,0.0207,8,2,0,2.6,0.074,693,0.0002,2,False,52,False,False
vid_00433,YouTube Shorts,creator_0857,Music,38,2024-01-29,4396,320875,0.0137,26,1,3,11.7,0.308,12172,0.0001,2,False,62,True,False
vid_00434,Snapchat,creator_1100,News,17,2025-05-10,254,22086,0.0115,3,0,0,4.3,0.253,1988,0.0001,1,False,90,True,False
vid_00435,TikTok,creator_0728,Comedy,16,2025-05-17,1128,27647,0.0408,1,0,0,9.9,0.619,2354,0.0,3,False,96,True,False
vid_00436,Instagram,creator_0819,Cooking,33,2024-11-30,133,6683,0.0199,6,2,2,1.7,0.052,0,0.0015,2,True,5,True,False
vid_00437,TikTok,creator_1063,Music,20,2025-03-26,673,85189,0.0079,3,5,0,3.0,0.15,824,0.0001,1,False,79,True,False
vid_00438,TikTok,creator_0949,News,10,2025-06-20,1371,157586,0.0087,8,0,0,2.3,0.23,3446,0.0001,1,False,10,True,False
vid_00439,TikTok,creator_0215,Fitness,43,2024-11-19,9904,354982,0.0279,103,7,1,6.6,0.153,19654,0.0003,5,False,32,True,False
vid_00440,YouTube Shorts,creator_0291,Cooking,43,2024-08-30,374,33392,0.0112,0,0,0,8.5,0.198,1016,0.0,1,False,18,False,False
vid_00441,Instagram,creator_0714,DIY,16,2024-03-16,707,117833,0.006,2,1,0,2.9,0.181,112,0.0,3,False,25,True,False
vid_00442,TikTok,creator_0615,Entertainment,30,2025-07-06,7626,573383,0.0133,146,3,3,6.1,0.203,11420,0.0003,1,True,29,False,False
vid_00443,Instagram,creator_0337,Beauty,22,2025-02-04,399,6627,0.0602,4,4,1,18.2,0.827,976,0.0014,1,False,65,True,False
vid_00444,Instagram,creator_0947,Beauty,23,2024-11-10,3215,257200,0.0125,26,0,0,8.6,0.374,6280,0.0001,2,False,106,True,False
vid_00445,Instagram,creator_0811,Entertainment,23,2025-07-26,98,7368,0.0133,0,3,2,5.8,0.252,1831,0.0007,3,False,42,True,False
vid_00446,Instagram,creator_0797,Entertainment,24,2025-07-01,1169,60257,0.0194,1,1,0,7.0,0.292,2593,0.0,4,False,62,True,False
vid_00447,YouTube Shorts,creator_0129,News,28,2024-03-20,2603,179517,0.0145,12,2,0,12.1,0.432,5196,0.0001,1,False,60,True,False
vid_00448,TikTok,creator_0404,DIY,28,2024-03-29,856,67936,0.0126,25,0,0,5.9,0.211,3993,0.0004,2,False,65,False,False
vid_00449,Instagram,creator_0642,News,29,2024-10-28,2504,133903,0.0187,13,1,0,11.5,0.397,8637,0.0001,1,False,41,True,False
vid_00450,TikTok,creator_0938,News,5,2024-05-14,386,14789,0.0261,2,1,0,1.0,0.2,0,0.0002,0,False,22,True,False
vid_00451,TikTok,creator_0174,Comedy,26,2024-08-31,18268,2502465,0.0073,152,5,2,8.8,0.338,19502,0.0001,2,True,46,True,False
vid_00452,TikTok,creator_0290,Music,23,2024-10-28,153,9161,0.0167,0,0,0,4.8,0.209,0,0.0,5,False,127,True,False
vid_00453,TikTok,creator_0381,DIY,44,2025-05-08,34,1666,0.0204,0,2,0,3.4,0.077,260,0.0012,4,False,40,False,False
vid_00454,Snapchat,creator_0355,Music,10,2024-05-09,427,20528,0.0208,8,1,0,3.7,0.37,1154,0.0004,1,False,130,True,False
vid_00455,TikTok,creator_0924,News,23,2024-02-11,48,3529,0.0136,0,1,3,4.4,0.191,0,0.0011,3,False,6,False,False
vid_00456,Instagram,creator_0400,Gaming,31,2025-03-12,2726,545200,0.005,19,2,0,4.2,0.135,7497,0.0,5,False,6,True,False
vid_00457,Instagram,creator_0852,DIY,23,2025-01-14,1099,44314,0.0248,3,0,0,6.1,0.265,5393,0.0001,4,False,24,True,False
vid_00458,YouTube Shorts,creator_0452,Fitness,9,2024-01-26,5807,121485,0.0478,22,3,1,2.2,0.244,2649,0.0002,2,False,74,True,False
vid_00459,TikTok,creator_0937,News,28,2025-07-30,7186,347149,0.0207,164,4,1,3.9,0.139,7876,0.0005,1,False,35,True,False
vid_00460,Instagram,creator_1173,Education,24,2024-07-27,158,12153,0.013,0,0,1,10.8,0.45,3121,0.0001,4,False,25,False,False
vid_00461,TikTok,creator_0086,DIY,13,2025-02-28,1469,85906,0.0171,2,0,1,6.2,0.477,0,0.0,2,False,40,True,False
vid_00462,YouTube Shorts,creator_0507,Fitness,13,2024-01-26,3708,93873,0.0395,49,0,0,1.0,0.077,9681,0.0005,1,False,138,True,False
vid_00463,YouTube Shorts,creator_0900,Education,28,2024-07-03,613,40065,0.0153,11,0,1,7.9,0.282,0,0.0003,4,False,5,True,False
vid_00464,Instagram,creator_0877,Comedy,49,2025-04-23,895,162727,0.0055,16,0,1,8.0,0.163,1496,0.0001,3,False,50,True,False
vid_00465,TikTok,creator_0122,News,28,2024-09-29,4012,93738,0.0428,7,1,0,4.2,0.15,11058,0.0001,3,False,160,True,False
vid_00466,TikTok,creator_0600,Fitness,42,2025-03-20,361,18418,0.0196,9,0,0,20.8,0.495,2717,0.0005,2,False,54,False,False
vid_00467,Facebook Reels,creator_0196,Comedy,10,2025-08-05,590,10573,0.0558,9,1,0,1.0,0.1,499,0.0009,2,False,54,False,False
vid_00468,Facebook Reels,creator_0260,Comedy,23,2024-07-12,2106,90000,0.0234,15,2,1,2.6,0.113,2728,0.0002,3,False,30,True,False
vid_00469,TikTok,creator_0805,DIY,33,2024-04-20,13746,974893,0.0141,72,12,4,10.0,0.303,24900,0.0001,1,False,99,True,False
vid_00470,TikTok,creator_0926,Education,33,2025-05-07,4,126,0.0317,0,0,0,19.1,0.579,0,0.0,4,False,88,True,False
vid_00471,TikTok,creator_0570,Cooking,12,2024-12-19,181,4945,0.0366,1,1,0,4.7,0.392,1893,0.0004,2,False,29,True,False
vid_00472,TikTok,creator_0191,DIY,21,2025-05-08,1057,30199,0.035,18,2,1,14.0,0.667,1701,0.0007,0,False,24,True,False
vid_00473,TikTok,creator_1095,Gaming,33,2024-06-18,6186,1104642,0.0056,34,2,0,7.6,0.23,8385,0.0,2,False,11,False,False
vid_00474,Instagram,creator_0662,Fitness,19,2024-09-19,359,71800,0.005,6,1,2,2.9,0.153,4159,0.0001,1,False,16,True,False
vid_00475,YouTube Shorts,creator_0704,Entertainment,20,2024-02-05,21189,1210800,0.0175,174,9,7,8.8,0.44,39227,0.0002,3,True,97,False,False
vid_00476,Instagram,creator_0255,Comedy,45,2024-12-08,526,38115,0.0138,8,0,1,16.4,0.364,977,0.0002,2,False,107,False,False
vid_00477,TikTok,creator_0271,Fitness,20,2024-05-03,2590,470909,0.0055,6,0,0,4.8,0.24,7267,0.0,2,False,105,False,False
vid_00478,TikTok,creator_0739,Fitness,36,2024-03-05,3671,239934,0.0153,34,4,0,29.4,0.817,4798,0.0002,0,False,25,False,False
vid_00479,TikTok,creator_0812,Fitness,32,2025-07-17,4798,247319,0.0194,40,2,0,6.7,0.209,11076,0.0002,1,False,45,True,False
vid_00480,Instagram,creator_0195,Entertainment,34,2024-06-14,615,17774,0.0346,3,1,3,4.9,0.144,951,0.0004,2,False,32,True,False
vid_00481,TikTok,creator_0912,Entertainment,16,2024-01-07,134,3573,0.0375,0,1,0,1.0,0.062,0,0.0003,1,False,18,False,False
vid_00482,Facebook Reels,creator_0865,Comedy,40,2025-01-06,206,13552,0.0152,5,2,1,9.2,0.23,1486,0.0006,2,True,17,True,False
vid_00483,YouTube Shorts,creator_0210,Education,31,2024-08-31,54,3529,0.0153,1,2,2,21.3,0.687,0,0.0014,2,False,100,True,False
vid_00484,TikTok,creator_0273,Comedy,28,2024-02-23,7046,256218,0.0275,56,4,1,11.9,0.425,3271,0.0002,1,False,5,True,False
vid_00485,Instagram,creator_0902,Cooking,31,2025-07-15,19713,544558,0.0362,320,8,2,9.6,0.31,27747,0.0006,2,False,48,True,False
vid_00486,Snapchat,creator_0907,Beauty,35,2024-03-08,2637,80396,0.0328,18,2,1,3.9,0.111,6728,0.0003,1,False,58,True,False
vid_00487,TikTok,creator_0787,Cooking,29,2024-11-29,16051,694848,0.0231,109,7,3,18.9,0.652,27366,0.0002,3,False,86,True,False
vid_00488,TikTok,creator_0173,Beauty,29,2025-03-05,500,11820,0.0423,16,1,1,13.4,0.462,928,0.0015,3,False,49,True,False
vid_00489,TikTok,creator_0055,Fitness,21,2024-06-08,2959,167175,0.0177,19,2,1,3.6,0.171,2736,0.0001,1,False,91,True,False
vid_00490,YouTube Shorts,creator_0606,Entertainment,32,2024-07-04,3793,244709,0.0155,5,1,0,16.3,0.509,9612,0.0,0,False,137,True,False
vid_00491,Instagram,creator_0146,Music,25,2024-01-10,799,102435,0.0078,2,2,0,7.7,0.308,0,0.0,1,False,14,False,False
vid_00492,TikTok,creator_1165,Gaming,23,2024-10-10,274,22276,0.0123,3,4,0,19.6,0.852,2397,0.0003,4,False,88,True,False
vid_00493,Instagram,creator_0150,Entertainment,27,2025-04-01,344,16699,0.0206,2,1,0,16.2,0.6,2185,0.0002,3,True,81,True,False
vid_00494,TikTok,creator_0124,Gaming,25,2025-01-28,2995,245491,0.0122,27,1,0,8.0,0.32,6044,0.0001,5,False,49,True,False
vid_00495,YouTube Shorts,creator_0868,Gaming,29,2024-03-05,1049,94504,0.0111,7,2,1,12.7,0.438,0,0.0001,0,False,32,True,False
vid_00496,TikTok,creator_0172,Fitness,17,2024-03-02,862,93695,0.0092,7,1,1,3.5,0.206,26,0.0001,4,False,39,True,False
vid_00497,YouTube Shorts,creator_1099,Cooking,19,2024-10-30,120,13043,0.0092,0,0,1,1.1,0.058,0,0.0001,2,False,57,True,False
vid_00498,Instagram,creator_0136,Fitness,34,2025-06-26,75,15000,0.005,1,0,0,4.9,0.144,0,0.0001,0,False,77,False,False
vid_00499,TikTok,creator_0501,Education,37,2024-12-03,898,44900,0.02,5,1,0,9.2,0.249,1985,0.0001,1,True,108,True,False
vid_00500,TikTok,creator_0360,Education,27,2024-01-10,8748,587114,0.0149,109,7,2,3.8,0.141,14268,0.0002,1,False,5,True,False
vid_00501,TikTok,creator_0711,Music,27,2025-02-05,2059,37918,0.0543,3,1,1,12.0,0.444,3708,0.0001,4,False,69,True,False
vid_00502,TikTok,creator_0260,Fitness,29,2025-07-23,2474,121274,0.0204,9,0,0,11.8,0.407,1042,0.0001,0,False,117,True,False
vid_00503,TikTok,creator_0880,Fitness,19,2025-02-10,1855,218235,0.0085,14,0,0,13.1,0.689,3645,0.0001,2,True,48,True,False
vid_00504,Instagram,creator_0158,DIY,19,2024-12-19,904,180800,0.005,6,1,3,1.3,0.068,2361,0.0001,5,False,138,True,False
vid_00505,YouTube Shorts,creator_0342,Cooking,15,2024-05-02,821,164200,0.005,2,0,0,5.8,0.387,5655,0.0,2,False,49,True,False
vid_00506,Instagram,creator_0237,Beauty,24,2025-07-29,6340,204516,0.031,80,3,1,6.3,0.262,12339,0.0004,5,False,42,True,False
vid_00507,YouTube Shorts,creator_0501,Entertainment,26,2025-01-01,328,9060,0.0362,0,0,0,14.9,0.573,1419,0.0,4,False,5,False,False
vid_00508,TikTok,creator_0073,Music,21,2025-07-08,8878,1775600,0.005,43,7,3,1.7,0.081,16100,0.0,2,False,91,True,False
vid_00509,TikTok,creator_0853,Cooking,16,2024-07-29,17864,1580884,0.0113,97,10,2,3.4,0.212,11853,0.0001,2,False,50,True,False
vid_00510,TikTok,creator_0108,Comedy,29,2024-06-22,8,536,0.0149,0,3,0,12.1,0.417,0,0.0056,0,False,89,False,False
vid_00511,Facebook Reels,creator_0142,DIY,53,2024-08-07,1327,48966,0.0271,11,1,0,13.6,0.257,2942,0.0002,4,False,39,True,False
vid_00512,TikTok,creator_0936,Entertainment,40,2024-10-13,1130,75333,0.015,2,0,0,6.8,0.17,2554,0.0,2,False,20,True,False
vid_00513,TikTok,creator_0497,DIY,22,2024-10-13,13473,354552,0.038,54,6,1,7.0,0.318,34886,0.0002,5,False,60,True,False
vid_00514,YouTube Shorts,creator_0401,Music,30,2024-07-09,230,12568,0.0183,0,2,0,3.7,0.123,0,0.0002,3,False,5,False,False
vid_00515,TikTok,creator_1110,Cooking,5,2025-05-08,323,12052,0.0268,1,0,0,2.2,0.44,1235,0.0001,1,False,35,False,False
vid_00516,Facebook Reels,creator_0003,Gaming,21,2025-07-27,1247,60241,0.0207,3,1,0,4.0,0.19,2335,0.0001,2,False,10,True,False
vid_00517,Instagram,creator_0488,Gaming,44,2025-01-17,3183,210794,0.0151,32,2,0,3.2,0.073,424,0.0002,1,False,72,False,False
vid_00518,TikTok,creator_0574,Education,49,2024-02-04,1775,281746,0.0063,20,0,1,36.5,0.745,3406,0.0001,3,False,126,False,False
vid_00519,Instagram,creator_0763,DIY,32,2025-08-03,2287,457400,0.005,4,0,0,1.0,0.031,6640,0.0,0,True,7,True,False
vid_00520,TikTok,creator_0808,Education,16,2025-04-04,6036,128699,0.0469,69,2,2,12.7,0.794,15435,0.0006,2,False,27,True,False
vid_00521,Facebook Reels,creator_0485,Fitness,28,2024-07-21,39306,7861200,0.005,191,20,8,20.3,0.725,62201,0.0,1,False,22,False,False
vid_00522,TikTok,creator_0669,Cooking,24,2024-12-17,4191,364434,0.0115,17,3,0,9.5,0.396,0,0.0001,2,False,30,True,False
vid_00523,TikTok,creator_1198,Education,38,2024-04-30,7049,90256,0.0781,47,8,4,14.0,0.368,15935,0.0007,3,True,5,True,False
vid_00524,TikTok,creator_0248,Music,23,2024-10-05,12960,443835,0.0292,217,7,3,8.9,0.387,6574,0.0005,0,False,50,True,False
vid_00525,TikTok,creator_0543,Education,7,2024-03-11,1545,53092,0.0291,32,1,1,1.0,0.143,1410,0.0006,1,False,54,True,False
vid_00526,YouTube Shorts,creator_0083,Beauty,36,2024-09-11,2302,185645,0.0124,22,0,2,6.2,0.172,2725,0.0001,4,False,106,True,False
vid_00527,Facebook Reels,creator_0812,Music,19,2024-02-08,25222,1073276,0.0235,331,15,6,6.8,0.358,52509,0.0003,3,False,43,True,False
vid_00528,Facebook Reels,creator_0064,Gaming,32,2024-12-17,1597,158118,0.0101,14,1,0,27.6,0.862,3289,0.0001,0,False,60,True,False
vid_00529,TikTok,creator_0209,Comedy,30,2024-04-04,23755,669154,0.0355,504,13,5,12.7,0.423,21011,0.0008,2,True,8,False,False
vid_00530,Facebook Reels,creator_0268,Beauty,37,2024-11-07,192,38400,0.005,2,3,0,11.4,0.308,793,0.0001,1,False,31,True,False
vid_00531,Instagram,creator_1193,News,23,2024-07-20,453,12869,0.0352,2,0,1,1.3,0.057,990,0.0002,0,False,94,True,False
vid_00532,Facebook Reels,creator_0405,DIY,33,2024-04-10,4289,137909,0.0311,144,4,1,4.2,0.127,6791,0.0011,4,True,5,False,False
vid_00533,YouTube Shorts,creator_0251,Entertainment,27,2024-12-24,159,5335,0.0298,1,0,0,1.5,0.056,2484,0.0002,1,True,92,False,False
vid_00534,TikTok,creator_0809,DIY,29,2024-01-23,3181,150047,0.0212,42,1,0,19.5,0.672,3647,0.0003,3,False,5,True,False
vid_00535,TikTok,creator_0384,Fitness,22,2024-08-05,17220,705737,0.0244,93,11,1,8.0,0.364,24454,0.0001,2,False,90,True,False
vid_00536,Instagram,creator_0504,Fitness,10,2025-01-22,251,15493,0.0162,2,3,0,1.0,0.1,0,0.0003,4,False,38,True,False
vid_00537,TikTok,creator_0573,Gaming,27,2024-04-16,801,14670,0.0546,0,1,0,16.3,0.604,1413,0.0001,0,False,56,True,False
vid_00538,YouTube Shorts,creator_0511,Music,18,2024-01-16,8641,493771,0.0175,64,5,1,4.9,0.272,18876,0.0001,1,False,84,False,False
vid_00539,TikTok,creator_1116,DIY,37,2024-09-24,835,38479,0.0217,4,0,0,4.7,0.127,2616,0.0001,0,False,145,True,False
vid_00540,TikTok,creator_0369,Entertainment,28,2024-09-04,780,36111,0.0216,3,0,2,12.3,0.439,3621,0.0001,1,False,74,True,False
vid_00541,YouTube Shorts,creator_0576,Entertainment,24,2025-01-01,201,3059,0.0657,2,1,0,4.4,0.183,0,0.001,1,False,75,True,False
vid_00542,Facebook Reels,creator_0327,Education,8,2024-07-11,2100,59322,0.0354,14,1,0,1.0,0.125,0,0.0003,1,False,85,True,False
vid_00543,YouTube Shorts,creator_0115,Beauty,15,2025-03-23,2259,240319,0.0094,21,0,3,4.8,0.32,4718,0.0001,2,False,48,False,False
vid_00544,TikTok,creator_0356,Comedy,25,2024-07-02,473,34028,0.0139,10,0,0,4.7,0.188,1734,0.0003,1,False,39,False,False
vid_00545,Instagram,creator_0058,Cooking,21,2025-03-16,551,18065,0.0305,1,1,1,8.0,0.381,157,0.0002,1,False,5,True,False
vid_00546,TikTok,creator_1009,Music,20,2024-08-28,959,59197,0.0162,7,2,0,5.1,0.255,297,0.0002,2,False,41,True,False
vid_00547,TikTok,creator_0449,Entertainment,39,2025-02-12,1690,208641,0.0081,94,2,0,23.7,0.608,4993,0.0005,2,False,147,True,False
vid_00548,Instagram,creator_0268,Cooking,9,2025-07-10,13246,871447,0.0152,111,4,3,1.2,0.133,39938,0.0001,4,False,55,False,False
vid_00549,YouTube Shorts,creator_0122,Entertainment,23,2024-04-24,5908,103286,0.0572,34,4,3,4.1,0.178,5586,0.0004,2,False,79,False,False
vid_00550,YouTube Shorts,creator_1078,Cooking,15,2024-02-26,643,38273,0.0168,0,1,0,6.1,0.407,247,0.0,3,False,79,False,False
vid_00551,TikTok,creator_0207,Cooking,16,2024-08-22,13891,680931,0.0204,93,5,6,3.6,0.225,37485,0.0002,3,False,97,False,False
vid_00552,YouTube Shorts,creator_0895,DIY,23,2025-05-19,4391,345748,0.0127,53,4,0,8.5,0.37,5117,0.0002,1,False,38,True,False
vid_00553,Instagram,creator_0731,Beauty,41,2025-05-31,12190,766666,0.0159,188,8,2,3.8,0.093,20311,0.0003,5,False,114,True,False
vid_00554,TikTok,creator_0604,Comedy,37,2024-05-18,3083,96645,0.0319,76,0,3,17.3,0.468,6083,0.0008,1,False,5,False,False
vid_00555,Snapchat,creator_0802,News,15,2024-01-26,5221,339025,0.0154,40,3,0,6.7,0.447,10013,0.0001,1,False,47,True,False
vid_00556,YouTube Shorts,creator_0453,News,39,2024-03-21,675,27108,0.0249,7,1,0,9.9,0.254,0,0.0003,2,False,15,True,False
vid_00557,YouTube Shorts,creator_0488,Cooking,21,2024-09-05,1292,95703,0.0135,15,1,0,10.1,0.481,0,0.0002,3,False,88,False,False
vid_00558,TikTok,creator_0688,DIY,17,2024-01-09,414,37981,0.0109,2,0,2,9.0,0.529,4006,0.0001,1,False,64,True,False
vid_00559,TikTok,creator_0526,Education,5,2025-07-13,4056,130418,0.0311,6,0,3,1.0,0.2,3854,0.0001,2,True,42,True,False
vid_00560,YouTube Shorts,creator_0341,Gaming,41,2025-01-17,176,8712,0.0202,4,1,0,2.5,0.061,0,0.0006,2,False,61,True,False
vid_00561,TikTok,creator_0982,News,16,2025-05-20,193,31639,0.0061,1,2,0,8.4,0.525,0,0.0001,4,False,86,True,False
vid_00562,Instagram,creator_0069,Fitness,16,2024-01-16,8437,1259253,0.0067,77,6,1,3.1,0.194,16628,0.0001,5,False,25,False,False
vid_00563,TikTok,creator_0349,Gaming,36,2024-05-04,3885,205555,0.0189,13,2,0,12.6,0.35,3765,0.0001,1,False,5,True,False
vid_00564,Snapchat,creator_0191,Cooking,5,2025-04-06,175,5892,0.0297,0,1,1,1.2,0.24,394,0.0003,1,False,7,False,False
vid_00565,YouTube Shorts,creator_0884,Comedy,23,2025-04-16,5545,340184,0.0163,46,4,3,2.1,0.091,13607,0.0002,2,False,20,True,False
vid_00566,TikTok,creator_0421,Beauty,40,2024-11-13,678,30403,0.0223,1,1,1,7.1,0.178,1741,0.0001,3,False,41,True,False
vid_00567,YouTube Shorts,creator_0544,Fitness,27,2024-08-18,23703,718272,0.033,139,15,3,12.0,0.444,44121,0.0002,3,False,64,True,False
vid_00568,Instagram,creator_1006,Comedy,10,2024-02-12,1945,82415,0.0236,20,2,0,2.5,0.25,0,0.0003,2,False,73,True,False
vid_00569,TikTok,creator_0984,Beauty,5,2024-03-16,5913,167033,0.0354,7,5,0,1.0,0.2,11552,0.0001,3,True,9,True,False
vid_00570,TikTok,creator_0168,DIY,43,2024-03-30,92,2948,0.0312,0,1,1,10.4,0.242,2357,0.0007,2,False,69,True,False
vid_00571,Instagram,creator_0543,Education,13,2025-05-13,694,36145,0.0192,15,0,0,7.9,0.608,2267,0.0004,3,False,158,True,False
vid_00572,Snapchat,creator_0757,Comedy,35,2024-12-12,5050,304216,0.0166,19,3,0,3.5,0.1,14837,0.0001,2,True,117,True,False
vid_00573,TikTok,creator_0551,News,39,2024-02-17,1351,76761,0.0176,15,2,0,21.4,0.549,0,0.0002,4,False,28,True,False
vid_00574,TikTok,creator_0705,Music,15,2024-11-17,8140,505590,0.0161,110,6,1,3.1,0.207,6628,0.0002,1,False,31,True,False
vid_00575,Instagram,creator_0793,Music,25,2024-11-21,204,15111,0.0135,3,1,3,8.0,0.32,0,0.0005,1,False,103,True,False
vid_00576,Snapchat,creator_1173,Beauty,26,2025-01-04,1224,244800,0.005,3,2,1,7.6,0.292,1897,0.0,4,False,25,True,False
vid_00577,YouTube Shorts,creator_0072,Music,29,2025-03-19,989,88303,0.0112,16,1,0,4.9,0.169,222,0.0002,0,False,16,False,False
vid_00578,Instagram,creator_0302,Education,26,2024-12-14,1958,141884,0.0138,13,0,1,5.7,0.219,0,0.0001,3,False,10,False,False
vid_00579,Facebook Reels,creator_0395,Comedy,21,2024-02-03,29,1695,0.0171,0,2,1,10.0,0.476,744,0.0018,4,False,68,False,False
vid_00580,TikTok,creator_0303,News,12,2024-07-19,3523,352300,0.01,9,2,0,1.0,0.083,10284,0.0,6,False,78,True,False
vid_00581,YouTube Shorts,creator_0179,Gaming,31,2025-03-08,830,37556,0.0221,7,0,2,26.1,0.842,75,0.0002,2,False,93,True,False
vid_00582,TikTok,creator_0939,Entertainment,27,2025-06-28,72231,11286093,0.0064,951,26,8,6.8,0.252,131987,0.0001,3,False,112,True,False
vid_00583,TikTok,creator_0849,Comedy,9,2024-04-25,5473,414621,0.0132,27,2,2,2.5,0.278,9422,0.0001,0,False,62,True,False
vid_00584,Facebook Reels,creator_0206,Education,27,2025-03-13,1676,110263,0.0152,24,1,0,17.0,0.63,2239,0.0002,2,False,73,False,False
vid_00585,YouTube Shorts,creator_0705,Gaming,13,2024-07-24,1596,121832,0.0131,17,3,1,1.8,0.138,4648,0.0002,4,False,75,True,False
vid_00586,Instagram,creator_0077,Comedy,36,2024-08-01,193,6748,0.0286,1,1,0,6.0,0.167,2437,0.0003,3,False,32,True,False
vid_00587,Instagram,creator_0823,Entertainment,18,2024-11-03,2862,397500,0.0072,15,1,0,6.2,0.344,2232,0.0,1,False,31,True,False
vid_00588,TikTok,creator_0974,Fitness,27,2024-10-16,251,12676,0.0198,1,2,0,13.6,0.504,3241,0.0002,2,True,62,False,False
vid_00589,TikTok,creator_0575,DIY,16,2025-06-24,202,7739,0.0261,0,0,2,3.2,0.2,0,0.0003,1,False,5,False,False
vid_00590,TikTok,creator_0616,DIY,30,2024-09-06,708,141600,0.005,13,0,0,2.7,0.09,0,0.0001,4,False,66,True,False
vid_00591,Instagram,creator_0385,DIY,34,2024-06-13,5047,124925,0.0404,76,5,2,9.8,0.288,13394,0.0007,2,False,87,True,False
vid_00592,Instagram,creator_1058,Cooking,39,2024-02-13,4684,220943,0.0212,77,2,1,11.4,0.292,13800,0.0004,3,False,12,True,False
vid_00593,TikTok,creator_1038,Gaming,31,2024-04-15,404,68474,0.0059,7,0,0,22.3,0.719,0,0.0001,3,False,42,True,False
vid_00594,Instagram,creator_0356,Beauty,38,2024-06-04,1028,32843,0.0313,4,1,0,13.6,0.358,2474,0.0002,2,False,51,True,False
vid_00595,Instagram,creator_0739,Beauty,24,2024-07-31,559,111800,0.005,2,0,0,19.4,0.808,573,0.0,1,False,48,True,False
vid_00596,TikTok,creator_0254,Entertainment,18,2024-07-06,3178,160505,0.0198,14,0,1,1.9,0.106,4779,0.0001,0,False,92,True,False
vid_00597,TikTok,creator_0972,News,22,2025-03-04,294,13738,0.0214,4,1,1,12.0,0.545,1463,0.0004,2,False,123,True,False
vid_00598,Snapchat,creator_0186,Fitness,34,2024-01-22,24581,2175309,0.0113,400,11,8,35.1,1.032,23017,0.0002,3,False,65,True,False
vid_00599,Instagram,creator_0439,Beauty,36,2025-05-17,255,10805,0.0236,4,1,1,21.3,0.592,0,0.0006,2,False,118,True,False
vid_00600,Instagram,creator_1052,Entertainment,22,2025-06-13,1348,127169,0.0106,31,0,1,4.6,0.209,1877,0.0003,4,True,44,False,False
vid_00601,Instagram,creator_0018,Beauty,25,2024-07-15,357,44625,0.008,1,2,0,8.9,0.356,245,0.0001,5,False,145,False,False
vid_00602,YouTube Shorts,creator_0564,Gaming,19,2024-10-19,44,1752,0.0251,0,0,1,13.6,0.716,0,0.0006,0,False,59,True,False
vid_00603,TikTok,creator_0619,Music,33,2025-04-29,2215,251704,0.0088,90,0,0,9.9,0.3,6495,0.0004,3,False,76,True,False
vid_00604,Instagram,creator_0767,Music,25,2025-05-17,1459,165795,0.0088,12,3,0,1.2,0.048,2944,0.0001,1,False,77,True,False
vid_00605,Instagram,creator_0987,Education,18,2024-09-18,1308,167692,0.0078,28,2,0,4.5,0.25,3814,0.0002,3,False,5,True,False
vid_00606,YouTube Shorts,creator_0535,Fitness,19,2024-05-26,326,10251,0.0318,3,1,0,5.7,0.3,0,0.0004,3,False,39,True,False
vid_00607,Snapchat,creator_0828,Cooking,39,2025-06-12,2775,254587,0.0109,55,0,0,7.7,0.197,8898,0.0002,3,False,146,True,False
vid_00608,Instagram,creator_0606,Fitness,14,2024-11-21,6208,1149629,0.0054,57,2,2,1.2,0.086,16737,0.0001,2,False,114,True,False
vid_00609,Instagram,creator_1172,Beauty,12,2024-09-23,376,75200,0.005,2,1,1,1.1,0.092,0,0.0001,3,False,60,True,False
vid_00610,Instagram,creator_0975,Cooking,25,2025-01-29,324,28421,0.0114,0,2,1,6.0,0.24,3881,0.0001,3,False,5,True,False
vid_00611,Instagram,creator_1144,Comedy,28,2024-08-16,12216,233129,0.0524,180,4,3,1.6,0.057,29874,0.0008,1,True,37,True,False
vid_00612,TikTok,creator_1145,Comedy,12,2025-06-11,412,8408,0.049,8,0,2,3.9,0.325,2748,0.0012,3,False,119,True,False
vid_00613,TikTok,creator_0458,Fitness,6,2024-11-22,83,7904,0.0105,0,0,0,1.2,0.2,0,0.0,2,False,65,True,False
vid_00614,TikTok,creator_0603,DIY,20,2024-04-01,1288,43076,0.0299,4,1,0,8.8,0.44,2004,0.0001,0,False,128,False,False
vid_00615,Instagram,creator_0146,DIY,28,2024-05-31,9465,303365,0.0312,183,7,3,19.1,0.682,23164,0.0006,5,False,153,False,False
vid_00616,TikTok,creator_0612,Gaming,26,2024-02-11,206,12409,0.0166,0,3,0,10.5,0.404,2215,0.0002,3,False,120,True,False
vid_00617,Facebook Reels,creator_0702,Gaming,30,2025-03-18,2895,146212,0.0198,11,2,0,3.5,0.117,3996,0.0001,2,False,65,False,False
vid_00618,TikTok,creator_0370,Education,17,2025-01-13,11622,745000,0.0156,33,12,2,5.6,0.329,6166,0.0001,2,False,22,False,False
vid_00619,TikTok,creator_0119,Entertainment,35,2024-12-17,866,17080,0.0507,5,1,0,13.7,0.391,951,0.0004,4,False,101,True,False
vid_00620,TikTok,creator_0325,DIY,13,2024-03-09,760,152000,0.005,2,1,1,9.8,0.754,1947,0.0,6,False,89,True,False
vid_00621,TikTok,creator_0879,DIY,6,2024-10-24,2059,187181,0.011,2,1,1,2.1,0.35,8541,0.0,2,True,121,True,False
vid_00622,YouTube Shorts,creator_0029,Cooking,30,2025-02-16,369,34166,0.0108,0,1,0,12.5,0.417,223,0.0,2,False,42,True,False
vid_00623,Instagram,creator_0510,Beauty,16,2025-06-22,323,23071,0.014,4,0,0,3.2,0.2,2578,0.0002,1,False,44,True,False
vid_00624,TikTok,creator_1031,News,22,2024-08-25,6966,417125,0.0167,21,4,0,5.5,0.25,12937,0.0001,2,False,55,False,False
vid_00625,TikTok,creator_0596,DIY,36,2025-07-19,511,54361,0.0094,2,1,0,11.9,0.331,0,0.0001,3,False,61,True,False
vid_00626,TikTok,creator_0275,Cooking,40,2025-01-15,2195,73905,0.0297,12,0,0,1.3,0.032,6594,0.0002,2,False,77,True,False
vid_00627,Snapchat,creator_0827,Entertainment,35,2024-06-26,4656,242500,0.0192,39,0,2,5.6,0.16,16134,0.0002,1,False,73,False,False
vid_00628,TikTok,creator_0045,News,38,2025-01-26,1167,102368,0.0114,16,1,0,3.9,0.103,1167,0.0002,1,False,112,True,False
vid_00629,Instagram,creator_0077,Gaming,8,2025-05-12,11939,303020,0.0394,36,4,3,2.8,0.35,18161,0.0001,1,False,6,True,False
vid_00630,TikTok,creator_0099,Education,18,2025-05-22,7753,223429,0.0347,249,5,3,15.3,0.85,12456,0.0012,0,False,18,True,False
vid_00631,TikTok,creator_0910,Gaming,39,2024-04-05,405,23275,0.0174,18,1,1,15.0,0.385,3909,0.0009,3,False,63,True,False
vid_00632,TikTok,creator_0020,Fitness,11,2024-11-22,677,135400,0.005,13,1,1,7.6,0.691,940,0.0001,2,False,128,True,False
vid_00633,TikTok,creator_0281,Gaming,33,2024-03-22,287,10177,0.0282,1,2,0,15.9,0.482,1040,0.0003,2,False,107,True,False
vid_00634,TikTok,creator_0218,DIY,33,2024-06-03,566,12719,0.0445,0,1,1,11.7,0.355,0,0.0002,4,False,80,True,False
vid_00635,YouTube Shorts,creator_0414,Cooking,11,2025-06-30,221,12485,0.0177,1,1,0,3.5,0.318,4451,0.0002,3,False,13,True,False
vid_00636,Instagram,creator_0426,DIY,25,2024-09-13,196,8990,0.0218,2,1,0,19.0,0.76,2738,0.0003,3,False,91,True,False
vid_00637,TikTok,creator_0227,News,39,2025-06-03,1825,365000,0.005,19,0,0,5.8,0.149,447,0.0001,0,False,5,False,False
vid_00638,YouTube Shorts,creator_0154,Education,13,2024-07-17,8681,352886,0.0246,163,1,1,6.5,0.5,19214,0.0005,4,False,76,True,False
vid_00639,Facebook Reels,creator_0541,DIY,22,2024-02-08,1234,39299,0.0314,3,0,0,15.3,0.695,0,0.0001,3,True,114,True,False
vid_00640,TikTok,creator_0596,Cooking,29,2025-06-09,2247,252471,0.0089,19,2,2,5.6,0.193,5992,0.0001,6,False,5,True,False
vid_00641,TikTok,creator_0094,Entertainment,7,2024-04-17,3558,170239,0.0209,16,1,1,4.0,0.571,9407,0.0001,5,False,64,True,False
vid_00642,TikTok,creator_0897,News,35,2024-07-27,2718,151000,0.018,48,0,0,6.0,0.171,2795,0.0003,1,False,82,True,False
vid_00643,YouTube Shorts,creator_0375,Education,8,2024-11-07,330,22448,0.0147,12,0,2,3.2,0.4,1535,0.0006,3,False,5,True,False
vid_00644,YouTube Shorts,creator_0980,Gaming,21,2025-05-18,4096,202772,0.0202,12,3,1,2.4,0.114,6933,0.0001,1,False,58,True,False
vid_00645,TikTok,creator_0121,Comedy,42,2024-03-21,1250,75757,0.0165,14,1,0,13.0,0.31,1247,0.0002,3,False,72,True,False
vid_00646,YouTube Shorts,creator_0898,Comedy,31,2025-04-19,2210,200909,0.011,15,0,0,1.2,0.039,2951,0.0001,4,False,68,True,False
vid_00647,TikTok,creator_0268,DIY,27,2025-01-14,674,21062,0.032,6,1,0,7.2,0.267,0,0.0003,0,True,64,True,False
vid_00648,TikTok,creator_0536,Cooking,23,2024-01-10,16612,608498,0.0273,76,6,5,6.3,0.274,35812,0.0001,1,False,127,True,False
vid_00649,YouTube Shorts,creator_1181,News,59,2024-06-22,660,132000,0.005,2,4,0,25.2,0.427,230,0.0,2,False,81,True,False
vid_00650,TikTok,creator_1072,News,26,2024-03-14,1134,36346,0.0312,6,0,0,17.5,0.673,5100,0.0002,2,False,39,True,False
vid_00651,Instagram,creator_0789,Comedy,5,2025-03-09,252,12923,0.0195,0,0,0,2.2,0.44,0,0.0,5,False,87,True,False
vid_00652,TikTok,creator_0322,Music,12,2024-12-30,11576,2315200,0.005,82,6,2,4.0,0.333,11773,0.0,2,False,83,False,False
vid_00653,TikTok,creator_1007,Cooking,31,2024-07-06,998,38984,0.0256,0,2,0,9.0,0.29,189,0.0001,3,False,78,True,False
vid_00654,Instagram,creator_1128,Gaming,5,2024-11-09,4358,87334,0.0499,71,2,1,1.0,0.2,1883,0.0008,2,False,5,True,False
vid_00655,TikTok,creator_1174,DIY,45,2024-03-09,2646,166415,0.0159,198,1,0,17.3,0.384,2181,0.0012,1,False,48,True,False
vid_00656,TikTok,creator_1019,Entertainment,22,2024-03-20,7449,425657,0.0175,70,7,5,16.3,0.741,14323,0.0002,4,False,24,True,False
vid_00657,Instagram,creator_0187,News,20,2025-04-25,1540,308000,0.005,3,0,1,6.2,0.31,5707,0.0,5,False,37,False,False
vid_00658,Instagram,creator_0935,Cooking,51,2024-10-09,2125,198598,0.0107,34,1,0,8.9,0.175,7299,0.0002,2,False,87,False,False
vid_00659,YouTube Shorts,creator_0680,Music,17,2025-04-26,5839,155706,0.0375,33,6,3,2.0,0.118,1831,0.0003,4,False,88,True,False
vid_00660,TikTok,creator_0927,Education,18,2024-03-16,532,25454,0.0209,2,2,1,4.0,0.222,0,0.0002,2,False,59,True,False
vid_00661,TikTok,creator_0598,Music,18,2025-02-09,51,1246,0.0409,0,2,0,7.7,0.428,0,0.0016,1,False,141,True,False
vid_00662,Snapchat,creator_1009,Comedy,22,2025-07-10,379,9132,0.0415,1,0,0,2.3,0.105,2472,0.0001,3,False,43,True,False
vid_00663,TikTok,creator_0402,Beauty,8,2024-04-03,1225,245000,0.005,1,4,0,1.0,0.125,1740,0.0,2,False,28,True,False
vid_00664,Instagram,creator_0391,Cooking,42,2024-03-24,9289,1857800,0.005,14,6,0,30.1,0.717,20303,0.0,1,False,54,True,False
vid_00665,Instagram,creator_0253,DIY,35,2024-12-21,1082,50092,0.0216,10,0,0,18.2,0.52,3952,0.0002,1,False,51,False,False
vid_00666,TikTok,creator_1022,Entertainment,18,2025-02-15,3599,238344,0.0151,36,0,0,7.7,0.428,4348,0.0002,1,False,133,True,False
vid_00667,TikTok,creator_1199,DIY,29,2025-01-29,736,61333,0.012,11,3,0,7.3,0.252,3306,0.0002,3,False,60,False,False
vid_00668,Instagram,creator_0356,Comedy,33,2024-03-21,14399,716368,0.0201,187,7,7,6.4,0.194,10768,0.0003,5,False,130,True,False
vid_00669,Snapchat,creator_1033,Gaming,18,2024-11-21,604,51623,0.0117,9,1,0,8.3,0.461,1799,0.0002,2,False,45,False,False
vid_00670,YouTube Shorts,creator_0561,Gaming,44,2024-09-23,6601,1320200,0.005,1,2,2,2.2,0.05,16362,0.0,1,False,59,True,False
vid_00671,TikTok,creator_0846,News,46,2025-06-27,717,21213,0.0338,2,2,3,11.6,0.252,0,0.0003,2,False,47,True,False
vid_00672,YouTube Shorts,creator_1122,Cooking,30,2025-07-06,191,7732,0.0247,0,0,1,4.6,0.153,0,0.0001,2,False,22,True,False
vid_00673,TikTok,creator_0430,News,62,2025-07-08,1392,152967,0.0091,55,0,1,18.8,0.303,2279,0.0004,3,False,85,True,False
vid_00674,Instagram,creator_0365,Music,23,2025-02-25,7,560,0.0125,0,0,0,5.4,0.235,2007,0.0,3,False,5,True,False
vid_00675,TikTok,creator_0722,Music,19,2025-01-08,1188,39337,0.0302,4,1,0,2.2,0.116,0,0.0001,1,False,29,False,False
vid_00676,YouTube Shorts,creator_1094,Fitness,30,2024-11-24,3263,164797,0.0198,8,1,0,5.7,0.19,14406,0.0001,1,False,23,True,False
vid_00677,TikTok,creator_0298,Entertainment,38,2025-06-04,177,12919,0.0137,0,2,1,18.6,0.489,0,0.0002,1,True,66,True,False
vid_00678,YouTube Shorts,creator_0587,Fitness,16,2024-04-23,9833,402991,0.0244,149,8,0,1.5,0.094,6984,0.0004,5,False,47,True,False
vid_00679,TikTok,creator_1109,Entertainment,23,2024-10-05,5131,442327,0.0116,122,1,3,6.8,0.296,8276,0.0003,2,False,74,True,False
vid_00680,YouTube Shorts,creator_1151,Beauty,18,2025-07-30,528,30877,0.0171,0,1,0,7.4,0.411,0,0.0,1,False,73,True,False
vid_00681,Instagram,creator_0590,Entertainment,37,2024-10-23,2003,58057,0.0345,2,2,2,4.7,0.127,723,0.0001,2,False,16,False,False
vid_00682,Facebook Reels,creator_0641,Music,43,2024-02-11,95,1626,0.0584,1,1,1,5.0,0.116,3691,0.0018,4,True,5,True,False
vid_00683,Instagram,creator_0908,Beauty,42,2025-05-07,2778,295531,0.0094,10,2,0,15.3,0.364,2981,0.0,3,False,42,True,False
vid_00684,YouTube Shorts,creator_1120,News,26,2024-06-01,5073,340469,0.0149,37,5,2,2.7,0.104,4023,0.0001,1,False,82,False,False
vid_00685,TikTok,creator_0364,Education,26,2024-05-25,6240,282352,0.0221,16,3,3,3.3,0.127,10184,0.0001,3,False,66,True,False
vid_00686,TikTok,creator_0084,Gaming,38,2024-08-04,1357,68190,0.0199,8,0,0,16.9,0.445,3557,0.0001,4,False,80,True,False
vid_00687,Instagram,creator_0523,Entertainment,35,2024-09-13,106,4568,0.0232,0,2,0,5.3,0.151,0,0.0004,3,False,39,False,False
vid_00688,TikTok,creator_0661,News,34,2024-02-09,29630,1601621,0.0185,95,16,8,25.4,0.747,17885,0.0001,2,False,39,True,False
vid_00689,YouTube Shorts,creator_0617,DIY,9,2025-03-20,2389,71101,0.0336,28,0,1,3.8,0.422,7257,0.0004,2,False,88,True,False
vid_00690,YouTube Shorts,creator_1077,Beauty,34,2024-05-22,1128,75704,0.0149,13,1,1,11.7,0.344,6592,0.0002,0,False,67,False,False
vid_00691,TikTok,creator_1113,Music,35,2024-11-09,265,53000,0.005,5,1,1,4.8,0.137,234,0.0001,1,True,114,True,False
vid_00692,TikTok,creator_0680,Cooking,21,2024-10-07,49,1357,0.0361,0,0,1,4.5,0.214,0,0.0007,4,False,64,False,False
vid_00693,Instagram,creator_0973,Music,27,2025-08-07,72,1600,0.045,0,3,0,6.7,0.248,0,0.0019,1,False,52,True,False
vid_00694,Instagram,creator_0913,Beauty,32,2025-05-13,7536,1507200,0.005,49,1,5,8.7,0.272,15026,0.0,2,False,37,True,False
vid_00695,Facebook Reels,creator_0658,Gaming,23,2024-03-29,2412,126282,0.0191,26,0,0,3.5,0.152,3508,0.0002,3,False,122,True,False
vid_00696,TikTok,creator_1059,Cooking,31,2025-02-03,935,187000,0.005,11,0,0,11.3,0.365,1491,0.0001,2,False,5,True,False
vid_00697,TikTok,creator_0395,Cooking,24,2025-02-03,502,30609,0.0164,3,0,0,7.4,0.308,1929,0.0001,1,True,116,True,False
vid_00698,Facebook Reels,creator_1102,Music,29,2024-01-06,303,60600,0.005,0,2,0,3.2,0.11,5691,0.0,1,False,84,True,False
vid_00699,Instagram,creator_0437,Gaming,26,2024-03-21,9044,170000,0.0532,26,7,1,7.5,0.288,20753,0.0002,4,False,69,False,False
vid_00700,YouTube Shorts,creator_0892,Education,22,2025-08-03,134,6733,0.0199,0,1,0,3.1,0.141,3041,0.0001,2,False,11,True,False
vid_00701,YouTube Shorts,creator_0078,Education,11,2024-02-26,2243,85938,0.0261,36,0,0,3.4,0.309,664,0.0004,4,True,53,False,False
vid_00702,Instagram,creator_1178,Beauty,17,2024-07-19,84,4615,0.0182,0,1,1,8.4,0.494,1633,0.0004,1,False,95,True,False
vid_00703,TikTok,creator_0648,Entertainment,27,2024-10-29,248,21196,0.0117,0,1,0,7.5,0.278,0,0.0,1,False,74,True,False
vid_00704,Instagram,creator_0130,News,30,2024-02-05,3062,612400,0.005,28,5,0,12.6,0.42,5403,0.0001,2,False,93,True,False
vid_00705,Snapchat,creator_0218,Fitness,26,2025-06-16,1742,77422,0.0225,7,1,2,5.3,0.204,4796,0.0001,1,False,28,True,False
vid_00706,YouTube Shorts,creator_0897,Gaming,29,2024-11-02,12461,576898,0.0216,492,1,3,4.3,0.148,13068,0.0009,1,False,51,True,False
vid_00707,TikTok,creator_0451,Comedy,44,2025-08-03,672,42000,0.016,2,1,0,7.2,0.164,0,0.0001,5,False,30,False,False
vid_00708,Instagram,creator_0296,Fitness,16,2025-06-10,522,36000,0.0145,4,1,0,1.4,0.088,1750,0.0001,1,False,79,False,False
vid_00709,YouTube Shorts,creator_0765,Entertainment,23,2025-03-05,1934,39712,0.0487,6,1,0,13.1,0.57,1860,0.0002,5,False,73,True,False
vid_00710,TikTok,creator_1173,News,18,2024-11-02,1091,34093,0.032,16,1,0,1.6,0.089,1484,0.0005,0,False,19,False,False
vid_00711,TikTok,creator_0705,Beauty,20,2024-11-16,1534,55579,0.0276,17,2,3,9.5,0.475,2628,0.0004,3,False,63,False,False
vid_00712,TikTok,creator_0377,Beauty,48,2025-04-24,1926,180000,0.0107,30,1,1,8.7,0.181,1951,0.0002,0,False,12,True,False
vid_00713,TikTok,creator_1162,Entertainment,23,2025-08-06,462,9467,0.0488,3,1,1,4.1,0.178,2628,0.0005,3,False,81,False,False
vid_00714,Instagram,creator_1126,Education,20,2024-08-13,584,14004,0.0417,4,0,1,10.0,0.5,3559,0.0004,0,False,5,True,False
vid_00715,TikTok,creator_1190,DIY,27,2024-09-13,112,4043,0.0277,0,1,1,5.8,0.215,5125,0.0005,0,False,89,True,False
vid_00716,TikTok,creator_0584,News,12,2024-02-24,936,99574,0.0094,3,0,0,5.8,0.483,1232,0.0,1,False,75,True,False
vid_00717,Instagram,creator_0627,News,16,2024-04-28,149,12956,0.0115,2,0,0,7.4,0.462,433,0.0002,3,False,139,True,False
vid_00718,TikTok,creator_0878,Comedy,16,2024-01-04,267,38695,0.0069,7,1,2,2.5,0.156,1881,0.0003,1,False,35,False,False
vid_00719,YouTube Shorts,creator_0894,Fitness,29,2024-10-06,97,3464,0.028,0,0,1,5.5,0.19,2270,0.0003,1,False,47,True,False
vid_00720,YouTube Shorts,creator_0948,DIY,25,2024-10-05,2057,87905,0.0234,9,0,0,7.6,0.304,2264,0.0001,1,False,56,True,False
vid_00721,TikTok,creator_0168,Fitness,21,2024-04-18,15928,1789662,0.0089,201,6,5,3.1,0.148,41559,0.0001,4,False,43,True,False
vid_00722,YouTube Shorts,creator_0157,Education,21,2024-01-15,1305,68684,0.019,23,0,2,3.5,0.167,0,0.0004,0,False,148,True,False
vid_00723,YouTube Shorts,creator_1186,Gaming,36,2025-04-03,408,17142,0.0238,2,1,0,14.3,0.397,0,0.0002,2,False,78,True,False
vid_00724,TikTok,creator_1106,DIY,29,2025-05-22,935,26044,0.0359,23,0,0,11.6,0.4,2485,0.0009,5,False,88,True,False
vid_00725,TikTok,creator_0596,Comedy,13,2024-12-26,33710,6242592,0.0054,86,22,5,1.7,0.131,74702,0.0,1,False,44,True,False
vid_00726,TikTok,creator_0022,Beauty,6,2025-04-21,2803,509636,0.0055,78,1,1,1.0,0.167,2834,0.0002,1,False,73,True,False
vid_00727,TikTok,creator_0327,Comedy,28,2025-03-15,697,42500,0.0164,11,0,1,5.3,0.189,1989,0.0003,1,False,68,True,False
vid_00728,Facebook Reels,creator_0991,Cooking,17,2024-02-01,5388,123862,0.0435,61,2,2,2.7,0.159,1371,0.0005,0,False,97,True,False
vid_00729,TikTok,creator_0757,Beauty,30,2024-02-03,4823,643066,0.0075,30,3,0,8.5,0.283,3491,0.0001,1,False,80,True,False
vid_00730,YouTube Shorts,creator_0795,DIY,21,2024-12-19,71,5378,0.0132,1,3,1,2.2,0.105,561,0.0009,3,False,44,True,False
vid_00731,Instagram,creator_0212,Music,13,2025-05-07,10837,394072,0.0275,132,5,2,7.1,0.546,6279,0.0004,3,False,62,False,False
vid_00732,TikTok,creator_1115,News,33,2024-05-15,2747,37941,0.0724,29,1,0,3.7,0.112,6410,0.0008,2,False,20,True,False
vid_00733,Instagram,creator_0160,Music,18,2024-07-14,47162,1702599,0.0277,644,18,13,2.8,0.156,72588,0.0004,2,False,58,False,False
vid_00734,Instagram,creator_0723,Cooking,28,2025-01-13,2135,98842,0.0216,18,4,1,9.9,0.354,1908,0.0002,2,False,81,False,False
vid_00735,TikTok,creator_0285,DIY,25,2024-05-08,1213,26718,0.0454,18,0,2,7.2,0.288,3187,0.0007,3,False,5,True,False
vid_00736,TikTok,creator_0308,Comedy,40,2024-05-02,813,22458,0.0362,2,1,1,13.6,0.34,2293,0.0002,5,False,44,True,False
vid_00737,TikTok,creator_0472,Gaming,36,2024-09-13,927,52971,0.0175,7,0,1,19.9,0.553,4442,0.0002,4,False,108,True,False
vid_00738,Instagram,creator_0432,News,12,2024-05-05,631,42925,0.0147,2,1,0,3.8,0.317,0,0.0001,5,False,42,True,False
vid_00739,TikTok,creator_0262,News,42,2025-04-05,1119,196315,0.0057,21,1,0,9.4,0.224,2697,0.0001,2,False,26,True,False
vid_00740,TikTok,creator_1173,Comedy,20,2024-02-13,358,12430,0.0288,2,2,0,6.8,0.34,0,0.0003,2,False,5,False,False
vid_00741,Instagram,creator_0831,News,30,2025-03-13,2093,68398,0.0306,12,2,1,6.4,0.213,2349,0.0002,3,False,60,False,False
vid_00742,YouTube Shorts,creator_0581,Education,16,2024-06-17,992,150303,0.0066,5,1,2,8.6,0.538,2404,0.0001,3,False,69,False,False
vid_00743,YouTube Shorts,creator_0350,Beauty,36,2024-11-15,425,30357,0.014,15,1,1,22.6,0.628,2310,0.0006,1,False,97,False,False
vid_00744,YouTube Shorts,creator_0373,News,35,2025-05-27,3648,212093,0.0172,36,4,2,18.1,0.517,1966,0.0002,6,False,29,True,False
vid_00745,Instagram,creator_0929,News,28,2025-04-03,1256,49448,0.0254,20,1,1,15.7,0.561,5377,0.0004,4,True,19,True,False
vid_00746,TikTok,creator_0034,Beauty,24,2025-02-10,772,12552,0.0615,8,2,1,9.1,0.379,1016,0.0009,0,False,5,True,False
vid_00747,TikTok,creator_0307,News,51,2024-03-15,22006,672966,0.0327,216,13,3,5.6,0.11,58246,0.0003,1,False,5,False,False
vid_00748,Instagram,creator_1089,Music,23,2025-08-07,3847,452588,0.0085,38,0,1,4.1,0.178,3134,0.0001,2,True,52,True,False
vid_00749,TikTok,creator_1105,Entertainment,31,2025-06-11,126,4809,0.0262,0,1,0,10.1,0.326,167,0.0002,0,False,33,True,False
vid_00750,TikTok,creator_0089,Music,46,2024-11-29,1803,109272,0.0165,8,2,1,15.7,0.341,2931,0.0001,1,False,10,False,False
vid_00751,YouTube Shorts,creator_0781,Cooking,25,2025-04-02,4190,205392,0.0204,18,2,1,8.4,0.336,5852,0.0001,1,False,123,False,False
vid_00752,YouTube Shorts,creator_1180,Education,13,2024-11-26,683,136600,0.005,29,1,0,3.6,0.277,1038,0.0002,1,False,92,True,False
vid_00753,TikTok,creator_0172,Fitness,17,2025-04-09,1854,60194,0.0308,26,0,0,1.2,0.071,0,0.0004,3,False,25,True,False
vid_00754,TikTok,creator_0015,News,14,2025-02-09,1224,98709,0.0124,3,3,0,1.2,0.086,0,0.0001,2,True,96,True,False
vid_00755,Instagram,creator_0647,Gaming,30,2024-10-08,2222,39892,0.0557,47,1,2,13.8,0.46,5284,0.0013,5,True,51,True,False
vid_00756,Instagram,creator_0536,Music,24,2024-11-24,7852,198784,0.0395,198,3,1,7.3,0.304,8098,0.001,2,False,127,True,False
vid_00757,Facebook Reels,creator_0814,Beauty,35,2024-11-16,22493,319502,0.0704,69,13,1,17.7,0.506,43114,0.0003,3,False,28,True,False
vid_00758,TikTok,creator_1146,Music,14,2025-01-10,824,164800,0.005,10,0,1,2.9,0.207,4249,0.0001,4,False,73,True,False
vid_00759,TikTok,creator_0816,Comedy,30,2025-05-27,199,11916,0.0167,0,0,0,8.9,0.297,224,0.0,1,True,140,True,False
vid_00760,YouTube Shorts,creator_0332,Education,26,2024-06-15,4926,78066,0.0631,27,2,0,8.4,0.323,15982,0.0004,3,False,80,False,False
vid_00761,YouTube Shorts,creator_0107,Comedy,29,2024-10-29,1652,148828,0.0111,16,3,2,12.5,0.431,2885,0.0001,4,False,69,True,False
vid_00762,TikTok,creator_0298,DIY,21,2025-04-11,103,15606,0.0066,3,1,3,7.9,0.376,1366,0.0004,3,False,41,True,False
vid_00763,TikTok,creator_0164,News,20,2024-01-30,57,2638,0.0216,1,0,1,11.1,0.555,2174,0.0008,3,False,81,False,False
vid_00764,TikTok,creator_1068,Fitness,30,2025-07-06,1620,65853,0.0246,9,1,0,16.1,0.537,201,0.0002,5,False,140,True,False
vid_00765,YouTube Shorts,creator_0359,DIY,9,2024-12-06,617,17578,0.0351,0,2,0,2.0,0.222,5871,0.0001,1,True,59,False,False
vid_00766,Snapchat,creator_1062,Fitness,32,2024-05-31,11946,209578,0.057,95,5,0,6.5,0.203,24111,0.0005,5,True,105,True,False
vid_00767,Instagram,creator_0475,News,19,2024-05-11,2065,212886,0.0097,16,0,0,7.4,0.389,2412,0.0001,2,False,58,True,False
vid_00768,Instagram,creator_0323,Education,29,2024-08-02,1852,110238,0.0168,6,1,1,3.3,0.114,2122,0.0001,7,False,96,True,False
vid_00769,TikTok,creator_0411,Music,23,2024-01-12,3261,278717,0.0117,5,1,0,7.2,0.313,9547,0.0,2,False,50,True,False
vid_00770,TikTok,creator_0583,Music,33,2025-03-28,2614,151098,0.0173,43,1,1,7.0,0.212,3072,0.0003,6,False,52,False,False
vid_00771,TikTok,creator_0399,DIY,28,2024-11-09,1494,46111,0.0324,53,1,1,8.7,0.311,3628,0.0012,3,False,40,True,False
vid_00772,TikTok,creator_0219,Music,19,2024-02-26,13896,735238,0.0189,191,6,2,4.8,0.253,17768,0.0003,3,False,93,True,False
vid_00773,TikTok,creator_1052,Fitness,32,2025-02-21,81,3201,0.0253,0,2,1,14.2,0.444,0,0.0009,3,False,37,True,False
vid_00774,Instagram,creator_0773,News,20,2025-01-10,298,34651,0.0086,2,2,1,11.0,0.55,4509,0.0001,6,False,97,True,False
vid_00775,Facebook Reels,creator_0940,DIY,35,2025-03-31,551,12995,0.0424,3,0,1,8.6,0.246,1806,0.0003,3,False,126,True,False
vid_00776,TikTok,creator_0784,Beauty,19,2025-06-09,811,117536,0.0069,36,2,1,4.1,0.216,232,0.0003,3,False,97,False,False
vid_00777,TikTok,creator_0724,Music,20,2025-02-20,3473,469324,0.0074,43,2,0,5.3,0.265,2800,0.0001,1,True,123,False,False
vid_00778,TikTok,creator_0191,Gaming,32,2025-06-07,5063,175190,0.0289,44,2,0,19.0,0.594,10150,0.0003,2,False,36,True,False
vid_00779,Instagram,creator_0366,DIY,16,2024-08-31,17496,645608,0.0271,74,8,4,4.8,0.3,13123,0.0001,0,False,91,False,False
vid_00780,TikTok,creator_0390,DIY,31,2025-07-26,286,9597,0.0298,15,0,0,5.9,0.19,1083,0.0016,1,False,172,True,False
vid_00781,YouTube Shorts,creator_0424,Beauty,35,2024-06-06,6906,249314,0.0277,136,6,3,13.9,0.397,1718,0.0006,1,False,97,False,False
vid_00782,TikTok,creator_0219,Education,24,2024-03-01,17947,289935,0.0619,228,10,4,13.2,0.55,28226,0.0008,1,False,7,True,False
vid_00783,Instagram,creator_1109,Entertainment,27,2025-01-09,634,39378,0.0161,9,2,0,14.3,0.53,3965,0.0003,1,False,53,True,False
vid_00784,Snapchat,creator_1177,Fitness,29,2025-01-16,3050,156410,0.0195,74,2,0,2.2,0.076,9341,0.0005,1,False,101,True,False
vid_00785,Instagram,creator_0815,Beauty,28,2025-08-05,16110,1477981,0.0109,442,10,3,2.9,0.104,13805,0.0003,1,False,32,True,False
vid_00786,YouTube Shorts,creator_0980,Music,18,2024-01-26,921,156101,0.0059,3,2,0,5.4,0.3,1963,0.0,3,False,55,True,False
vid_00787,Instagram,creator_0358,DIY,34,2024-04-03,2026,90044,0.0225,24,1,0,11.1,0.326,4209,0.0003,2,False,67,True,False
vid_00788,Instagram,creator_0025,Beauty,24,2024-10-21,1936,84541,0.0229,18,1,0,6.2,0.258,3318,0.0002,4,False,146,True,False
vid_00789,Instagram,creator_0532,Comedy,21,2025-03-02,1269,69725,0.0182,10,0,1,8.3,0.395,575,0.0002,3,False,109,True,False
vid_00790,Facebook Reels,creator_0703,Cooking,21,2024-05-22,4035,122272,0.033,36,2,0,1.6,0.076,8566,0.0003,1,False,28,True,False
vid_00791,YouTube Shorts,creator_0763,Cooking,29,2024-11-07,293,29897,0.0098,0,2,0,18.4,0.634,865,0.0001,3,False,103,True,False
vid_00792,TikTok,creator_1180,Beauty,30,2024-03-18,6364,200125,0.0318,93,1,2,5.5,0.183,2787,0.0005,1,False,130,False,False
vid_00793,Instagram,creator_0781,Beauty,16,2024-04-23,585,26470,0.0221,4,1,0,12.2,0.762,0,0.0002,2,False,36,True,False
vid_00794,Instagram,creator_0020,Comedy,19,2024-11-23,1352,97971,0.0138,7,0,0,4.5,0.237,1455,0.0001,2,False,110,False,False
vid_00795,YouTube Shorts,creator_1059,Music,31,2025-07-13,1736,103952,0.0167,39,2,0,19.1,0.616,1722,0.0004,2,False,57,True,False
vid_00796,TikTok,creator_1163,Entertainment,34,2024-11-05,61490,1210433,0.0508,382,33,14,8.5,0.25,94845,0.0004,2,True,39,True,False
vid_00797,TikTok,creator_0521,DIY,10,2025-05-04,646,12281,0.0526,2,3,0,1.8,0.18,3882,0.0004,4,True,122,True,False
vid_00798,TikTok,creator_0738,Music,14,2025-03-09,8479,390737,0.0217,43,5,2,10.8,0.771,10654,0.0001,2,False,5,True,False
vid_00799,TikTok,creator_0249,Cooking,38,2025-06-11,183,5213,0.0351,1,0,0,27.4,0.721,309,0.0002,2,False,58,True,False
vid_00800,Instagram,creator_1103,Comedy,6,2024-08-09,760,152000,0.005,2,4,0,3.7,0.617,1737,0.0,3,False,146,True,False
vid_00801,Instagram,creator_0916,Education,35,2024-10-22,985,24142,0.0408,10,2,1,6.2,0.177,0,0.0005,3,False,54,True,False
vid_00802,Facebook Reels,creator_0344,Cooking,22,2024-11-23,105,7777,0.0135,0,1,0,2.6,0.118,6189,0.0001,6,False,51,True,False
vid_00803,YouTube Shorts,creator_0147,Education,7,2024-05-05,1226,87571,0.014,8,0,0,5.4,0.771,514,0.0001,2,False,28,True,False
vid_00804,Instagram,creator_0548,News,19,2025-05-15,204,21702,0.0094,6,0,2,9.1,0.479,3302,0.0004,2,False,64,False,False
vid_00805,YouTube Shorts,creator_0744,News,18,2025-02-08,51,1677,0.0304,0,1,0,13.4,0.744,0,0.0006,4,False,19,True,False
vid_00806,TikTok,creator_0048,Comedy,30,2025-07-19,2900,159340,0.0182,31,0,2,6.5,0.217,4867,0.0002,1,False,36,True,False
vid_00807,YouTube Shorts,creator_0164,Beauty,25,2024-05-09,1091,22541,0.0484,28,1,1,5.2,0.208,2689,0.0013,3,False,105,True,False
vid_00808,Snapchat,creator_0970,Music,21,2024-02-11,3934,128143,0.0307,15,3,0,2.5,0.119,0,0.0001,3,True,15,True,False
vid_00809,YouTube Shorts,creator_0171,Education,12,2024-07-22,301,6809,0.0442,3,0,0,7.7,0.642,4585,0.0004,0,False,40,True,False
vid_00810,Snapchat,creator_0799,Fitness,31,2024-06-27,65,7386,0.0088,0,3,0,9.5,0.306,0,0.0004,2,False,61,True,False
vid_00811,Instagram,creator_0269,Music,10,2024-05-12,658,28000,0.0235,11,0,1,2.1,0.21,0,0.0004,1,True,36,True,False
vid_00812,YouTube Shorts,creator_0667,DIY,31,2024-12-28,108,5966,0.0181,0,2,0,5.2,0.168,0,0.0003,2,False,27,True,False
vid_00813,TikTok,creator_0912,Comedy,30,2025-06-25,391,61093,0.0064,8,0,0,9.3,0.31,0,0.0001,2,False,81,True,False
vid_00814,Instagram,creator_1156,Gaming,25,2025-02-10,116,7483,0.0155,0,2,1,9.7,0.388,0,0.0004,1,False,24,True,False
vid_00815,Snapchat,creator_0987,Music,17,2024-06-25,1033,103300,0.01,8,0,0,2.3,0.135,3883,0.0001,2,False,48,True,False
vid_00816,TikTok,creator_0533,Comedy,40,2024-08-23,10906,262163,0.0416,427,6,3,30.5,0.762,3530,0.0017,2,True,58,True,False
vid_00817,YouTube Shorts,creator_0280,Cooking,19,2024-08-10,1871,53002,0.0353,63,0,0,10.4,0.547,6049,0.0012,3,False,79,True,False
vid_00818,Snapchat,creator_0978,Fitness,23,2024-01-08,2465,174822,0.0141,16,4,0,11.2,0.487,7448,0.0001,1,False,141,False,False
vid_00819,Instagram,creator_0015,Music,33,2024-10-17,2394,120301,0.0199,5,1,0,22.9,0.694,8525,0.0,2,False,85,False,False
vid_00820,TikTok,creator_0512,Comedy,32,2025-07-09,557,58020,0.0096,1,2,0,12.9,0.403,1917,0.0001,3,False,5,True,False
vid_00821,TikTok,creator_0539,Education,23,2024-11-23,2187,59108,0.037,12,1,0,7.4,0.322,6967,0.0002,2,False,34,True,False
vid_00822,YouTube Shorts,creator_0557,Fitness,17,2025-05-18,128,2165,0.0591,0,1,0,5.0,0.294,3670,0.0005,3,False,168,False,False
vid_00823,TikTok,creator_0141,Comedy,10,2024-04-16,1409,60732,0.0232,21,0,1,2.9,0.29,4349,0.0004,1,False,15,True,False
vid_00824,Instagram,creator_0558,News,13,2025-01-17,3699,440357,0.0084,33,3,1,10.6,0.815,5957,0.0001,1,False,71,True,False
vid_00825,TikTok,creator_1096,Entertainment,30,2024-05-24,100,3610,0.0277,0,3,0,14.1,0.47,1147,0.0008,8,False,90,True,False
vid_00826,TikTok,creator_0898,Entertainment,17,2024-06-29,1769,121164,0.0146,10,2,0,5.1,0.3,0,0.0001,4,True,63,True,False
vid_00827,TikTok,creator_0861,Fitness,28,2025-01-22,723,120500,0.006,1,0,0,6.0,0.214,2705,0.0,1,False,48,True,False
vid_00828,YouTube Shorts,creator_0677,Education,34,2025-08-05,391,55070,0.0071,1,1,1,14.8,0.435,0,0.0001,2,False,102,True,False
vid_00829,YouTube Shorts,creator_0147,Music,41,2024-12-31,535,21314,0.0251,3,0,0,22.3,0.544,0,0.0001,2,False,33,False,False
vid_00830,TikTok,creator_0782,Entertainment,28,2024-04-04,3527,73632,0.0479,91,6,0,2.1,0.075,9862,0.0013,0,False,55,True,False
vid_00831,TikTok,creator_0908,Beauty,20,2025-07-26,88,5789,0.0152,0,2,0,7.6,0.38,1217,0.0003,3,False,7,True,False
vid_00832,YouTube Shorts,creator_0193,Music,21,2025-06-01,2065,413000,0.005,40,0,1,4.9,0.233,1518,0.0001,3,False,68,True,False
vid_00833,Instagram,creator_0640,Cooking,41,2024-05-03,1119,172153,0.0065,14,1,0,8.3,0.202,2332,0.0001,1,False,38,True,False
vid_00834,Snapchat,creator_1067,Education,35,2024-07-15,1049,32781,0.032,21,1,0,26.1,0.746,0,0.0007,0,False,25,True,False
vid_00835,TikTok,creator_0107,Beauty,27,2024-03-28,339,12889,0.0263,2,2,0,4.7,0.174,0,0.0003,3,False,36,True,False
vid_00836,TikTok,creator_0566,News,5,2024-04-02,5973,501932,0.0119,73,2,1,2.2,0.44,15451,0.0002,5,False,92,True,False
vid_00837,Facebook Reels,creator_1191,DIY,38,2025-06-18,743,148600,0.005,14,0,0,23.8,0.626,3407,0.0001,2,False,59,True,False
vid_00838,TikTok,creator_0323,DIY,18,2024-03-11,1159,59132,0.0196,4,3,0,2.3,0.128,59,0.0001,1,False,54,True,False
vid_00839,Facebook Reels,creator_0123,Entertainment,27,2024-10-03,140,5000,0.028,0,1,0,5.2,0.193,0,0.0002,3,False,40,True,False
vid_00840,YouTube Shorts,creator_0258,DIY,18,2024-06-29,3359,409634,0.0082,70,4,0,1.2,0.067,3906,0.0002,2,False,5,True,False
vid_00841,Instagram,creator_0712,DIY,14,2025-07-23,1291,258200,0.005,17,2,1,8.6,0.614,0,0.0001,1,False,97,True,False
vid_00842,TikTok,creator_0276,Fitness,21,2024-01-31,2263,35085,0.0645,76,1,0,9.7,0.462,5752,0.0022,1,False,47,True,False
vid_00843,TikTok,creator_1004,Beauty,23,2025-03-16,1324,74802,0.0177,6,0,1,3.2,0.139,947,0.0001,2,False,86,True,False
vid_00844,YouTube Shorts,creator_0564,News,33,2025-03-06,1638,61578,0.0266,29,1,1,13.7,0.415,5630,0.0005,1,False,27,True,False
vid_00845,TikTok,creator_0540,Music,33,2024-10-12,108,3941,0.0274,0,1,1,31.3,0.948,0,0.0005,2,False,28,True,False
vid_00846,Instagram,creator_0380,Entertainment,46,2025-04-26,722,56406,0.0128,8,0,1,33.3,0.724,3385,0.0002,2,False,54,True,False
vid_00847,TikTok,creator_0130,Music,21,2024-10-27,1930,78137,0.0247,12,1,0,12.1,0.576,4419,0.0002,0,False,83,True,False
vid_00848,YouTube Shorts,creator_0316,News,13,2024-08-07,65,1895,0.0343,2,1,0,4.9,0.377,0,0.0016,0,False,54,True,False
vid_00849,TikTok,creator_1072,Education,19,2024-02-04,7351,1081029,0.0068,99,4,3,7.1,0.374,10695,0.0001,5,False,122,True,False
vid_00850,YouTube Shorts,creator_0414,Education,28,2025-01-11,1021,22004,0.0464,1,2,1,10.8,0.386,4383,0.0002,2,False,66,True,False
vid_00851,Instagram,creator_0796,DIY,5,2025-02-12,1238,31989,0.0387,19,0,0,1.0,0.2,1699,0.0006,3,False,78,True,False
vid_00852,TikTok,creator_0453,News,19,2025-07-11,401,6131,0.0654,4,1,0,7.5,0.395,5117,0.0008,0,True,91,False,False
vid_00853,TikTok,creator_1007,Education,12,2024-12-29,287,57400,0.005,2,2,0,1.7,0.142,3614,0.0001,3,False,19,True,False
vid_00854,Instagram,creator_0852,Cooking,50,2025-07-04,272,17662,0.0154,1,1,0,20.7,0.414,0,0.0001,5,True,72,True,False
vid_00855,Instagram,creator_0145,Fitness,19,2024-03-01,618,16702,0.037,6,1,0,3.9,0.205,968,0.0004,3,False,67,False,False
vid_00856,TikTok,creator_0474,Music,31,2024-10-26,53168,10633600,0.005,365,29,19,10.0,0.323,66590,0.0,1,False,5,True,False
vid_00857,TikTok,creator_0367,Music,35,2025-08-04,3621,220792,0.0164,97,3,1,20.5,0.586,3399,0.0005,1,False,103,True,False
vid_00858,YouTube Shorts,creator_1181,Cooking,26,2025-06-07,3840,261224,0.0147,7,0,0,8.2,0.315,2958,0.0,3,False,40,True,False
vid_00859,Snapchat,creator_0342,Comedy,32,2025-03-03,5389,399185,0.0135,32,2,1,26.8,0.838,3202,0.0001,3,False,43,True,False
vid_00860,TikTok,creator_0908,Cooking,38,2024-09-01,411,17639,0.0233,1,1,1,16.6,0.437,1467,0.0002,4,False,39,False,False
vid_00861,YouTube Shorts,creator_0845,Gaming,26,2025-07-17,6272,98616,0.0636,28,6,1,14.9,0.573,10827,0.0004,2,False,31,True,False
vid_00862,Instagram,creator_0769,Music,16,2025-08-01,4056,401584,0.0101,107,3,0,4.4,0.275,3573,0.0003,2,False,121,False,False
vid_00863,TikTok,creator_0814,Entertainment,28,2025-07-18,505,42436,0.0119,2,2,0,2.8,0.1,1702,0.0001,0,True,146,True,False
vid_00864,TikTok,creator_0277,Fitness,29,2024-01-06,4339,735423,0.0059,1,3,1,1.0,0.034,8150,0.0,1,False,71,True,False
vid_00865,YouTube Shorts,creator_0045,Fitness,22,2025-03-06,1790,358000,0.005,26,2,0,10.1,0.459,61,0.0001,2,False,66,True,False
vid_00866,Instagram,creator_0194,Entertainment,22,2024-12-23,51,1331,0.0383,0,0,1,1.2,0.055,0,0.0008,1,False,73,True,False
vid_00867,TikTok,creator_1193,Beauty,17,2024-06-29,3620,280620,0.0129,39,0,1,7.6,0.447,3371,0.0001,4,False,51,True,False
vid_00868,Instagram,creator_1166,Beauty,5,2025-07-24,228,4269,0.0534,0,1,1,2.2,0.44,55,0.0005,3,True,5,True,False
vid_00869,Instagram,creator_1000,News,5,2024-03-15,186,6179,0.0301,1,1,0,1.0,0.2,2056,0.0003,0,False,57,True,False
vid_00870,YouTube Shorts,creator_1181,Gaming,8,2024-03-01,611,67888,0.009,9,0,0,2.4,0.3,0,0.0001,0,False,92,False,False
vid_00871,TikTok,creator_0890,Gaming,26,2024-04-03,10318,225776,0.0457,74,4,1,6.2,0.238,19815,0.0003,0,False,68,True,False
vid_00872,Instagram,creator_0024,Gaming,24,2024-02-12,11022,2204400,0.005,9,8,3,11.7,0.488,24139,0.0,1,False,108,True,False
vid_00873,Instagram,creator_0307,Cooking,22,2025-01-25,3756,250400,0.015,38,1,1,3.0,0.136,5461,0.0002,3,False,14,True,False
vid_00874,Instagram,creator_0805,DIY,12,2025-08-07,135,11344,0.0119,2,3,0,2.9,0.242,0,0.0004,2,False,85,True,False
vid_00875,TikTok,creator_0594,Gaming,46,2024-04-24,3428,139918,0.0245,28,3,1,35.8,0.778,2739,0.0002,1,False,177,True,False
vid_00876,Instagram,creator_0101,Music,14,2024-11-06,451,12527,0.036,2,3,1,3.2,0.229,3488,0.0005,0,False,121,True,False
vid_00877,TikTok,creator_0268,Comedy,45,2025-01-08,474,45142,0.0105,1,0,0,11.9,0.264,0,0.0,1,False,51,True,False
vid_00878,Instagram,creator_0402,Music,21,2025-04-23,566,13975,0.0405,1,1,1,1.0,0.048,3105,0.0002,4,False,5,True,False
vid_00879,TikTok,creator_0546,Gaming,28,2024-09-08,2553,169072,0.0151,51,3,0,5.9,0.211,6911,0.0003,2,False,116,True,False
vid_00880,TikTok,creator_0848,Gaming,32,2024-10-10,1149,21638,0.0531,8,0,0,4.0,0.125,2233,0.0004,1,False,92,True,False
vid_00881,Instagram,creator_0050,Fitness,13,2024-05-11,64,6037,0.0106,0,1,0,5.0,0.385,2435,0.0002,4,False,35,True,False
vid_00882,Facebook Reels,creator_0906,News,38,2024-04-23,863,62086,0.0139,4,0,0,1.3,0.034,314,0.0001,1,False,5,False,False
vid_00883,TikTok,creator_0766,Comedy,19,2025-07-19,37,1927,0.0192,0,0,2,10.6,0.558,960,0.001,1,False,72,True,False
vid_00884,TikTok,creator_0303,Fitness,35,2024-01-11,352,13968,0.0252,2,1,0,7.4,0.211,588,0.0002,2,False,90,False,False
vid_00885,TikTok,creator_0965,Entertainment,10,2024-09-14,727,13363,0.0544,3,1,0,1.2,0.12,0,0.0003,0,False,60,True,False
vid_00886,TikTok,creator_1072,Fitness,9,2025-03-02,565,17278,0.0327,2,0,0,1.5,0.167,581,0.0001,2,False,115,True,False
vid_00887,TikTok,creator_0038,Gaming,22,2025-03-28,2124,147500,0.0144,14,2,0,10.8,0.491,2034,0.0001,5,False,5,True,False
vid_00888,TikTok,creator_0124,Fitness,28,2024-06-04,5633,339337,0.0166,18,4,1,7.6,0.271,11115,0.0001,3,False,5,True,False
vid_00889,TikTok,creator_0018,Education,36,2024-10-28,9488,208527,0.0455,216,1,1,10.0,0.278,6675,0.001,2,False,68,True,False
vid_00890,Snapchat,creator_0738,Education,39,2024-01-15,477,60379,0.0079,1,1,2,8.3,0.213,3803,0.0001,3,False,5,False,False
vid_00891,TikTok,creator_0780,Music,31,2025-07-05,3239,114452,0.0283,37,1,0,12.9,0.416,6342,0.0003,4,True,73,True,False
vid_00892,YouTube Shorts,creator_1089,Education,34,2024-05-24,2279,163956,0.0139,39,0,0,7.4,0.218,0,0.0002,4,False,72,False,False
vid_00893,Instagram,creator_0045,Entertainment,17,2024-07-11,441,49550,0.0089,1,1,0,5.2,0.306,679,0.0,0,False,82,True,False
vid_00894,Instagram,creator_0322,Entertainment,19,2024-09-26,50,8333,0.006,2,0,2,4.2,0.221,0,0.0005,3,False,86,True,False
vid_00895,TikTok,creator_1027,Fitness,5,2024-02-18,972,40331,0.0241,29,1,0,1.0,0.2,2378,0.0007,2,False,5,False,False
vid_00896,Snapchat,creator_0061,Music,5,2024-08-05,601,26950,0.0223,13,2,0,1.0,0.2,990,0.0006,2,False,48,True,False
vid_00897,TikTok,creator_0282,Education,15,2025-07-20,553,21601,0.0256,1,2,1,6.4,0.427,765,0.0002,2,False,72,False,False
vid_00898,Instagram,creator_0466,Gaming,43,2024-07-05,586,37564,0.0156,6,1,0,6.0,0.14,0,0.0002,2,False,5,True,False
vid_00899,TikTok,creator_0675,DIY,33,2025-02-25,8877,410972,0.0216,84,2,3,11.6,0.352,25489,0.0002,2,False,26,True,False
vid_00900,Instagram,creator_0415,Comedy,23,2024-08-28,1375,58262,0.0236,47,2,0,4.8,0.209,2637,0.0008,2,False,74,False,False
vid_00901,Snapchat,creator_0881,Comedy,22,2025-05-24,13392,1116000,0.012,263,2,4,6.4,0.291,30387,0.0002,1,False,81,False,False
vid_00902,TikTok,creator_1142,Music,39,2025-07-12,3822,134577,0.0284,40,0,0,3.9,0.1,7312,0.0003,1,True,87,True,False
vid_00903,YouTube Shorts,creator_0061,Cooking,39,2024-11-17,7037,289588,0.0243,8,4,2,13.1,0.336,20363,0.0,1,False,72,True,False
vid_00904,YouTube Shorts,creator_0561,Comedy,15,2024-05-25,19921,620591,0.0321,131,10,1,9.6,0.64,34212,0.0002,1,True,45,True,False
vid_00905,YouTube Shorts,creator_0547,News,7,2025-03-16,333,28220,0.0118,4,3,0,2.9,0.414,4303,0.0002,3,False,123,True,False
vid_00906,TikTok,creator_0054,Cooking,37,2024-03-02,1250,42372,0.0295,13,0,0,29.0,0.784,2465,0.0003,4,False,5,True,False
vid_00907,Instagram,creator_0961,Cooking,46,2024-05-22,366,6931,0.0528,4,2,0,8.5,0.185,0,0.0009,0,False,104,True,False
vid_00908,TikTok,creator_0396,Beauty,12,2024-01-26,508,47924,0.0106,2,3,2,1.6,0.133,0,0.0001,1,False,35,False,False
vid_00909,Snapchat,creator_0846,Beauty,27,2025-07-30,4256,127807,0.0333,65,3,1,7.0,0.259,3211,0.0005,2,False,84,True,False
vid_00910,TikTok,creator_0363,DIY,37,2025-04-24,7248,1449600,0.005,115,4,2,13.3,0.359,14995,0.0001,0,False,117,True,False
vid_00911,Instagram,creator_0506,Gaming,36,2024-11-10,2595,110897,0.0234,24,1,1,13.9,0.386,1900,0.0002,5,False,91,True,False
vid_00912,YouTube Shorts,creator_0641,Gaming,45,2025-04-19,1660,66400,0.025,7,0,0,5.8,0.129,4196,0.0001,0,False,101,True,False
vid_00913,Instagram,creator_0079,Music,34,2024-03-25,917,60328,0.0152,1,0,0,10.3,0.303,5139,0.0,3,False,62,False,False
vid_00914,TikTok,creator_0504,Music,29,2025-02-21,726,45949,0.0158,14,2,1,13.7,0.472,0,0.0004,1,False,88,True,False
vid_00915,Instagram,creator_1058,Entertainment,29,2024-05-27,846,105750,0.008,1,1,0,7.1,0.245,2348,0.0,3,False,123,True,False
vid_00916,TikTok,creator_0586,DIY,19,2024-05-09,221,6314,0.035,0,0,1,13.8,0.726,0,0.0002,0,False,114,True,False
vid_00917,TikTok,creator_1059,Comedy,19,2024-12-26,1529,132956,0.0115,13,1,0,9.6,0.505,2610,0.0001,3,False,15,True,False
vid_00918,YouTube Shorts,creator_0232,Comedy,31,2025-03-30,12831,2138500,0.006,33,9,0,10.6,0.342,4532,0.0,4,False,49,True,False
vid_00919,TikTok,creator_0847,Cooking,30,2024-12-16,1504,82637,0.0182,27,2,0,5.7,0.19,2,0.0004,1,True,108,True,False
vid_00920,Snapchat,creator_0414,DIY,5,2024-03-11,41,1980,0.0207,0,3,0,2.8,0.56,913,0.0015,3,False,23,True,False
vid_00921,Snapchat,creator_0336,Education,27,2024-03-11,6,238,0.0252,0,2,0,6.8,0.252,466,0.0084,0,True,6,True,False
vid_00922,TikTok,creator_1073,Gaming,42,2025-07-18,445,39035,0.0114,6,1,0,6.3,0.15,951,0.0002,0,False,5,True,False
vid_00923,Snapchat,creator_0776,Music,20,2024-10-22,999,199800,0.005,0,1,0,2.9,0.145,0,0.0,0,True,39,True,False
vid_00924,TikTok,creator_0308,Comedy,30,2024-04-22,11355,1924576,0.0059,38,6,1,6.9,0.23,16692,0.0,3,False,68,True,False
vid_00925,TikTok,creator_0634,DIY,27,2024-08-12,301,16629,0.0181,3,1,0,13.7,0.507,1992,0.0002,1,False,29,True,False
vid_00926,TikTok,creator_0416,Entertainment,39,2025-04-28,977,195400,0.005,14,2,1,1.8,0.046,1743,0.0001,0,False,39,True,False
vid_00927,Instagram,creator_1022,Music,27,2024-01-05,18126,458886,0.0395,235,9,5,11.6,0.43,54630,0.0005,1,False,5,True,False
vid_00928,TikTok,creator_0975,DIY,33,2024-11-14,1091,218200,0.005,54,0,0,9.6,0.291,3712,0.0002,2,False,114,True,False
vid_00929,TikTok,creator_1121,Fitness,34,2025-04-26,130,6467,0.0201,2,1,1,25.2,0.741,0,0.0006,1,False,54,False,False
vid_00930,TikTok,creator_0379,Comedy,25,2024-02-12,11732,737861,0.0159,86,5,2,6.3,0.252,22770,0.0001,4,False,63,True,False
vid_00931,YouTube Shorts,creator_1184,News,48,2024-08-19,2906,113960,0.0255,20,1,0,43.6,0.908,4573,0.0002,0,False,9,True,False
vid_00932,TikTok,creator_0366,Comedy,8,2025-06-06,590,57843,0.0102,5,0,0,1.7,0.212,1240,0.0001,2,False,77,True,False
vid_00933,Instagram,creator_1173,Music,42,2024-05-17,675,135000,0.005,2,0,1,8.1,0.193,6559,0.0,3,False,153,True,False
vid_00934,TikTok,creator_0074,Education,28,2024-08-20,5429,93603,0.058,134,2,4,6.6,0.236,9394,0.0015,3,False,81,False,False
vid_00935,YouTube Shorts,creator_0876,Music,27,2024-02-20,1319,33907,0.0389,16,0,0,10.7,0.396,1185,0.0005,2,False,32,True,False
vid_00936,Instagram,creator_0563,Cooking,20,2025-02-13,2451,113472,0.0216,7,0,0,4.4,0.22,1140,0.0001,0,False,53,True,False
vid_00937,TikTok,creator_0120,Education,19,2025-03-19,77,8191,0.0094,0,2,0,2.0,0.105,1441,0.0002,3,False,18,True,False
vid_00938,Facebook Reels,creator_0991,News,35,2025-07-02,311,16113,0.0193,3,1,1,21.2,0.606,0,0.0003,1,False,100,True,False
vid_00939,TikTok,creator_1077,News,7,2025-04-29,1235,247000,0.005,11,1,0,2.1,0.3,491,0.0,1,False,42,True,False
vid_00940,Instagram,creator_1065,DIY,21,2025-01-17,1516,81945,0.0185,5,1,0,3.1,0.148,3128,0.0001,1,False,71,False,False
vid_00941,TikTok,creator_0595,Beauty,37,2024-01-02,1658,40242,0.0412,5,0,1,4.2,0.114,1176,0.0001,2,True,5,True,False
vid_00942,YouTube Shorts,creator_0425,News,15,2024-11-18,243,11626,0.0209,0,2,1,2.8,0.187,0,0.0003,0,False,49,True,False
vid_00943,Instagram,creator_0435,Entertainment,9,2025-05-12,8592,166511,0.0516,150,7,3,5.7,0.633,4829,0.001,5,False,68,True,False
vid_00944,YouTube Shorts,creator_0631,Fitness,12,2025-01-28,2980,320430,0.0093,26,0,0,4.1,0.342,5963,0.0001,3,False,58,True,False
vid_00945,TikTok,creator_0683,Cooking,24,2024-11-03,2487,243823,0.0102,37,0,0,5.3,0.221,3668,0.0002,3,False,5,True,False
vid_00946,TikTok,creator_0360,Beauty,23,2024-09-13,6946,332344,0.0209,213,3,1,3.1,0.135,8889,0.0007,1,False,82,False,False
vid_00947,Instagram,creator_0972,Entertainment,12,2025-05-16,692,115333,0.006,10,1,2,6.3,0.525,306,0.0001,1,False,150,True,False
vid_00948,Instagram,creator_1100,Cooking,40,2024-12-25,836,18956,0.0441,1,0,1,12.3,0.308,4690,0.0001,2,False,117,True,False
vid_00949,YouTube Shorts,creator_1068,Fitness,13,2025-03-14,2319,105890,0.0219,18,2,0,3.6,0.277,6707,0.0002,4,False,59,True,False
vid_00950,Instagram,creator_0427,News,18,2025-06-16,14641,982617,0.0149,184,6,1,2.0,0.111,31704,0.0002,5,False,83,False,False
vid_00951,YouTube Shorts,creator_0136,Comedy,18,2024-08-05,725,88414,0.0082,16,0,0,6.9,0.383,3423,0.0002,1,False,30,True,False
vid_00952,TikTok,creator_1095,Comedy,39,2025-03-19,357,5748,0.0621,13,2,1,32.4,0.831,0,0.0028,0,False,137,True,False
vid_00953,TikTok,creator_0632,Cooking,5,2025-07-05,1346,75617,0.0178,9,0,1,1.6,0.32,2104,0.0001,0,True,43,True,False
vid_00954,Instagram,creator_0487,Cooking,28,2024-12-17,469,52111,0.009,0,0,0,3.8,0.136,508,0.0,0,False,78,True,False
vid_00955,Instagram,creator_0359,Education,33,2024-10-17,805,60074,0.0134,6,1,0,3.8,0.115,1660,0.0001,0,False,69,True,False
vid_00956,Snapchat,creator_0909,Music,18,2024-01-20,4070,264285,0.0154,52,0,0,5.7,0.317,8939,0.0002,1,False,5,False,False
vid_00957,TikTok,creator_0697,DIY,27,2025-07-22,108,8120,0.0133,4,0,1,5.7,0.211,2375,0.0006,2,False,54,True,False
vid_00958,TikTok,creator_0202,Music,20,2025-06-09,240,9958,0.0241,0,0,1,9.8,0.49,0,0.0001,1,False,61,True,False
vid_00959,TikTok,creator_0794,Music,16,2024-03-30,1066,53300,0.02,1,1,0,12.4,0.775,1657,0.0,2,True,99,False,False
vid_00960,Instagram,creator_0179,Cooking,35,2024-12-28,3311,60530,0.0547,109,1,3,4.3,0.123,4968,0.0019,1,False,55,True,False
vid_00961,YouTube Shorts,creator_0640,Entertainment,26,2025-03-24,73230,13314545,0.0055,682,39,11,14.4,0.554,162180,0.0001,3,False,35,True,False
vid_00962,TikTok,creator_0411,Beauty,5,2024-08-10,6980,413017,0.0169,17,5,1,2.1,0.42,999,0.0001,2,False,49,True,False
vid_00963,TikTok,creator_0241,Fitness,43,2024-04-25,58,11600,0.005,0,0,0,13.4,0.312,0,0.0,3,False,9,True,False
vid_00964,Facebook Reels,creator_1147,Music,17,2024-03-20,2499,85876,0.0291,12,3,1,14.5,0.853,4748,0.0002,0,False,74,True,False
vid_00965,TikTok,creator_0290,Fitness,25,2025-03-21,598,119600,0.005,1,1,0,1.0,0.04,0,0.0,2,False,124,True,False
vid_00966,Instagram,creator_0694,Music,20,2024-12-10,10842,1485205,0.0073,111,4,2,7.8,0.39,15292,0.0001,1,True,117,True,False
vid_00967,Snapchat,creator_0104,Education,15,2024-10-24,306,61200,0.005,6,0,1,1.8,0.12,821,0.0001,2,True,76,True,False
vid_00968,TikTok,creator_0914,News,23,2024-10-03,1932,131428,0.0147,21,1,0,8.7,0.378,1724,0.0002,3,False,15,False,False
vid_00969,YouTube Shorts,creator_1093,Education,39,2024-12-27,354,22405,0.0158,2,1,1,8.6,0.221,0,0.0002,4,False,111,True,False
vid_00970,YouTube Shorts,creator_0960,Education,22,2024-12-19,357,9889,0.0361,5,1,0,3.6,0.164,1787,0.0006,3,False,112,True,False
vid_00971,YouTube Shorts,creator_0964,Beauty,12,2024-06-22,26482,1055059,0.0251,340,16,8,3.9,0.325,39580,0.0003,2,False,77,False,False
vid_00972,TikTok,creator_0745,Gaming,17,2024-05-22,1398,73193,0.0191,12,2,0,3.2,0.188,0,0.0002,0,False,51,True,False
vid_00973,YouTube Shorts,creator_0666,DIY,32,2025-01-13,32,6400,0.005,0,0,2,10.3,0.322,451,0.0003,3,True,19,True,False
vid_00974,TikTok,creator_0945,Comedy,37,2024-08-07,347,60877,0.0057,6,0,0,4.1,0.111,0,0.0001,2,False,45,True,False
vid_00975,TikTok,creator_0211,Gaming,30,2025-07-08,150,18518,0.0081,1,1,1,10.2,0.34,0,0.0002,3,False,40,True,False
vid_00976,Instagram,creator_0619,Music,28,2024-12-24,5871,501794,0.0117,93,1,1,23.1,0.825,7725,0.0002,6,False,19,True,False
vid_00977,Instagram,creator_1123,Comedy,28,2025-01-09,1878,199787,0.0094,13,1,0,18.6,0.664,6173,0.0001,0,False,43,True,False
vid_00978,YouTube Shorts,creator_0883,Gaming,33,2025-03-16,416,14006,0.0297,7,0,0,2.7,0.082,0,0.0005,1,False,112,True,False
vid_00979,TikTok,creator_0160,News,22,2025-01-12,580,32768,0.0177,11,1,2,9.8,0.445,3775,0.0004,4,True,46,True,False
vid_00980,TikTok,creator_0200,DIY,33,2024-05-16,131,5177,0.0253,0,0,1,21.8,0.661,0,0.0002,3,False,22,True,False
vid_00981,Instagram,creator_0777,Cooking,33,2025-01-18,3617,202067,0.0179,9,1,0,15.3,0.464,7453,0.0,2,False,125,True,False
vid_00982,TikTok,creator_0285,News,27,2025-05-09,4400,224489,0.0196,17,3,1,3.6,0.133,13087,0.0001,0,False,78,True,False
vid_00983,Instagram,creator_0928,Music,41,2024-08-14,12439,621950,0.02,62,4,1,8.1,0.198,32886,0.0001,0,False,139,True,False
vid_00984,TikTok,creator_0649,Fitness,24,2025-03-18,318,47462,0.0067,1,2,0,5.7,0.238,1319,0.0001,2,False,5,True,False
vid_00985,Snapchat,creator_0891,Cooking,33,2024-03-10,22,1215,0.0181,0,2,0,3.2,0.097,0,0.0016,2,False,64,True,False
vid_00986,Instagram,creator_0262,Fitness,31,2024-02-18,2316,130847,0.0177,18,2,0,12.5,0.403,6215,0.0002,4,False,5,True,False
vid_00987,TikTok,creator_1147,Cooking,25,2024-03-26,12191,669835,0.0182,173,4,2,14.6,0.584,31170,0.0003,2,False,33,False,False
vid_00988,TikTok,creator_0808,Cooking,18,2025-07-06,1397,116416,0.012,17,1,1,7.2,0.4,3314,0.0002,0,False,5,True,False
vid_00989,Instagram,creator_0356,DIY,24,2024-04-18,3108,136315,0.0228,22,2,0,3.0,0.125,8436,0.0002,0,False,63,True,False
vid_00990,Snapchat,creator_0855,Comedy,34,2024-08-12,967,120875,0.008,31,0,0,8.4,0.247,22,0.0003,0,False,5,True,False
vid_00991,TikTok,creator_0147,Entertainment,28,2024-04-21,930,72093,0.0129,4,0,0,24.0,0.857,1348,0.0001,0,False,143,True,False
vid_00992,TikTok,creator_0279,Education,11,2024-04-16,1263,252600,0.005,1,2,0,1.0,0.091,2228,0.0,2,False,22,True,False
vid_00993,Instagram,creator_0872,News,32,2024-05-19,3538,364742,0.0097,0,2,1,5.8,0.181,3460,0.0,3,False,31,True,False
vid_00994,YouTube Shorts,creator_0788,Cooking,25,2024-06-24,7159,342535,0.0209,22,3,2,15.2,0.608,22251,0.0001,0,False,82,True,False
vid_00995,Instagram,creator_0485,Music,5,2024-07-28,1108,85230,0.013,3,1,0,2.2,0.44,1546,0.0,4,False,101,True,False
vid_00996,TikTok,creator_0078,News,41,2025-01-10,9529,267668,0.0356,54,2,0,6.1,0.149,24913,0.0002,1,False,5,True,False
vid_00997,Instagram,creator_0164,Comedy,16,2025-07-21,3132,145674,0.0215,34,2,0,7.2,0.45,125,0.0002,0,False,75,False,False
vid_00998,Facebook Reels,creator_0573,DIY,5,2025-02-05,1126,61530,0.0183,13,1,0,3.0,0.6,1771,0.0002,2,True,9,False,False
vid_00999,TikTok,creator_0968,Education,21,2025-06-15,1508,301600,0.005,69,1,0,15.9,0.757,2293,0.0002,1,False,73,False,False
vid_01000,TikTok,creator_0109,Cooking,32,2025-02-19,10527,1644843,0.0064,44,1,3,2.5,0.078,6112,0.0,2,False,72,True,False
vid_01001,Instagram,creator_0961,News,35,2025-07-23,6991,1398200,0.005,54,3,1,22.4,0.64,15756,0.0,3,False,71,True,False
vid_01002,Facebook Reels,creator_0604,Fitness,35,2024-05-10,20159,2428795,0.0083,216,8,6,12.4,0.354,55035,0.0001,1,True,72,False,False
vid_01003,YouTube Shorts,creator_1155,Fitness,21,2024-02-17,2419,138228,0.0175,21,3,0,8.6,0.41,0,0.0002,3,False,64,True,False
vid_01004,Instagram,creator_0598,News,30,2024-01-22,1075,17508,0.0614,10,0,1,3.8,0.127,1713,0.0006,1,False,35,True,False
vid_01005,Instagram,creator_0570,Fitness,22,2024-04-12,18692,1205935,0.0155,59,10,8,11.1,0.505,36590,0.0001,2,False,86,True,False
vid_01006,TikTok,creator_0229,News,24,2024-05-15,13933,622008,0.0224,72,12,2,5.5,0.229,19338,0.0001,2,False,73,True,False
vid_01007,Instagram,creator_0758,Comedy,27,2024-07-21,19999,563352,0.0355,401,16,3,18.7,0.693,55872,0.0007,1,False,62,True,False
vid_01008,TikTok,creator_1081,Entertainment,18,2024-09-23,267,26969,0.0099,8,2,0,5.5,0.306,0,0.0004,4,False,57,False,False
vid_01009,Instagram,creator_0316,DIY,31,2025-08-07,7425,343750,0.0216,111,4,1,10.7,0.345,22175,0.0003,3,False,53,True,False
vid_01010,TikTok,creator_0902,Comedy,41,2024-06-12,1260,33870,0.0372,13,1,1,5.8,0.141,3702,0.0004,1,False,5,False,False
vid_01011,TikTok,creator_0542,Education,10,2024-02-10,2373,226000,0.0105,2,1,0,3.1,0.31,4541,0.0,3,False,47,True,False
vid_01012,TikTok,creator_1091,Beauty,23,2024-10-21,1005,55833,0.018,5,0,1,10.1,0.439,0,0.0001,1,False,5,True,False
vid_01013,TikTok,creator_1087,Gaming,31,2024-01-10,1807,26612,0.0679,29,3,0,23.8,0.768,296,0.0012,3,False,30,False,False
vid_01014,TikTok,creator_0647,Music,32,2025-06-14,3396,75132,0.0452,11,1,0,10.5,0.328,6240,0.0002,0,False,5,True,False
vid_01015,Instagram,creator_0725,Gaming,30,2025-04-19,44,2018,0.0218,0,2,0,20.1,0.67,736,0.001,2,False,58,False,False
vid_01016,TikTok,creator_0547,Education,32,2024-07-17,814,32822,0.0248,2,0,0,3.5,0.109,214,0.0001,1,False,40,True,False
vid_01017,YouTube Shorts,creator_0496,News,31,2024-05-31,246,6227,0.0395,3,0,0,7.9,0.255,0,0.0005,3,False,5,True,False
vid_01018,Facebook Reels,creator_0642,Music,18,2024-01-09,399,11432,0.0349,16,2,1,7.5,0.417,5442,0.0017,3,False,86,False,False
vid_01019,TikTok,creator_0201,Music,18,2024-03-21,237,11074,0.0214,1,0,1,6.8,0.378,0,0.0002,2,False,92,True,False
vid_01020,YouTube Shorts,creator_0516,Beauty,30,2024-01-27,1304,120740,0.0108,4,0,0,3.7,0.123,2039,0.0,1,True,45,True,False
vid_01021,Snapchat,creator_0445,News,40,2025-05-10,197,6175,0.0319,0,1,1,14.4,0.36,491,0.0003,1,False,43,False,False
vid_01022,TikTok,creator_0267,Gaming,5,2025-05-24,2752,398840,0.0069,14,2,1,2.0,0.4,0,0.0,5,False,125,True,False
vid_01023,YouTube Shorts,creator_0379,Education,18,2025-06-24,5785,741666,0.0078,34,1,1,11.5,0.639,2325,0.0,6,False,17,True,False
vid_01024,Instagram,creator_0156,DIY,7,2024-08-02,185,37000,0.005,0,1,0,2.8,0.4,0,0.0,6,False,97,True,False
vid_01025,Instagram,creator_0663,Fitness,29,2024-05-05,2447,154873,0.0158,21,1,0,5.1,0.176,4249,0.0001,4,False,65,True,False
vid_01026,TikTok,creator_0796,Cooking,21,2024-02-16,4458,325401,0.0137,28,3,1,8.3,0.395,12191,0.0001,1,False,60,False,False
vid_01027,TikTok,creator_0143,DIY,35,2024-06-04,412,28811,0.0143,2,0,0,6.1,0.174,0,0.0001,2,False,108,True,False
vid_01028,Instagram,creator_0295,Music,21,2024-11-30,157,10608,0.0148,0,1,0,4.6,0.219,0,0.0001,2,False,5,True,False
vid_01029,Snapchat,creator_0531,Education,29,2024-01-28,729,123559,0.0059,1,2,1,8.3,0.286,0,0.0,2,True,5,True,False
vid_01030,TikTok,creator_0914,Entertainment,22,2025-01-21,27978,1942916,0.0144,69,17,9,12.1,0.55,81564,0.0,2,False,22,True,False
vid_01031,Snapchat,creator_0800,Fitness,26,2024-04-27,4871,267637,0.0182,55,3,0,3.8,0.146,13074,0.0002,1,False,83,False,False
vid_01032,Instagram,creator_1056,DIY,36,2025-01-06,2129,85846,0.0248,9,0,1,14.0,0.389,3494,0.0001,0,False,127,False,False
vid_01033,YouTube Shorts,creator_0144,Music,36,2024-06-24,433,86600,0.005,1,1,1,11.0,0.306,3016,0.0,1,True,118,False,False
vid_01034,YouTube Shorts,creator_0988,Education,23,2025-03-16,1099,33404,0.0329,8,0,0,14.7,0.639,2028,0.0002,2,False,5,False,False
vid_01035,TikTok,creator_0621,Gaming,13,2024-02-12,468,9831,0.0476,0,2,0,5.5,0.423,1158,0.0002,1,False,116,False,False
vid_01036,TikTok,creator_1095,Cooking,9,2024-03-03,2421,83771,0.0289,40,2,1,3.3,0.367,3479,0.0005,3,False,129,True,False
vid_01037,TikTok,creator_0416,Comedy,24,2025-03-06,467,48645,0.0096,4,3,0,15.6,0.65,1603,0.0001,6,True,91,True,False
vid_01038,TikTok,creator_0799,Education,36,2025-05-04,2648,210158,0.0126,30,3,0,6.7,0.186,3531,0.0002,2,False,106,True,False
vid_01039,Snapchat,creator_0897,Beauty,39,2024-04-18,1930,112865,0.0171,3,1,1,12.8,0.328,0,0.0,0,True,5,True,False
vid_01040,Facebook Reels,creator_0489,DIY,38,2024-10-28,212,33125,0.0064,1,0,0,11.4,0.3,0,0.0,3,True,56,True,False
vid_01041,TikTok,creator_1094,DIY,30,2024-01-13,1468,183500,0.008,17,0,1,15.0,0.5,1922,0.0001,2,True,37,True,False
vid_01042,YouTube Shorts,creator_0088,Gaming,10,2024-04-01,2003,62593,0.032,27,1,0,2.7,0.27,4385,0.0004,2,False,39,True,False
vid_01043,Instagram,creator_1099,Comedy,20,2025-07-29,37,1868,0.0198,0,1,1,4.9,0.245,1817,0.0011,2,False,5,False,False
vid_01044,TikTok,creator_0290,DIY,18,2025-05-22,2715,92979,0.0292,76,0,0,2.9,0.161,0,0.0008,4,True,81,False,False
vid_01045,Instagram,creator_0498,Comedy,29,2024-01-12,326,8534,0.0382,5,2,1,2.4,0.083,0,0.0009,2,False,37,True,False
vid_01046,TikTok,creator_0200,DIY,20,2025-04-19,1748,349600,0.005,2,1,0,5.7,0.285,5979,0.0,2,False,105,True,False
vid_01047,YouTube Shorts,creator_0218,Education,30,2025-01-21,12984,633365,0.0205,495,10,3,5.1,0.17,12107,0.0008,1,False,85,True,False
vid_01048,TikTok,creator_0416,Gaming,35,2024-09-19,14188,490934,0.0289,71,9,1,14.0,0.4,33274,0.0002,4,False,25,False,False
vid_01049,Instagram,creator_0665,Education,22,2025-06-15,486,24059,0.0202,0,2,0,6.6,0.3,0,0.0001,2,False,10,True,False
vid_01050,YouTube Shorts,creator_0437,Entertainment,29,2025-04-05,267,27244,0.0098,2,0,0,9.6,0.331,3052,0.0001,4,False,66,True,False
vid_01051,TikTok,creator_0851,Comedy,37,2025-06-24,1769,51127,0.0346,2,0,1,6.4,0.173,0,0.0001,3,False,81,True,False
vid_01052,TikTok,creator_1192,Entertainment,39,2024-04-13,30,606,0.0495,0,0,1,12.6,0.323,1144,0.0017,5,True,89,False,False
vid_01053,Instagram,creator_0324,Entertainment,21,2025-01-13,6436,1287200,0.005,73,4,1,8.1,0.386,10134,0.0001,2,True,110,True,False
vid_01054,Snapchat,creator_0582,Gaming,17,2025-06-22,1494,38604,0.0387,17,2,1,9.8,0.576,1821,0.0005,3,False,53,True,False
vid_01055,Instagram,creator_0423,Comedy,33,2025-05-11,486,9548,0.0509,6,1,0,9.4,0.285,4067,0.0007,0,False,101,True,False
vid_01056,TikTok,creator_0358,News,45,2025-06-21,3246,90924,0.0357,92,2,0,3.7,0.082,6329,0.001,5,True,7,True,False
vid_01057,Instagram,creator_0181,Fitness,36,2024-09-27,2018,78828,0.0256,9,0,0,4.0,0.111,5440,0.0001,2,False,16,True,False
vid_01058,TikTok,creator_1086,Education,16,2025-04-25,154,7623,0.0202,2,0,1,9.8,0.612,1808,0.0004,2,False,9,True,False
vid_01059,Instagram,creator_0450,DIY,37,2025-05-01,4914,477087,0.0103,49,5,0,10.1,0.273,3213,0.0001,6,False,28,True,False
vid_01060,TikTok,creator_0306,DIY,32,2025-01-21,11408,394740,0.0289,52,2,2,7.2,0.225,28624,0.0001,2,False,110,True,False
vid_01061,TikTok,creator_0746,Fitness,24,2024-06-11,979,26603,0.0368,12,1,0,4.4,0.183,2946,0.0005,1,False,18,True,False
vid_01062,YouTube Shorts,creator_0929,Entertainment,17,2024-03-22,4020,156420,0.0257,41,5,0,1.8,0.106,4885,0.0003,5,False,64,False,False
vid_01063,TikTok,creator_0060,DIY,7,2025-02-03,656,28034,0.0234,15,0,0,1.4,0.2,1213,0.0005,5,True,47,False,False
vid_01064,YouTube Shorts,creator_1188,Cooking,24,2024-11-21,1091,125402,0.0087,8,1,0,2.5,0.104,4049,0.0001,3,False,58,True,False
vid_01065,TikTok,creator_0226,Cooking,12,2024-06-25,99,3897,0.0254,0,2,0,1.0,0.083,9,0.0005,3,True,71,True,False
vid_01066,YouTube Shorts,creator_0770,Beauty,23,2024-02-27,9506,1901200,0.005,237,8,1,6.1,0.265,18156,0.0001,2,False,5,True,False
vid_01067,Snapchat,creator_0297,Beauty,22,2025-04-18,541,55204,0.0098,15,1,1,17.4,0.791,1314,0.0003,0,False,101,True,False
vid_01068,TikTok,creator_0398,Cooking,29,2024-07-28,1490,87134,0.0171,16,1,2,18.7,0.645,3787,0.0002,0,False,122,True,False
vid_01069,Instagram,creator_0123,Fitness,21,2024-04-16,58,4833,0.012,0,2,1,7.8,0.371,0,0.0006,6,True,69,True,False
vid_01070,TikTok,creator_0704,Beauty,28,2024-08-17,92,6344,0.0145,1,0,0,5.1,0.182,0,0.0002,5,False,54,False,False
vid_01071,Instagram,creator_0349,News,19,2025-03-05,304,26902,0.0113,3,1,0,2.6,0.137,1329,0.0001,0,False,143,True,False
vid_01072,YouTube Shorts,creator_1002,Beauty,16,2025-04-04,645,56086,0.0115,0,2,0,6.8,0.425,2061,0.0,0,False,30,True,False
vid_01073,TikTok,creator_0877,Beauty,10,2024-07-11,533,25873,0.0206,1,1,0,1.0,0.1,2052,0.0001,2,False,21,True,False
vid_01074,Snapchat,creator_0306,News,32,2024-01-04,672,14482,0.0464,3,0,1,5.5,0.172,0,0.0003,4,False,131,True,False
vid_01075,Facebook Reels,creator_1033,Entertainment,18,2024-11-26,9394,465049,0.0202,54,7,2,1.4,0.078,10766,0.0001,2,False,87,True,False
vid_01076,YouTube Shorts,creator_0201,DIY,22,2025-01-19,30776,5595636,0.0055,142,21,6,9.8,0.445,73873,0.0,2,False,56,True,False
vid_01077,TikTok,creator_0833,Beauty,30,2024-04-13,458,19572,0.0234,2,0,0,17.1,0.57,1071,0.0001,4,False,29,True,False
vid_01078,Facebook Reels,creator_0033,DIY,15,2025-06-03,83,3705,0.0224,0,1,1,9.3,0.62,0,0.0005,2,False,37,True,False
vid_01079,YouTube Shorts,creator_1196,Entertainment,24,2024-12-19,10522,310383,0.0339,218,3,1,6.8,0.283,25789,0.0007,1,False,56,True,False
vid_01080,YouTube Shorts,creator_0379,Cooking,27,2025-05-01,815,105844,0.0077,10,1,0,12.8,0.474,2424,0.0001,0,False,18,True,False
vid_01081,YouTube Shorts,creator_0145,Gaming,13,2025-06-20,643,64949,0.0099,13,4,0,2.0,0.154,1608,0.0003,2,False,5,True,False
vid_01082,TikTok,creator_0553,News,41,2025-02-25,40574,2345317,0.0173,433,27,6,15.6,0.38,35439,0.0002,7,False,93,True,False
vid_01083,Instagram,creator_0688,Entertainment,42,2025-02-03,105,2720,0.0386,4,0,0,25.6,0.61,2577,0.0015,2,False,46,True,False
vid_01084,Snapchat,creator_0228,Gaming,18,2024-10-10,2150,47461,0.0453,7,1,1,8.0,0.444,4291,0.0002,2,False,5,True,False
vid_01085,TikTok,creator_1145,Education,21,2025-03-11,1273,20368,0.0625,30,0,0,7.1,0.338,2414,0.0015,1,False,106,True,False
vid_01086,Facebook Reels,creator_0489,Music,27,2024-03-29,136,3341,0.0407,1,1,0,4.5,0.167,0,0.0006,0,False,8,True,False
vid_01087,YouTube Shorts,creator_0430,Beauty,15,2024-09-05,1392,133846,0.0104,23,2,0,1.2,0.08,1976,0.0002,1,False,65,True,False
vid_01088,Instagram,creator_0568,Entertainment,16,2024-02-19,8587,205923,0.0417,208,6,2,8.5,0.531,19598,0.001,2,False,33,True,False
vid_01089,Instagram,creator_0252,DIY,22,2025-07-05,1626,100370,0.0162,34,1,1,1.3,0.059,1090,0.0004,2,False,97,False,False
vid_01090,Snapchat,creator_0926,News,22,2024-10-12,416,25365,0.0164,8,1,2,7.2,0.327,0,0.0004,2,False,13,False,False
vid_01091,YouTube Shorts,creator_0135,Beauty,33,2024-12-21,87,4971,0.0175,1,0,2,14.6,0.442,0,0.0006,1,True,83,True,False
vid_01092,TikTok,creator_0158,Education,32,2024-05-07,588,71707,0.0082,5,1,0,3.6,0.112,0,0.0001,3,False,49,True,False
vid_01093,Instagram,creator_0419,Music,43,2025-05-02,10344,328380,0.0315,113,11,1,7.4,0.172,23563,0.0004,2,True,42,True,False
vid_01094,Instagram,creator_0271,DIY,28,2024-09-26,6409,180028,0.0356,52,2,0,13.9,0.496,17413,0.0003,1,False,5,True,False
vid_01095,TikTok,creator_0388,Education,40,2024-01-18,2746,150054,0.0183,10,4,1,2.1,0.053,4263,0.0001,0,False,188,True,False
vid_01096,Snapchat,creator_0688,Gaming,20,2025-03-25,22618,1061877,0.0213,365,11,4,5.1,0.255,51118,0.0004,3,False,72,True,False
vid_01097,TikTok,creator_1086,Music,38,2024-12-11,1969,289558,0.0068,27,1,0,8.8,0.232,7101,0.0001,1,False,63,True,False
vid_01098,Snapchat,creator_0628,Comedy,36,2024-07-20,630,85135,0.0074,1,3,1,23.2,0.644,186,0.0001,1,False,5,True,False
vid_01099,TikTok,creator_0097,Comedy,18,2024-10-01,601,12290,0.0489,1,1,1,4.1,0.228,0,0.0002,0,False,69,False,False
vid_01100,Instagram,creator_0330,Music,13,2024-08-09,4989,89408,0.0558,31,2,1,2.4,0.185,2820,0.0004,2,False,109,True,False
vid_01101,YouTube Shorts,creator_0315,Comedy,32,2024-07-03,3679,98632,0.0373,30,1,3,12.7,0.397,4619,0.0003,1,True,6,False,False
vid_01102,Instagram,creator_0903,Fitness,17,2024-10-14,2853,352222,0.0081,8,1,2,4.4,0.259,4590,0.0,1,False,10,True,False
vid_01103,TikTok,creator_0650,Cooking,15,2024-04-24,257,19037,0.0135,1,0,0,3.4,0.227,759,0.0001,3,False,71,True,False
vid_01104,TikTok,creator_0618,Education,21,2024-01-20,2265,92073,0.0246,35,0,0,6.9,0.329,3882,0.0004,0,False,86,True,False
vid_01105,TikTok,creator_0939,Cooking,51,2024-05-01,5950,360606,0.0165,183,3,1,6.7,0.131,19001,0.0005,1,True,128,True,False
vid_01106,Facebook Reels,creator_0679,Fitness,34,2025-01-03,4779,487653,0.0098,35,4,0,9.4,0.276,5738,0.0001,6,False,64,False,False
vid_01107,YouTube Shorts,creator_1175,Comedy,17,2025-03-15,118,2318,0.0509,1,1,0,11.4,0.671,0,0.0009,0,False,66,False,False
vid_01108,TikTok,creator_0231,DIY,49,2024-02-01,324,64800,0.005,7,1,0,14.6,0.298,657,0.0001,1,False,17,True,False
vid_01109,TikTok,creator_0823,News,33,2024-06-20,850,20190,0.0421,4,1,1,14.9,0.452,2902,0.0003,6,False,7,True,False
vid_01110,TikTok,creator_0400,News,39,2025-02-12,9966,1993200,0.005,160,4,0,12.4,0.318,22255,0.0001,0,False,143,False,False
vid_01111,TikTok,creator_0047,Education,35,2025-02-22,1579,80561,0.0196,4,1,0,1.8,0.051,2438,0.0001,2,False,93,True,False
vid_01112,Facebook Reels,creator_1049,Gaming,38,2024-05-31,1184,185000,0.0064,12,2,0,6.9,0.182,4096,0.0001,2,False,132,True,False
vid_01113,Instagram,creator_0115,Cooking,29,2024-11-04,2563,239532,0.0107,19,1,0,11.4,0.393,4779,0.0001,3,False,105,False,False
vid_01114,TikTok,creator_0764,Entertainment,8,2024-08-09,102,1969,0.0518,0,0,0,4.4,0.55,5,0.0,2,False,54,True,False
vid_01115,TikTok,creator_1149,Education,13,2024-06-16,905,46173,0.0196,11,2,1,1.6,0.123,2035,0.0003,3,False,112,True,False
vid_01116,Facebook Reels,creator_0907,Fitness,28,2024-05-07,3107,103913,0.0299,49,4,0,15.3,0.546,4462,0.0005,2,False,45,False,False
vid_01117,TikTok,creator_0849,Comedy,32,2025-04-01,7752,1360000,0.0057,50,3,1,9.5,0.297,18445,0.0,0,False,88,True,False
vid_01118,TikTok,creator_1076,Cooking,27,2024-02-21,33839,505814,0.0669,351,14,10,4.5,0.167,66819,0.0007,5,False,28,True,False
vid_01119,TikTok,creator_0014,Gaming,37,2025-05-11,1073,120561,0.0089,41,1,1,17.3,0.468,0,0.0004,1,False,5,True,False
vid_01120,Instagram,creator_1164,Comedy,10,2024-06-03,9360,403448,0.0232,36,1,3,5.0,0.5,28617,0.0001,2,False,63,True,False
vid_01121,Instagram,creator_0087,Fitness,33,2025-03-30,819,87127,0.0094,3,1,0,4.7,0.142,0,0.0,1,False,5,True,False
vid_01122,Instagram,creator_0055,Entertainment,19,2024-04-29,874,29829,0.0293,4,1,0,9.6,0.505,3171,0.0002,1,False,5,False,False
vid_01123,YouTube Shorts,creator_0968,Education,33,2025-05-22,765,17191,0.0445,9,0,1,7.9,0.239,2829,0.0006,3,False,20,True,False
vid_01124,TikTok,creator_0502,Entertainment,22,2024-04-02,334,12234,0.0273,7,3,0,6.0,0.273,3104,0.0008,0,False,116,True,False
vid_01125,Facebook Reels,creator_0741,News,13,2025-01-08,2883,138605,0.0208,18,2,0,4.6,0.354,1908,0.0001,1,False,48,False,False
vid_01126,Instagram,creator_0975,Education,19,2024-10-16,2422,266153,0.0091,73,1,1,3.2,0.168,5011,0.0003,1,False,36,True,False
vid_01127,YouTube Shorts,creator_0334,News,23,2024-02-15,6179,264059,0.0234,117,0,2,10.5,0.457,17850,0.0005,1,False,22,True,False
vid_01128,Instagram,creator_0732,Comedy,20,2024-02-11,1259,74940,0.0168,11,0,0,3.1,0.155,4600,0.0001,4,False,135,True,False
vid_01129,Snapchat,creator_0730,Entertainment,30,2024-08-13,5618,168708,0.0333,67,3,1,17.1,0.57,4483,0.0004,0,False,120,True,False
vid_01130,TikTok,creator_0397,Comedy,41,2024-03-14,1199,49341,0.0243,13,2,1,14.6,0.356,4347,0.0003,3,False,113,True,False
vid_01131,TikTok,creator_0648,Fitness,33,2024-07-29,5366,145027,0.037,12,1,5,20.1,0.609,6876,0.0001,1,False,62,True,False
vid_01132,TikTok,creator_1188,Cooking,32,2024-04-21,1667,21317,0.0782,62,1,1,6.3,0.197,3170,0.003,5,True,46,True,False
vid_01133,TikTok,creator_0994,Gaming,28,2024-09-21,813,22520,0.0361,2,1,2,14.2,0.507,1860,0.0002,0,False,53,True,False
vid_01134,TikTok,creator_1031,Beauty,5,2024-05-26,500,40650,0.0123,5,1,1,1.8,0.36,2511,0.0002,0,False,139,True,False
vid_01135,Instagram,creator_1077,Music,12,2025-07-07,1773,213614,0.0083,19,2,2,1.0,0.083,3088,0.0001,1,False,127,True,False
vid_01136,TikTok,creator_0944,Education,12,2024-03-31,2153,86814,0.0248,7,2,1,4.0,0.333,0,0.0001,0,False,68,False,False
vid_01137,Instagram,creator_0639,Cooking,34,2024-04-17,412,58028,0.0071,10,0,1,1.1,0.032,4146,0.0002,1,False,81,False,False
vid_01138,Instagram,creator_0701,Comedy,26,2025-07-05,445,6348,0.0701,7,2,0,1.0,0.038,1586,0.0014,3,False,77,True,False
vid_01139,TikTok,creator_0264,Comedy,20,2025-06-18,437,12666,0.0345,4,2,1,4.9,0.245,3125,0.0006,3,False,53,True,False
vid_01140,TikTok,creator_0161,Gaming,29,2025-06-20,11147,2229400,0.005,219,5,0,6.5,0.224,32026,0.0001,1,False,79,True,False
vid_01141,TikTok,creator_0992,Gaming,20,2024-02-03,4337,266073,0.0163,11,0,2,4.8,0.24,14141,0.0,2,False,58,True,False
vid_01142,Instagram,creator_0122,DIY,5,2024-04-02,10005,420378,0.0238,52,3,0,1.6,0.32,11549,0.0001,0,False,79,True,False
vid_01143,TikTok,creator_0022,Education,15,2024-04-06,866,118630,0.0073,2,1,0,3.9,0.26,2980,0.0,2,False,61,True,False
vid_01144,Snapchat,creator_0379,Cooking,26,2024-01-23,58237,6195425,0.0094,1019,35,7,9.4,0.362,59230,0.0002,1,True,60,False,False
vid_01145,Snapchat,creator_1188,Cooking,13,2024-09-30,506,87241,0.0058,11,3,0,1.8,0.138,2140,0.0002,1,False,82,True,False
vid_01146,YouTube Shorts,creator_0496,Music,29,2025-03-18,169,6926,0.0244,3,0,1,12.7,0.438,0,0.0006,5,True,45,False,False
vid_01147,YouTube Shorts,creator_1084,Beauty,28,2025-07-09,373,37300,0.01,6,0,0,6.7,0.239,2812,0.0002,1,False,148,True,False
vid_01148,Snapchat,creator_1101,Entertainment,42,2025-07-17,90,7200,0.0125,0,1,2,7.7,0.183,392,0.0004,3,True,54,True,False
vid_01149,Instagram,creator_0973,Cooking,34,2025-06-26,7374,455185,0.0162,13,8,2,14.6,0.429,20345,0.0001,4,False,5,True,False
vid_01150,Facebook Reels,creator_0371,Cooking,5,2024-10-21,107,6369,0.0168,1,0,0,3.8,0.76,0,0.0002,1,False,81,True,False
vid_01151,TikTok,creator_0644,Education,5,2024-12-27,184,15462,0.0119,1,0,0,2.3,0.46,244,0.0001,3,True,123,True,False
vid_01152,YouTube Shorts,creator_0591,Music,27,2025-07-14,468,43333,0.0108,8,2,2,5.3,0.196,3242,0.0003,2,True,5,True,False
vid_01153,TikTok,creator_0581,DIY,17,2025-04-11,318,23211,0.0137,2,1,1,7.4,0.435,153,0.0002,1,False,84,True,False
vid_01154,YouTube Shorts,creator_0463,Music,31,2024-11-12,3195,132024,0.0242,1,1,0,18.7,0.603,4789,0.0,3,False,60,False,False
vid_01155,TikTok,creator_0143,DIY,12,2025-06-11,132,3367,0.0392,1,2,2,7.6,0.633,0,0.0015,0,False,44,True,False
vid_01156,Instagram,creator_0216,Gaming,49,2024-12-06,910,156896,0.0058,9,1,0,7.2,0.147,1433,0.0001,0,False,50,True,False
vid_01157,TikTok,creator_0809,Gaming,22,2025-06-23,625,36982,0.0169,4,1,0,4.2,0.191,0,0.0001,3,False,11,True,False
vid_01158,Snapchat,creator_0346,Education,22,2024-10-09,370,53623,0.0069,4,3,1,9.8,0.445,1653,0.0001,1,False,90,True,False
vid_01159,Instagram,creator_0828,Education,8,2024-06-29,621,15447,0.0402,9,2,0,1.5,0.188,3871,0.0007,1,False,111,True,False
vid_01160,TikTok,creator_1192,News,23,2024-07-31,109,5505,0.0198,0,1,0,13.4,0.583,0,0.0002,2,False,78,False,False
vid_01161,Snapchat,creator_0730,DIY,20,2025-06-01,294,39729,0.0074,5,0,1,4.5,0.225,0,0.0002,0,False,58,True,False
vid_01162,Instagram,creator_0572,Comedy,10,2024-12-19,973,38156,0.0255,29,1,1,3.6,0.36,0,0.0008,2,True,102,True,False
vid_01163,Instagram,creator_0276,Entertainment,20,2024-03-18,6363,287918,0.0221,12,3,2,7.7,0.385,5015,0.0001,1,False,80,False,False
vid_01164,Instagram,creator_0055,Comedy,15,2024-10-24,23,1059,0.0217,0,0,1,1.0,0.067,0,0.0009,4,False,48,True,False
vid_01165,TikTok,creator_0198,Education,17,2025-05-28,626,47786,0.0131,1,1,1,3.1,0.182,3317,0.0001,3,False,5,True,False
vid_01166,YouTube Shorts,creator_0414,Fitness,22,2025-05-29,239,4938,0.0484,2,0,0,20.5,0.932,0,0.0004,2,False,5,True,False
vid_01167,Instagram,creator_1108,Music,21,2024-01-14,4139,257080,0.0161,17,6,0,3.8,0.181,4065,0.0001,0,False,106,True,False
vid_01168,TikTok,creator_0244,Gaming,36,2024-12-15,5811,1162200,0.005,131,3,0,4.9,0.136,4664,0.0001,2,False,5,True,False
vid_01169,Instagram,creator_0068,Comedy,24,2025-03-08,4406,881200,0.005,15,1,1,4.5,0.188,204,0.0,4,False,37,True,False
vid_01170,Snapchat,creator_0337,DIY,40,2024-11-30,672,101818,0.0066,7,0,1,3.7,0.092,3000,0.0001,4,False,10,True,False
vid_01171,Instagram,creator_0225,News,15,2025-06-08,554,20984,0.0264,4,3,0,5.6,0.373,0,0.0003,1,False,95,True,False
vid_01172,Instagram,creator_0963,DIY,26,2025-03-12,1437,217727,0.0066,20,3,2,11.7,0.45,2097,0.0001,4,False,35,True,False
vid_01173,TikTok,creator_1014,News,43,2024-10-20,664,14887,0.0446,7,1,0,14.6,0.34,3184,0.0005,0,False,64,True,False
vid_01174,Facebook Reels,creator_0657,Entertainment,36,2024-01-22,3087,92425,0.0334,80,2,0,13.9,0.386,2372,0.0009,2,False,62,True,False
vid_01175,TikTok,creator_1196,Entertainment,17,2025-04-30,4,327,0.0122,0,0,0,3.0,0.176,3413,0.0,0,False,106,True,False
vid_01176,TikTok,creator_0732,Gaming,30,2024-09-29,13410,554132,0.0242,61,3,4,1.0,0.033,33327,0.0001,2,True,34,True,False
vid_01177,TikTok,creator_0640,News,31,2024-03-06,3422,185978,0.0184,17,2,1,19.2,0.619,6608,0.0001,3,False,120,True,False
vid_01178,TikTok,creator_0692,Comedy,17,2024-01-16,1755,107012,0.0164,14,1,1,1.0,0.059,396,0.0001,2,False,50,True,False
vid_01179,Instagram,creator_0866,News,32,2025-02-03,365,48026,0.0076,0,1,3,32.2,1.006,6480,0.0001,3,False,26,True,False
vid_01180,Instagram,creator_0046,Cooking,21,2024-10-20,2892,578400,0.005,44,0,0,14.0,0.667,3555,0.0001,2,False,80,True,False
vid_01181,TikTok,creator_1001,Education,37,2025-06-20,592,19932,0.0297,1,1,2,7.4,0.2,112,0.0002,2,False,64,True,False
vid_01182,Instagram,creator_0696,Comedy,19,2025-04-22,869,90520,0.0096,26,0,1,8.9,0.468,0,0.0003,6,False,51,False,False
vid_01183,TikTok,creator_0155,Music,20,2024-06-15,2070,279729,0.0074,58,0,0,6.2,0.31,3897,0.0002,4,False,25,True,False
vid_01184,Facebook Reels,creator_0824,Beauty,40,2025-04-30,302,8779,0.0344,7,2,0,5.6,0.14,0,0.001,1,False,94,True,False
vid_01185,YouTube Shorts,creator_0195,News,18,2024-09-18,2554,147630,0.0173,72,3,1,3.0,0.167,4616,0.0005,1,False,82,True,False
vid_01186,Instagram,creator_0875,Beauty,18,2024-09-26,31,761,0.0407,0,1,2,8.4,0.467,0,0.0039,1,False,75,True,False
vid_01187,TikTok,creator_0615,Gaming,20,2025-05-30,591,10904,0.0542,3,1,0,7.7,0.385,2626,0.0004,4,False,5,True,False
vid_01188,TikTok,creator_1056,DIY,24,2025-06-05,70,6930,0.0101,1,1,1,8.9,0.371,0,0.0004,3,False,91,True,False
vid_01189,TikTok,creator_1058,Comedy,17,2025-03-24,1497,299400,0.005,9,2,0,1.5,0.088,0,0.0,1,False,52,True,False
vid_01190,YouTube Shorts,creator_0958,Fitness,25,2025-05-10,1063,143648,0.0074,9,1,0,8.9,0.356,0,0.0001,2,False,5,True,False
vid_01191,YouTube Shorts,creator_0889,News,33,2025-07-18,394,10853,0.0363,3,0,1,3.6,0.109,4621,0.0004,3,False,40,True,False
vid_01192,TikTok,creator_0303,Beauty,32,2024-04-26,2472,85536,0.0289,51,2,0,10.9,0.341,3167,0.0006,3,False,30,True,False
vid_01193,YouTube Shorts,creator_0841,Cooking,28,2024-02-20,5027,316163,0.0159,26,1,0,11.9,0.425,7666,0.0001,2,False,129,False,False
vid_01194,TikTok,creator_0588,Comedy,23,2024-07-18,34572,2082650,0.0166,199,16,7,17.3,0.752,80771,0.0001,1,False,82,True,False
vid_01195,TikTok,creator_0308,Beauty,35,2024-01-22,181,11677,0.0155,1,3,0,5.9,0.169,0,0.0003,1,False,92,False,False
vid_01196,Instagram,creator_1147,Gaming,26,2024-11-23,1496,210704,0.0071,3,4,0,6.6,0.254,2086,0.0,3,False,10,True,False
vid_01197,TikTok,creator_0280,Entertainment,28,2024-07-19,1019,102929,0.0099,6,0,0,4.0,0.143,928,0.0001,0,False,45,True,False
vid_01198,Instagram,creator_0087,DIY,29,2024-01-16,1636,46876,0.0349,8,0,1,9.7,0.334,7478,0.0002,2,True,92,False,False
vid_01199,TikTok,creator_0611,Education,25,2024-11-12,7603,370878,0.0205,23,5,2,20.8,0.832,12796,0.0001,1,False,21,True,False
vid_01200,Snapchat,creator_0813,Comedy,32,2024-07-02,2536,182446,0.0139,21,0,0,8.4,0.262,2822,0.0001,2,True,76,True,False
vid_01201,Snapchat,creator_1069,News,36,2025-02-11,1037,157121,0.0066,28,0,0,15.5,0.431,7317,0.0002,2,False,130,False,False
vid_01202,TikTok,creator_0251,Cooking,31,2024-09-12,3225,645000,0.005,4,4,0,1.6,0.052,4553,0.0,2,False,70,True,False
vid_01203,YouTube Shorts,creator_0484,Gaming,23,2024-06-18,309,7573,0.0408,3,1,0,1.8,0.078,911,0.0005,1,False,65,True,False
vid_01204,Facebook Reels,creator_0901,Gaming,21,2024-07-16,18089,1051686,0.0172,37,10,3,10.2,0.486,33812,0.0,3,False,51,True,False
vid_01205,Instagram,creator_0232,Cooking,29,2025-02-27,83,16600,0.005,0,0,1,2.9,0.1,0,0.0001,0,False,16,True,False
vid_01206,Facebook Reels,creator_0297,Cooking,25,2025-01-04,2876,575200,0.005,59,2,0,6.0,0.24,3454,0.0001,2,False,104,False,False
vid_01207,TikTok,creator_0072,Entertainment,37,2025-06-20,877,58079,0.0151,7,1,0,8.8,0.238,2088,0.0001,1,False,112,True,False
vid_01208,TikTok,creator_0788,Fitness,20,2025-05-11,961,192200,0.005,15,2,0,4.6,0.23,3528,0.0001,4,False,54,True,False
vid_01209,YouTube Shorts,creator_0250,Music,25,2024-07-02,3810,113056,0.0337,20,3,0,8.5,0.34,4277,0.0002,2,False,28,True,False
vid_01210,Snapchat,creator_0805,Fitness,37,2024-08-21,340,23448,0.0145,0,2,0,2.6,0.07,563,0.0001,2,True,84,False,False
vid_01211,TikTok,creator_0431,Comedy,33,2024-12-06,649,120185,0.0054,2,0,1,14.6,0.442,672,0.0,2,False,66,False,False
vid_01212,YouTube Shorts,creator_0833,Entertainment,36,2024-07-31,3036,102915,0.0295,8,3,0,7.7,0.214,6060,0.0001,3,False,100,False,False
vid_01213,Snapchat,creator_0965,Gaming,34,2024-09-15,4478,364065,0.0123,32,1,0,25.4,0.747,1001,0.0001,3,False,99,False,False
vid_01214,YouTube Shorts,creator_0329,Fitness,28,2025-01-28,109,6812,0.016,1,2,0,4.4,0.157,892,0.0004,1,True,91,True,False
vid_01215,YouTube Shorts,creator_1122,Cooking,41,2024-12-18,784,29809,0.0263,10,2,0,35.8,0.873,3244,0.0004,5,False,83,True,False
vid_01216,Instagram,creator_0377,DIY,37,2025-05-12,3551,145532,0.0244,26,3,0,2.1,0.057,1356,0.0002,3,False,54,True,False
vid_01217,Instagram,creator_0643,News,15,2024-03-04,1147,29715,0.0386,18,0,0,1.9,0.127,0,0.0006,1,True,13,True,False
vid_01218,YouTube Shorts,creator_0267,News,24,2025-06-16,407,20765,0.0196,5,0,1,8.4,0.35,1272,0.0003,1,False,31,False,False
vid_01219,Instagram,creator_0274,Fitness,29,2024-05-14,1990,182568,0.0109,49,3,1,2.4,0.083,1334,0.0003,5,False,6,False,False
vid_01220,YouTube Shorts,creator_0407,Education,24,2024-11-17,14271,517065,0.0276,219,3,4,1.1,0.046,29829,0.0004,3,False,35,True,False
vid_01221,TikTok,creator_1169,Beauty,16,2024-01-17,178,10409,0.0171,3,0,1,4.9,0.306,573,0.0004,1,False,52,False,False
vid_01222,Instagram,creator_0469,Education,25,2024-12-25,155,13025,0.0119,1,2,1,4.6,0.184,84,0.0003,1,False,61,True,False
vid_01223,TikTok,creator_0822,News,13,2024-11-29,1491,24563,0.0607,1,0,0,2.8,0.215,20,0.0,0,False,62,True,False
vid_01224,Facebook Reels,creator_0349,News,21,2024-04-01,56,1462,0.0383,0,2,0,4.5,0.214,0,0.0014,2,True,105,True,False
vid_01225,YouTube Shorts,creator_0930,DIY,31,2024-04-02,887,82897,0.0107,8,1,0,9.3,0.3,1165,0.0001,2,False,51,True,False
vid_01226,Snapchat,creator_0546,Fitness,27,2025-08-02,1,178,0.0056,0,2,0,5.4,0.2,180,0.0112,3,False,5,True,False
vid_01227,YouTube Shorts,creator_0442,Fitness,30,2025-07-18,5985,184722,0.0324,5,4,1,9.6,0.32,18687,0.0001,2,False,59,True,False
vid_01228,TikTok,creator_0299,Entertainment,25,2024-08-13,115,5897,0.0195,1,0,0,2.6,0.104,0,0.0002,3,False,6,True,False
vid_01229,Instagram,creator_0509,Cooking,9,2025-03-28,221,6242,0.0354,1,1,0,1.0,0.111,1212,0.0003,1,False,132,True,False
vid_01230,TikTok,creator_0273,Cooking,26,2025-06-22,1285,50000,0.0257,1,0,1,13.4,0.515,1086,0.0,1,False,58,True,False
vid_01231,TikTok,creator_0867,News,25,2024-07-18,1002,104375,0.0096,4,0,0,2.7,0.108,462,0.0,3,True,57,True,False
vid_01232,TikTok,creator_0481,DIY,24,2024-10-02,2006,64919,0.0309,64,0,0,14.2,0.592,0,0.001,3,False,25,False,False
vid_01233,Facebook Reels,creator_0094,Entertainment,20,2024-07-16,614,63958,0.0096,6,2,0,12.2,0.61,4576,0.0001,0,False,81,True,False
vid_01234,Facebook Reels,creator_0760,Comedy,21,2025-03-10,533,90338,0.0059,2,1,0,14.5,0.69,1045,0.0,1,True,12,True,False
vid_01235,TikTok,creator_1010,Cooking,19,2024-12-29,84,5600,0.015,0,2,2,5.4,0.284,0,0.0007,0,False,101,True,False
vid_01236,Instagram,creator_0291,Fitness,12,2024-03-31,671,13778,0.0487,1,0,0,4.2,0.35,2678,0.0001,0,False,5,False,False
vid_01237,Instagram,creator_0576,Cooking,16,2024-11-30,267,20859,0.0128,0,1,1,1.6,0.1,1665,0.0001,2,False,51,False,False
vid_01238,Instagram,creator_0541,Music,32,2024-08-31,181,36200,0.005,0,0,0,7.4,0.231,3603,0.0,1,False,141,True,False
vid_01239,YouTube Shorts,creator_1007,Comedy,30,2025-03-07,858,37467,0.0229,1,0,0,7.5,0.25,666,0.0,2,False,77,True,False
vid_01240,YouTube Shorts,creator_0109,Beauty,30,2024-04-25,2003,62789,0.0319,3,1,0,11.2,0.373,2121,0.0001,1,True,66,True,False
vid_01241,Instagram,creator_0335,DIY,25,2024-12-04,901,83425,0.0108,4,1,1,4.9,0.196,0,0.0001,2,True,66,False,False
vid_01242,Instagram,creator_0905,Cooking,37,2025-07-04,1005,20764,0.0484,4,1,1,4.3,0.116,1670,0.0003,2,False,22,True,False
vid_01243,TikTok,creator_0304,Education,20,2024-09-28,3381,103079,0.0328,72,3,0,13.1,0.655,4416,0.0007,3,True,57,False,False
vid_01244,TikTok,creator_0345,Music,5,2024-07-30,480,15384,0.0312,0,0,0,1.0,0.2,646,0.0,2,False,38,True,False
vid_01245,TikTok,creator_0009,Music,44,2025-03-19,469,66056,0.0071,4,0,1,9.9,0.225,139,0.0001,1,False,7,False,False
vid_01246,TikTok,creator_1021,Education,23,2024-09-12,445,47340,0.0094,6,1,1,9.9,0.43,0,0.0002,2,True,194,True,False
vid_01247,Instagram,creator_0808,Cooking,14,2025-04-03,402,28920,0.0139,13,2,0,3.2,0.229,1902,0.0005,2,False,5,True,False
vid_01248,TikTok,creator_0060,Education,12,2024-12-23,754,55851,0.0135,13,0,0,1.5,0.125,1655,0.0002,3,False,49,True,False
vid_01249,Instagram,creator_0552,News,21,2025-05-26,2399,45435,0.0528,32,1,1,18.2,0.867,2698,0.0007,1,True,5,False,False
vid_01250,Instagram,creator_0928,Cooking,19,2025-07-22,4757,177500,0.0268,83,7,1,12.3,0.647,5712,0.0005,4,False,62,False,False
vid_01251,YouTube Shorts,creator_0265,Beauty,11,2024-02-07,406,18623,0.0218,2,0,0,5.8,0.527,5365,0.0001,3,False,46,True,False
vid_01252,YouTube Shorts,creator_0145,Music,9,2025-04-12,4085,817000,0.005,22,2,2,1.0,0.111,11400,0.0,3,False,22,True,False
vid_01253,TikTok,creator_0817,Education,35,2024-01-16,351,19392,0.0181,3,1,0,10.6,0.303,0,0.0002,2,False,20,True,False
vid_01254,YouTube Shorts,creator_0584,Comedy,9,2024-04-03,249,5010,0.0497,1,0,0,2.3,0.256,0,0.0002,5,False,76,False,False
vid_01255,YouTube Shorts,creator_0636,News,22,2024-04-11,50970,2654687,0.0192,424,26,17,15.0,0.682,153309,0.0002,1,False,56,True,True
vid_01256,TikTok,creator_0410,DIY,23,2024-12-11,3660,116560,0.0314,14,1,2,9.4,0.409,5761,0.0001,1,False,104,True,False
vid_01257,Instagram,creator_0867,Education,24,2024-11-24,7971,237232,0.0336,61,2,0,9.1,0.379,16126,0.0003,3,False,80,True,False
vid_01258,TikTok,creator_0873,Education,36,2024-02-01,14521,919050,0.0158,152,7,4,1.7,0.047,38918,0.0002,3,False,37,False,False
vid_01259,Instagram,creator_0318,DIY,34,2025-02-13,495,9860,0.0502,0,2,0,5.1,0.15,581,0.0002,3,False,35,True,False
vid_01260,TikTok,creator_0896,Education,48,2025-01-05,1182,49045,0.0241,4,2,0,12.9,0.269,5291,0.0001,0,False,66,False,False
vid_01261,Instagram,creator_0616,Beauty,24,2025-02-10,1853,56322,0.0329,16,1,0,5.8,0.242,1181,0.0003,1,False,46,True,False
vid_01262,Instagram,creator_0093,Music,13,2024-03-24,125,2853,0.0438,0,2,2,2.1,0.162,0,0.0014,0,False,5,True,False
vid_01263,Instagram,creator_1165,Fitness,27,2024-10-03,25811,638886,0.0404,240,12,8,7.7,0.285,68383,0.0004,5,False,22,True,False
vid_01264,Instagram,creator_0234,DIY,49,2024-05-19,7,312,0.0224,0,0,2,22.8,0.465,0,0.0064,3,False,65,False,False
vid_01265,TikTok,creator_0853,Fitness,25,2024-08-31,1820,93333,0.0195,10,1,1,1.0,0.04,6290,0.0001,4,False,101,True,False
vid_01266,Instagram,creator_0543,Cooking,18,2024-05-25,116,6553,0.0177,0,2,1,7.9,0.439,247,0.0005,0,False,87,True,False
vid_01267,Facebook Reels,creator_0532,Education,17,2024-12-02,2781,157118,0.0177,26,1,1,2.5,0.147,5983,0.0002,2,False,87,True,False
vid_01268,TikTok,creator_0352,DIY,28,2024-12-23,20037,591061,0.0339,175,11,4,18.1,0.646,57901,0.0003,3,False,5,False,False
vid_01269,Facebook Reels,creator_0997,Fitness,36,2025-04-25,688,68800,0.01,2,0,0,9.1,0.253,1520,0.0,2,False,60,True,False
vid_01270,Instagram,creator_0809,Fitness,16,2024-03-09,84,4285,0.0196,1,0,0,9.1,0.569,4500,0.0002,3,False,5,True,False
vid_01271,TikTok,creator_0033,Beauty,32,2024-01-21,582,41571,0.014,12,1,1,23.6,0.738,2154,0.0003,3,False,65,True,False
vid_01272,Instagram,creator_0893,Music,25,2024-05-28,435,31751,0.0137,4,0,0,3.2,0.128,1118,0.0001,3,True,122,True,False
vid_01273,TikTok,creator_0865,Entertainment,13,2024-03-31,218,25952,0.0084,1,0,0,1.0,0.077,1303,0.0,1,False,5,True,False
vid_01274,YouTube Shorts,creator_0994,DIY,14,2024-01-16,234,5820,0.0402,4,0,0,4.4,0.314,1873,0.0007,5,False,68,True,False
vid_01275,TikTok,creator_1167,Gaming,31,2024-02-09,608,35144,0.0173,4,2,0,7.8,0.252,1142,0.0002,2,False,87,True,False
vid_01276,YouTube Shorts,creator_0885,Gaming,27,2025-01-20,5491,229748,0.0239,108,3,1,3.9,0.144,15539,0.0005,1,False,58,True,False
vid_01277,Instagram,creator_0596,Entertainment,33,2025-01-13,269,15730,0.0171,0,0,0,3.7,0.112,0,0.0,0,False,89,True,False
vid_01278,YouTube Shorts,creator_1000,Beauty,25,2025-07-08,515,18392,0.028,2,2,0,10.9,0.436,0,0.0002,3,True,133,True,False
vid_01279,Instagram,creator_1134,Education,20,2024-07-27,104,3727,0.0279,0,1,0,4.2,0.21,0,0.0003,4,False,93,True,False
vid_01280,Instagram,creator_1014,News,22,2025-05-16,1117,206851,0.0054,14,1,0,15.5,0.705,2303,0.0001,4,False,38,True,False
vid_01281,TikTok,creator_0590,Beauty,24,2024-12-30,4359,551772,0.0079,26,1,0,4.3,0.179,12646,0.0,0,False,21,True,False
vid_01282,TikTok,creator_0695,News,24,2025-07-09,8589,1717800,0.005,73,3,1,7.0,0.292,3210,0.0,3,False,82,True,False
vid_01283,TikTok,creator_0800,Gaming,25,2025-06-06,75,5434,0.0138,0,2,1,8.5,0.34,0,0.0006,1,False,58,True,False
vid_01284,Instagram,creator_0332,News,29,2024-06-09,166,11608,0.0143,0,1,2,6.2,0.214,431,0.0003,3,False,28,True,False
vid_01285,Instagram,creator_0265,Comedy,24,2024-06-03,12758,828441,0.0154,50,8,0,3.3,0.137,33661,0.0001,1,False,56,True,False
vid_01286,YouTube Shorts,creator_1012,Fitness,31,2024-07-01,384,20645,0.0186,6,0,0,15.8,0.51,0,0.0003,3,False,6,True,False
vid_01287,TikTok,creator_0535,Cooking,14,2025-06-09,1299,49961,0.026,17,0,0,5.6,0.4,1182,0.0003,2,False,78,False,False
vid_01288,Snapchat,creator_0066,Education,10,2024-09-19,2172,231063,0.0094,9,3,0,4.0,0.4,6201,0.0001,3,False,94,True,False
vid_01289,TikTok,creator_0459,DIY,11,2024-07-19,17268,1349062,0.0128,121,11,2,5.2,0.473,11693,0.0001,1,False,92,False,False
vid_01290,YouTube Shorts,creator_1141,Fitness,47,2024-04-27,348,24857,0.014,2,4,0,10.1,0.215,1590,0.0002,0,False,56,False,False
vid_01291,Instagram,creator_0214,Entertainment,21,2024-12-06,82,3980,0.0206,0,1,1,4.2,0.2,0,0.0005,4,False,127,False,False
vid_01292,YouTube Shorts,creator_0217,News,26,2025-04-18,4692,137192,0.0342,6,1,2,10.1,0.388,17029,0.0001,2,False,20,False,False
vid_01293,YouTube Shorts,creator_0086,Music,30,2024-03-22,8191,202747,0.0404,110,5,2,6.0,0.2,11741,0.0006,7,False,77,True,False
vid_01294,TikTok,creator_0741,Comedy,27,2025-07-19,272,9749,0.0279,2,0,0,12.9,0.478,95,0.0002,4,False,20,True,False
vid_01295,Instagram,creator_0204,Comedy,17,2025-05-17,11413,815214,0.014,17,3,4,2.3,0.135,21412,0.0,3,False,113,False,False
vid_01296,TikTok,creator_0414,DIY,36,2024-11-18,69,2387,0.0289,1,0,0,6.4,0.178,1885,0.0004,0,False,5,True,False
vid_01297,YouTube Shorts,creator_0971,Cooking,18,2024-08-10,445,14590,0.0305,17,1,2,15.6,0.867,2426,0.0014,4,False,102,True,False
vid_01298,TikTok,creator_0850,Cooking,36,2025-05-03,340,6653,0.0511,5,2,0,28.6,0.794,1704,0.0011,1,False,55,True,False
vid_01299,YouTube Shorts,creator_0864,Beauty,18,2024-04-17,587,12280,0.0478,1,6,2,2.6,0.144,1103,0.0007,3,False,22,True,False
vid_01300,TikTok,creator_0940,Music,24,2025-06-13,1414,27509,0.0514,5,1,0,5.3,0.221,1058,0.0002,1,False,72,True,False
vid_01301,TikTok,creator_0021,Music,22,2024-02-24,1334,60090,0.0222,3,0,1,9.2,0.418,1548,0.0001,2,True,83,True,False
vid_01302,Facebook Reels,creator_0337,Gaming,30,2024-02-17,79,4388,0.018,0,1,0,5.5,0.183,1026,0.0002,4,False,15,True,False
vid_01303,Snapchat,creator_0310,News,32,2024-02-14,539,28368,0.019,6,1,0,12.2,0.381,30,0.0002,2,False,68,False,False
vid_01304,YouTube Shorts,creator_1065,Fitness,39,2024-11-21,2679,170636,0.0157,10,0,1,12.4,0.318,5459,0.0001,4,False,119,True,False
vid_01305,Instagram,creator_0624,Cooking,17,2024-09-24,3006,129568,0.0232,42,2,0,6.1,0.359,8087,0.0003,0,True,68,True,False
vid_01306,Instagram,creator_0301,Gaming,33,2024-12-12,96,5925,0.0162,0,0,1,14.8,0.448,1914,0.0002,1,False,85,False,False
vid_01307,Instagram,creator_0906,Cooking,23,2025-05-18,559,25525,0.0219,2,0,0,6.1,0.265,0,0.0001,2,False,53,True,False
vid_01308,TikTok,creator_0076,Music,28,2024-09-16,43462,2428044,0.0179,69,16,10,4.4,0.157,81768,0.0,1,False,141,True,False
vid_01309,YouTube Shorts,creator_1066,Music,34,2024-08-08,1256,24107,0.0521,8,0,1,4.0,0.118,3127,0.0004,2,False,60,True,False
vid_01310,TikTok,creator_0698,Comedy,14,2024-01-19,26055,865614,0.0301,425,15,7,1.0,0.071,63308,0.0005,3,True,30,False,False
vid_01311,Instagram,creator_0495,Fitness,17,2025-07-18,1384,69898,0.0198,27,1,0,7.9,0.465,6961,0.0004,1,False,5,True,False
vid_01312,YouTube Shorts,creator_0764,Fitness,28,2025-05-01,3821,285149,0.0134,9,3,0,5.5,0.196,10946,0.0,2,False,77,True,False
vid_01313,YouTube Shorts,creator_0256,DIY,25,2024-08-19,297,15309,0.0194,1,1,1,3.4,0.136,4964,0.0002,4,False,40,True,False
vid_01314,TikTok,creator_0484,News,17,2025-03-15,407,8011,0.0508,4,2,0,3.7,0.218,12,0.0007,4,False,81,False,False
vid_01315,Instagram,creator_0479,Cooking,13,2024-08-20,159,9754,0.0163,0,0,1,1.9,0.146,3489,0.0001,3,False,124,False,False
vid_01316,YouTube Shorts,creator_0287,Gaming,33,2025-02-07,122,12448,0.0098,2,0,0,6.7,0.203,2665,0.0002,2,False,109,True,False
vid_01317,Instagram,creator_0395,Cooking,7,2024-12-18,2583,217058,0.0119,25,1,0,1.3,0.186,1880,0.0001,3,True,42,True,False
vid_01318,YouTube Shorts,creator_0168,Education,28,2024-02-18,2115,98372,0.0215,22,0,0,6.1,0.218,8772,0.0002,3,False,56,True,False
vid_01319,TikTok,creator_0160,Cooking,28,2025-06-09,5250,100574,0.0522,14,1,1,6.0,0.214,12551,0.0002,1,False,51,True,False
vid_01320,Instagram,creator_0809,Fitness,26,2025-03-29,299,7119,0.042,1,0,0,14.4,0.554,756,0.0001,3,False,107,True,False
vid_01321,TikTok,creator_1003,Gaming,36,2024-05-06,46,1769,0.026,1,3,0,2.9,0.081,0,0.0023,4,False,52,True,False
vid_01322,YouTube Shorts,creator_0265,Music,26,2025-02-14,1734,73164,0.0237,27,3,0,3.3,0.127,1816,0.0004,2,True,41,True,False
vid_01323,Instagram,creator_0322,Music,5,2024-10-13,819,151666,0.0054,9,1,0,2.0,0.4,0,0.0001,1,False,81,True,False
vid_01324,YouTube Shorts,creator_0226,Education,14,2024-10-14,1316,121851,0.0108,10,1,0,3.7,0.264,2915,0.0001,1,False,69,True,False
vid_01325,TikTok,creator_0761,Fitness,34,2024-10-17,235,6733,0.0349,0,2,0,25.4,0.747,1616,0.0003,3,False,64,True,False
vid_01326,YouTube Shorts,creator_0292,News,6,2024-11-23,7603,506866,0.015,36,4,0,1.7,0.283,7677,0.0001,3,True,54,False,False
vid_01327,Snapchat,creator_0442,Comedy,25,2025-07-28,3948,168717,0.0234,18,2,0,5.2,0.208,9297,0.0001,5,False,5,True,False
vid_01328,TikTok,creator_0092,Gaming,16,2025-01-08,6685,263188,0.0254,79,5,0,4.6,0.288,6987,0.0003,0,False,5,True,False
vid_01329,Snapchat,creator_0773,DIY,17,2025-07-13,1213,24357,0.0498,3,0,1,2.6,0.153,956,0.0002,2,False,73,True,False
vid_01330,TikTok,creator_0944,DIY,40,2025-06-02,3640,520000,0.007,23,3,0,3.9,0.098,6947,0.0001,3,False,58,False,False
vid_01331,TikTok,creator_0839,Gaming,25,2024-06-29,8912,1782400,0.005,61,3,3,3.9,0.156,23298,0.0,2,False,53,True,False
vid_01332,TikTok,creator_0908,Fitness,25,2025-05-16,448,13023,0.0344,3,1,0,9.0,0.36,1820,0.0003,2,True,132,True,False
vid_01333,TikTok,creator_0633,Music,36,2025-05-16,655,32750,0.02,4,0,1,19.9,0.553,2263,0.0002,1,False,95,True,False
vid_01334,TikTok,creator_1110,News,30,2024-02-11,1275,71229,0.0179,25,0,0,26.7,0.89,4403,0.0004,3,False,5,True,False
vid_01335,YouTube Shorts,creator_1030,Entertainment,10,2024-04-03,191,33508,0.0057,1,2,0,1.0,0.1,3776,0.0001,2,False,126,True,False
vid_01336,Facebook Reels,creator_0564,Beauty,39,2024-07-09,78,5416,0.0144,2,0,0,3.8,0.097,2670,0.0004,0,False,60,False,False
vid_01337,Instagram,creator_0174,Music,7,2025-04-16,450,27108,0.0166,5,2,0,2.9,0.414,979,0.0003,0,False,61,True,False
vid_01338,Instagram,creator_0048,Cooking,32,2024-12-05,196,11597,0.0169,0,3,1,1.4,0.044,1199,0.0003,0,False,64,True,False
vid_01339,Instagram,creator_0783,Fitness,21,2024-03-11,369,9066,0.0407,3,1,1,9.2,0.438,131,0.0006,2,True,77,True,False
vid_01340,TikTok,creator_0295,Comedy,16,2024-07-17,15453,441514,0.035,278,4,4,3.0,0.188,15055,0.0006,0,False,19,True,False
vid_01341,Facebook Reels,creator_0347,Entertainment,10,2025-04-22,7120,246366,0.0289,83,5,1,1.2,0.12,3479,0.0004,5,False,87,True,False
vid_01342,YouTube Shorts,creator_0611,Gaming,24,2024-03-17,336,20487,0.0164,4,4,1,14.2,0.592,0,0.0004,4,False,46,True,False
vid_01343,TikTok,creator_0770,Education,42,2024-02-10,2868,86385,0.0332,12,2,0,23.5,0.56,5215,0.0002,2,False,85,True,False
vid_01344,Instagram,creator_1010,Music,16,2025-08-07,411,5415,0.0759,1,0,1,5.0,0.312,0,0.0004,4,False,55,False,False
vid_01345,TikTok,creator_0652,DIY,24,2025-03-05,2072,220425,0.0094,22,0,0,9.5,0.396,1296,0.0001,1,False,102,True,False
vid_01346,TikTok,creator_0479,Entertainment,31,2024-07-28,5494,345534,0.0159,9,4,1,9.6,0.31,11743,0.0,5,False,71,True,False
vid_01347,TikTok,creator_1137,Comedy,26,2024-08-24,347,11086,0.0313,2,1,1,8.8,0.338,0,0.0004,1,False,40,True,False
vid_01348,YouTube Shorts,creator_1025,Beauty,21,2024-04-20,871,22860,0.0381,13,0,0,4.1,0.195,361,0.0006,2,False,55,False,False
vid_01349,YouTube Shorts,creator_1101,Gaming,33,2025-03-07,332,27899,0.0119,1,2,0,15.9,0.482,1031,0.0001,7,False,58,True,False
vid_01350,Instagram,creator_0593,Comedy,23,2024-01-01,53,1879,0.0282,0,0,1,15.0,0.652,0,0.0005,1,True,68,False,False
vid_01351,TikTok,creator_0514,Gaming,14,2024-09-29,3687,231886,0.0159,13,1,1,4.9,0.35,10886,0.0001,1,False,47,True,False
vid_01352,YouTube Shorts,creator_0577,Entertainment,34,2024-05-05,2094,268461,0.0078,10,1,2,20.6,0.606,6816,0.0,2,False,5,True,False
vid_01353,TikTok,creator_0810,Education,18,2024-04-18,3129,99333,0.0315,45,1,0,2.7,0.15,3415,0.0005,0,False,111,False,False
vid_01354,YouTube Shorts,creator_0432,News,35,2025-01-27,934,172962,0.0054,22,0,0,3.3,0.094,924,0.0001,3,False,24,True,False
vid_01355,Instagram,creator_0702,Fitness,23,2025-08-07,122,8133,0.015,0,0,1,6.8,0.296,0,0.0001,4,False,11,True,False
vid_01356,Instagram,creator_0659,Cooking,5,2024-06-12,906,45074,0.0201,5,1,0,1.5,0.3,327,0.0001,2,False,70,True,False
vid_01357,TikTok,creator_0274,Entertainment,36,2025-04-17,832,10258,0.0811,2,0,1,7.0,0.194,3618,0.0003,3,False,71,False,False
vid_01358,Instagram,creator_0847,Music,7,2025-06-24,469,11964,0.0392,12,4,1,2.2,0.314,2090,0.0014,1,False,104,True,False
vid_01359,Instagram,creator_0159,Music,42,2024-01-25,687,41890,0.0164,6,2,0,13.8,0.329,0,0.0002,0,False,50,False,False
vid_01360,TikTok,creator_0253,Cooking,31,2024-10-19,184,17692,0.0104,1,2,1,1.6,0.052,0,0.0002,1,False,64,True,False
vid_01361,TikTok,creator_0018,Education,26,2024-12-25,1474,55622,0.0265,5,2,0,5.6,0.215,1470,0.0001,1,False,28,True,False
vid_01362,TikTok,creator_0041,Fitness,44,2025-06-12,860,110256,0.0078,4,1,1,11.9,0.27,1786,0.0001,1,False,90,True,False
vid_01363,TikTok,creator_0621,Beauty,14,2024-06-30,881,37172,0.0237,9,1,0,9.2,0.657,3535,0.0003,0,False,72,False,False
vid_01364,TikTok,creator_1010,News,33,2024-06-11,5626,338915,0.0166,54,2,0,15.3,0.464,13844,0.0002,3,True,100,False,False
vid_01365,Instagram,creator_0228,Fitness,33,2025-03-18,239,17318,0.0138,0,2,0,21.2,0.642,348,0.0001,4,False,66,True,False
vid_01366,TikTok,creator_1159,News,22,2025-03-14,245,18421,0.0133,5,0,0,7.3,0.332,622,0.0003,3,False,93,True,False
vid_01367,YouTube Shorts,creator_0261,Fitness,23,2025-03-18,4765,172644,0.0276,8,0,4,7.5,0.326,9383,0.0001,4,False,5,False,False
vid_01368,YouTube Shorts,creator_0562,Beauty,27,2025-06-10,56,2137,0.0262,0,0,1,6.3,0.233,0,0.0005,1,True,120,False,False
vid_01369,Instagram,creator_0518,Music,26,2024-12-18,978,195600,0.005,2,2,1,3.8,0.146,1730,0.0,1,True,92,True,False
vid_01370,Instagram,creator_0107,Cooking,16,2024-12-01,1384,230666,0.006,26,1,1,7.7,0.481,1898,0.0001,3,False,23,True,False
vid_01371,TikTok,creator_1062,DIY,22,2025-01-19,1161,40034,0.029,46,1,1,1.5,0.068,1515,0.0012,4,False,62,True,False
vid_01372,Snapchat,creator_0460,Entertainment,23,2024-08-03,9671,1487846,0.0065,174,12,0,1.2,0.052,5309,0.0001,1,False,27,True,False
vid_01373,TikTok,creator_0803,Beauty,26,2024-09-16,420,6213,0.0676,2,0,1,25.5,0.981,430,0.0005,3,True,5,True,False
vid_01374,TikTok,creator_0463,Gaming,42,2024-02-27,4752,110511,0.043,3,0,0,28.1,0.669,0,0.0,1,False,137,True,False
vid_01375,TikTok,creator_0129,Education,24,2024-01-22,142,28400,0.005,0,1,0,16.5,0.688,1845,0.0,0,False,131,False,False
vid_01376,Instagram,creator_0685,Fitness,31,2024-07-10,380,24358,0.0156,0,0,2,2.5,0.081,1121,0.0001,1,True,5,True,False
vid_01377,TikTok,creator_0112,Cooking,26,2025-02-07,131,26200,0.005,0,2,0,6.4,0.246,588,0.0001,1,False,5,False,False
vid_01378,YouTube Shorts,creator_0899,Education,26,2025-04-30,1435,110384,0.013,9,1,1,2.4,0.092,352,0.0001,2,False,84,True,False
vid_01379,Facebook Reels,creator_0069,Gaming,27,2024-08-31,2882,111705,0.0258,9,4,1,8.4,0.311,2130,0.0001,3,False,32,True,False
vid_01380,YouTube Shorts,creator_0127,DIY,20,2024-02-12,1842,60993,0.0302,15,2,0,3.1,0.155,2801,0.0003,0,False,31,True,False
vid_01381,TikTok,creator_0115,Music,9,2024-02-10,1973,168632,0.0117,20,1,0,2.2,0.244,238,0.0001,2,False,5,True,False
vid_01382,TikTok,creator_0842,Beauty,24,2025-04-10,101,5233,0.0193,1,2,0,8.0,0.333,0,0.0006,0,False,100,True,False
vid_01383,Instagram,creator_0951,Gaming,35,2025-04-26,1559,76421,0.0204,2,0,0,17.1,0.489,3549,0.0,1,False,36,True,False
vid_01384,Snapchat,creator_0054,DIY,29,2025-02-05,12750,891608,0.0143,78,4,2,8.1,0.279,16742,0.0001,2,False,17,True,False
vid_01385,TikTok,creator_0139,News,14,2024-05-30,2608,33782,0.0772,19,2,0,1.3,0.093,3060,0.0006,3,False,5,True,False
vid_01386,Instagram,creator_0728,Gaming,16,2025-01-08,354,8762,0.0404,4,1,1,1.0,0.062,0,0.0007,3,False,22,True,False
vid_01387,TikTok,creator_0091,Entertainment,15,2024-04-09,7841,1120142,0.007,129,4,2,3.4,0.227,24534,0.0001,0,False,113,True,False
vid_01388,Facebook Reels,creator_0733,Fitness,20,2025-03-29,68,5483,0.0124,0,0,1,3.4,0.17,1073,0.0002,6,False,74,True,False
vid_01389,TikTok,creator_0633,News,26,2024-09-23,320,17297,0.0185,7,1,1,9.1,0.35,0,0.0005,1,False,52,False,False
vid_01390,Instagram,creator_0297,Entertainment,40,2024-07-03,1223,40903,0.0299,24,2,1,2.0,0.05,3246,0.0007,2,False,69,False,False
vid_01391,YouTube Shorts,creator_0865,Cooking,17,2024-05-31,1231,34872,0.0353,4,1,2,7.7,0.453,1565,0.0002,1,False,69,True,False
vid_01392,TikTok,creator_0141,Cooking,25,2024-05-27,128,9922,0.0129,1,1,0,3.0,0.12,1337,0.0002,2,False,5,True,False
vid_01393,Facebook Reels,creator_0679,News,10,2025-03-15,15866,340472,0.0466,1054,6,2,3.5,0.35,19805,0.0031,3,False,144,True,False
vid_01394,TikTok,creator_0333,Education,12,2024-12-18,368,20000,0.0184,6,0,0,2.9,0.242,2557,0.0003,4,False,93,False,False
vid_01395,Instagram,creator_0008,Beauty,5,2025-06-22,1683,132519,0.0127,15,0,0,1.9,0.38,2194,0.0001,3,False,40,True,False
vid_01396,TikTok,creator_0679,Gaming,25,2024-06-08,63,7974,0.0079,0,1,0,2.7,0.108,188,0.0001,0,False,18,False,False
vid_01397,TikTok,creator_0021,Education,22,2024-10-04,2216,41343,0.0536,20,1,0,6.0,0.273,5200,0.0005,2,True,7,True,False
vid_01398,TikTok,creator_0399,News,12,2024-10-06,729,21069,0.0346,4,4,1,3.1,0.258,2368,0.0004,1,True,100,True,False
vid_01399,TikTok,creator_0357,Beauty,20,2024-07-22,1980,388235,0.0051,20,0,0,6.7,0.335,2324,0.0001,5,False,87,True,False
vid_01400,Instagram,creator_0366,Beauty,27,2024-01-17,1849,237051,0.0078,23,0,0,13.5,0.5,4541,0.0001,4,False,15,True,False
vid_01401,TikTok,creator_0282,Gaming,16,2025-05-23,1474,65511,0.0225,18,1,0,8.4,0.525,5512,0.0003,3,False,76,True,False
vid_01402,Snapchat,creator_0625,DIY,10,2024-07-05,271,9033,0.03,0,0,1,1.5,0.15,0,0.0001,1,False,5,True,False
vid_01403,TikTok,creator_1080,News,21,2024-12-02,570,40425,0.0141,4,0,0,9.5,0.452,864,0.0001,5,False,85,True,False
vid_01404,TikTok,creator_0268,Beauty,28,2024-05-28,686,137200,0.005,1,1,0,5.6,0.2,3374,0.0,2,False,90,True,False
vid_01405,TikTok,creator_0880,Beauty,16,2024-02-05,113,3910,0.0289,5,0,0,5.1,0.319,1566,0.0013,3,False,101,True,False
vid_01406,YouTube Shorts,creator_0603,Comedy,20,2024-09-11,31461,3210306,0.0098,111,19,6,1.9,0.095,62254,0.0,1,False,113,True,False
vid_01407,TikTok,creator_0259,Music,34,2025-03-29,540,108000,0.005,5,1,1,14.2,0.418,1528,0.0001,1,False,111,True,False
vid_01408,TikTok,creator_0964,News,26,2024-02-20,1395,99642,0.014,5,0,1,4.2,0.162,1597,0.0001,1,False,92,True,False
vid_01409,Snapchat,creator_1043,Cooking,21,2025-01-22,3846,98363,0.0391,13,4,3,5.8,0.276,7954,0.0002,1,False,13,True,False
vid_01410,YouTube Shorts,creator_1077,DIY,24,2025-07-09,766,34818,0.022,4,1,1,2.0,0.083,2425,0.0002,4,False,69,True,False
vid_01411,Instagram,creator_1196,Entertainment,45,2024-06-09,32338,3079809,0.0105,99,13,6,10.8,0.24,34204,0.0,3,False,146,True,False
vid_01412,YouTube Shorts,creator_0811,Beauty,18,2024-08-25,1394,183421,0.0076,48,1,1,5.7,0.317,3700,0.0003,0,False,41,True,False
vid_01413,TikTok,creator_0767,Fitness,36,2025-03-03,1067,44458,0.024,4,0,0,14.1,0.392,6556,0.0001,1,True,59,True,False
vid_01414,TikTok,creator_1063,Cooking,29,2024-06-27,5339,437622,0.0122,55,3,0,4.1,0.141,3567,0.0001,3,False,63,True,False
vid_01415,Instagram,creator_0873,DIY,17,2024-12-29,78,2429,0.0321,0,1,0,5.2,0.306,0,0.0004,0,False,49,True,False
vid_01416,Instagram,creator_0560,Gaming,9,2024-01-20,1000,20325,0.0492,4,0,1,1.0,0.111,747,0.0002,2,False,46,True,False
vid_01417,Instagram,creator_0736,Education,27,2024-08-16,159,6765,0.0235,0,0,1,2.3,0.085,231,0.0001,3,False,23,True,False
vid_01418,Instagram,creator_0567,Beauty,6,2024-03-17,1047,126144,0.0083,13,1,3,1.0,0.167,2277,0.0001,4,True,66,True,False
vid_01419,Instagram,creator_0684,Beauty,28,2025-06-08,10990,939316,0.0117,97,5,0,5.4,0.193,28551,0.0001,0,False,68,True,False
vid_01420,YouTube Shorts,creator_0563,Beauty,27,2025-07-02,5820,129333,0.045,12,3,1,1.0,0.037,16863,0.0001,0,False,23,True,False
vid_01421,YouTube Shorts,creator_1113,Fitness,33,2024-01-07,3839,244522,0.0157,15,1,0,2.0,0.061,5415,0.0001,2,False,98,True,False
vid_01422,TikTok,creator_0828,Gaming,5,2025-03-26,9981,594107,0.0168,13,6,1,1.3,0.26,25996,0.0,3,False,51,True,False
vid_01423,Instagram,creator_0306,Gaming,23,2024-06-25,2497,139497,0.0179,7,0,1,13.4,0.583,858,0.0001,3,False,28,True,False
vid_01424,Instagram,creator_1057,News,16,2025-03-05,1359,54578,0.0249,18,0,0,4.6,0.288,1663,0.0003,2,False,40,True,False
vid_01425,Instagram,creator_0176,Cooking,9,2024-05-25,13507,482392,0.028,172,7,3,2.3,0.256,29395,0.0004,3,False,112,False,False
vid_01426,TikTok,creator_0899,DIY,16,2025-03-09,635,107627,0.0059,6,1,1,11.3,0.706,976,0.0001,4,True,75,True,False
vid_01427,YouTube Shorts,creator_0626,Entertainment,15,2025-01-23,124,2489,0.0498,0,0,1,9.2,0.613,697,0.0004,1,False,50,False,False
vid_01428,TikTok,creator_0859,Gaming,30,2025-06-16,1863,157881,0.0118,10,1,1,6.1,0.203,521,0.0001,3,False,5,True,False
vid_01429,Instagram,creator_0614,Cooking,36,2025-03-31,698,126909,0.0055,2,2,0,6.3,0.175,3511,0.0,4,True,6,False,False
vid_01430,Snapchat,creator_0315,Cooking,20,2025-03-17,662,13266,0.0499,2,1,0,3.0,0.15,128,0.0002,3,False,122,True,False
vid_01431,Instagram,creator_0801,Gaming,5,2024-06-07,1044,76764,0.0136,8,0,1,1.0,0.2,5849,0.0001,5,False,128,True,False
vid_01432,TikTok,creator_0973,Education,22,2024-09-12,3274,237246,0.0138,64,0,0,17.1,0.777,7390,0.0003,0,False,81,True,False
vid_01433,Snapchat,creator_0191,Comedy,25,2024-03-22,693,29240,0.0237,7,0,1,6.8,0.272,4365,0.0003,2,False,74,True,False
vid_01434,YouTube Shorts,creator_1001,Entertainment,15,2024-05-25,1067,19400,0.055,5,0,0,8.7,0.58,2324,0.0003,3,False,22,False,False
vid_01435,TikTok,creator_0422,Beauty,25,2024-08-14,288,9504,0.0303,1,0,0,3.8,0.152,726,0.0001,2,False,119,True,False
vid_01436,TikTok,creator_1062,Entertainment,27,2024-05-13,446,20938,0.0213,1,1,0,5.3,0.196,1003,0.0001,5,False,28,False,False
vid_01437,TikTok,creator_0227,Comedy,19,2025-02-20,216,5454,0.0396,0,2,0,5.8,0.305,0,0.0004,0,False,5,True,False
vid_01438,TikTok,creator_0423,Comedy,36,2024-06-08,102,3238,0.0315,0,0,0,3.8,0.106,2557,0.0,0,False,52,False,False
vid_01439,Instagram,creator_0326,News,11,2025-03-22,3115,255327,0.0122,28,4,0,3.8,0.345,11213,0.0001,0,False,27,True,False
vid_01440,Instagram,creator_0940,Fitness,29,2024-06-05,946,16366,0.0578,2,0,0,10.0,0.345,1306,0.0001,1,True,18,True,False
vid_01441,TikTok,creator_0818,News,17,2024-07-10,601,34540,0.0174,0,2,1,6.5,0.382,2350,0.0001,4,False,62,False,False
vid_01442,YouTube Shorts,creator_0943,DIY,8,2025-03-23,1253,77826,0.0161,2,0,0,2.6,0.325,2764,0.0,3,True,22,True,False
vid_01443,Instagram,creator_0935,Cooking,37,2025-06-27,5622,270288,0.0208,38,2,3,17.6,0.476,6897,0.0002,2,False,57,False,False
vid_01444,TikTok,creator_0359,Gaming,24,2024-07-12,22169,405283,0.0547,169,8,3,7.5,0.312,37876,0.0004,3,False,110,True,False
vid_01445,TikTok,creator_0788,Comedy,23,2025-06-26,1664,55099,0.0302,10,2,0,3.3,0.143,2066,0.0002,2,False,38,True,False
vid_01446,Snapchat,creator_0491,Comedy,40,2024-07-31,573,11169,0.0513,0,2,0,8.8,0.22,51,0.0002,0,False,98,True,False
vid_01447,Instagram,creator_0137,Beauty,13,2025-01-18,389,9581,0.0406,1,0,2,5.0,0.385,0,0.0003,1,False,149,True,False
vid_01448,TikTok,creator_0756,Education,19,2024-03-22,199,16311,0.0122,2,1,1,1.1,0.058,1253,0.0002,2,False,61,True,False
vid_01449,TikTok,creator_0338,Fitness,29,2024-06-10,1443,288600,0.005,21,1,0,3.0,0.103,3315,0.0001,3,False,6,True,False
vid_01450,TikTok,creator_0946,Gaming,31,2024-09-23,487,22036,0.0221,1,0,3,1.1,0.035,5477,0.0002,3,False,45,False,False
vid_01451,TikTok,creator_0022,Fitness,34,2024-03-30,12173,213561,0.057,49,5,4,11.0,0.324,8455,0.0003,2,False,63,True,False
vid_01452,Instagram,creator_0951,DIY,26,2024-12-24,101,6121,0.0165,0,2,0,1.8,0.069,4291,0.0003,3,True,59,True,False
vid_01453,TikTok,creator_0897,Comedy,26,2024-12-31,5074,590000,0.0086,23,2,0,18.4,0.708,12069,0.0,1,False,45,False,False
vid_01454,TikTok,creator_0037,News,26,2024-03-19,6253,87089,0.0718,113,3,2,3.2,0.123,4994,0.0014,2,False,24,True,False
vid_01455,YouTube Shorts,creator_0345,Education,5,2025-06-05,889,63500,0.014,14,4,1,1.0,0.2,3942,0.0003,3,False,5,True,False
vid_01456,TikTok,creator_0734,Comedy,14,2024-06-17,138,15862,0.0087,0,1,0,1.0,0.071,794,0.0001,2,False,82,False,False
vid_01457,Instagram,creator_0906,Entertainment,21,2025-05-08,343,17411,0.0197,1,3,0,5.3,0.252,4802,0.0002,5,False,52,True,False
vid_01458,YouTube Shorts,creator_0211,Gaming,18,2025-06-20,1386,161162,0.0086,22,0,0,6.7,0.372,302,0.0001,0,False,5,True,False
vid_01459,TikTok,creator_0773,Beauty,18,2024-07-12,896,23578,0.038,9,0,1,3.0,0.167,2323,0.0004,3,False,87,True,False
vid_01460,TikTok,creator_0864,Entertainment,26,2024-01-12,4374,319270,0.0137,16,2,0,3.7,0.142,6486,0.0001,3,False,107,True,False
vid_01461,Instagram,creator_0452,Education,27,2025-05-30,33187,1140446,0.0291,305,16,9,5.0,0.185,87089,0.0003,1,False,5,True,False
vid_01462,TikTok,creator_0221,Cooking,15,2024-09-07,1500,38071,0.0394,13,2,0,11.6,0.773,5394,0.0004,1,False,19,True,False
vid_01463,TikTok,creator_1110,Gaming,22,2024-11-28,12457,688232,0.0181,197,5,5,7.9,0.359,10707,0.0003,3,False,14,True,False
vid_01464,TikTok,creator_0356,Entertainment,40,2024-11-08,1952,390400,0.005,37,0,2,13.2,0.33,3301,0.0001,1,False,93,True,False
vid_01465,TikTok,creator_0451,Education,17,2025-05-26,102,4573,0.0223,0,1,1,1.0,0.059,0,0.0004,4,False,9,True,False
vid_01466,TikTok,creator_0138,Beauty,13,2024-11-15,72,3461,0.0208,0,2,0,1.0,0.077,0,0.0006,1,False,106,True,False
vid_01467,Facebook Reels,creator_0209,Music,25,2025-03-18,1242,132127,0.0094,34,1,0,11.3,0.452,0,0.0003,4,False,151,False,False
vid_01468,Instagram,creator_0796,Comedy,10,2024-09-14,17538,1608990,0.0109,36,9,5,2.3,0.23,13646,0.0,2,False,64,True,False
vid_01469,Instagram,creator_0988,Education,39,2024-09-17,228,13255,0.0172,0,1,0,12.2,0.313,281,0.0001,2,True,113,False,False
vid_01470,TikTok,creator_1047,Beauty,30,2025-01-26,82,1680,0.0488,0,1,0,14.5,0.483,0,0.0006,2,False,83,False,False
vid_01471,TikTok,creator_0255,Fitness,15,2024-07-02,165,8168,0.0202,0,1,0,11.2,0.747,2986,0.0001,2,False,86,True,False
vid_01472,Instagram,creator_0123,Comedy,24,2024-10-17,364,22195,0.0164,2,2,0,13.9,0.579,0,0.0002,2,False,91,True,False
vid_01473,TikTok,creator_0078,Beauty,13,2025-07-17,981,66734,0.0147,12,0,0,3.9,0.3,1584,0.0002,3,False,52,False,False
vid_01474,YouTube Shorts,creator_0674,Comedy,35,2024-08-04,43,3440,0.0125,0,2,0,7.0,0.2,0,0.0006,4,False,50,False,False
vid_01475,TikTok,creator_0850,Fitness,25,2025-08-05,1758,351600,0.005,11,1,0,15.4,0.616,507,0.0,1,True,60,False,False
vid_01476,TikTok,creator_0497,Beauty,33,2025-02-22,478,8917,0.0536,1,0,0,2.3,0.07,0,0.0001,2,True,73,False,False
vid_01477,Facebook Reels,creator_0456,News,22,2024-10-23,1351,97898,0.0138,2,1,0,4.4,0.2,3166,0.0,3,False,65,True,False
vid_01478,Instagram,creator_0133,DIY,35,2024-02-24,2299,232222,0.0099,42,0,0,17.0,0.486,4748,0.0002,1,False,59,True,False
vid_01479,Facebook Reels,creator_0419,Comedy,28,2024-03-12,484,28982,0.0167,3,0,1,5.5,0.196,0,0.0001,4,False,109,True,False
vid_01480,YouTube Shorts,creator_0419,Beauty,15,2025-01-29,169,5728,0.0295,2,3,0,9.5,0.633,847,0.0009,2,True,24,True,False
vid_01481,TikTok,creator_0405,Beauty,24,2024-11-25,288,28235,0.0102,0,2,0,10.5,0.438,1646,0.0001,5,False,40,True,False
vid_01482,TikTok,creator_0919,Beauty,22,2024-07-30,369,14192,0.026,4,0,0,3.4,0.155,1068,0.0003,2,False,15,True,False
vid_01483,Facebook Reels,creator_0737,Gaming,34,2024-10-20,2059,40058,0.0514,13,1,0,7.9,0.232,5028,0.0003,1,False,15,True,False
vid_01484,Instagram,creator_0888,Comedy,27,2025-01-09,629,35337,0.0178,1,1,1,1.2,0.044,604,0.0001,1,True,34,True,False
vid_01485,YouTube Shorts,creator_0615,News,32,2025-02-21,2957,154010,0.0192,46,3,1,13.6,0.425,0,0.0003,2,False,19,True,False
vid_01486,TikTok,creator_0950,Fitness,5,2024-12-18,728,18291,0.0398,6,0,2,1.9,0.38,0,0.0004,2,False,122,True,False
vid_01487,Instagram,creator_0683,Comedy,30,2025-07-09,1323,60967,0.0217,21,0,0,3.4,0.113,0,0.0003,2,False,5,True,False
vid_01488,TikTok,creator_0027,Music,22,2025-07-21,1239,72034,0.0172,41,1,0,3.8,0.173,2655,0.0006,1,False,76,True,False
vid_01489,Snapchat,creator_0809,Cooking,31,2024-10-25,3839,238447,0.0161,25,5,0,3.3,0.106,8460,0.0001,2,False,167,True,False
vid_01490,Instagram,creator_0838,Entertainment,31,2024-04-06,3808,157355,0.0242,25,3,0,19.6,0.632,7435,0.0002,2,False,13,True,False
vid_01491,TikTok,creator_0894,Fitness,13,2025-08-06,384,57313,0.0067,2,0,0,4.9,0.377,4938,0.0,1,False,68,True,False
vid_01492,Instagram,creator_0755,Entertainment,37,2025-05-20,760,83516,0.0091,4,0,1,11.8,0.319,0,0.0001,0,False,95,True,False
vid_01493,TikTok,creator_0979,Entertainment,31,2024-10-07,14111,731139,0.0193,60,10,1,7.0,0.226,18990,0.0001,3,False,131,True,False
vid_01494,Instagram,creator_0303,Fitness,45,2025-04-15,3253,91376,0.0356,156,1,0,1.3,0.029,3573,0.0017,2,False,93,True,False
vid_01495,TikTok,creator_1185,Comedy,23,2024-01-10,114,18387,0.0062,0,2,0,9.0,0.391,1887,0.0001,2,True,132,True,False
vid_01496,YouTube Shorts,creator_0788,Gaming,37,2025-07-02,3022,147414,0.0205,44,1,1,23.7,0.641,6035,0.0003,3,False,122,False,False
vid_01497,Instagram,creator_0387,Gaming,10,2024-05-08,243,15986,0.0152,3,1,1,1.0,0.1,432,0.0003,4,False,5,True,False
vid_01498,TikTok,creator_1092,Gaming,42,2025-03-31,1440,163636,0.0088,10,3,0,21.5,0.512,5744,0.0001,1,False,111,True,False
vid_01499,YouTube Shorts,creator_0183,Education,22,2025-05-09,898,47263,0.019,7,2,1,3.8,0.173,0,0.0002,3,False,16,False,False
vid_01500,YouTube Shorts,creator_0551,Beauty,9,2025-08-04,493,9820,0.0502,4,0,0,1.7,0.189,961,0.0004,3,False,35,True,False
vid_01501,Facebook Reels,creator_1008,Entertainment,22,2024-03-16,966,20294,0.0476,5,0,0,14.2,0.645,140,0.0002,2,True,86,True,False
vid_01502,Instagram,creator_0591,Gaming,26,2024-05-12,1277,23560,0.0542,9,2,0,13.1,0.504,0,0.0005,2,False,59,True,False
vid_01503,TikTok,creator_0997,Comedy,28,2025-01-25,1349,269800,0.005,4,1,1,2.8,0.1,3562,0.0,2,False,57,True,False
vid_01504,YouTube Shorts,creator_0381,Beauty,44,2024-02-15,295,7887,0.0374,2,1,0,13.0,0.295,0,0.0004,2,False,80,False,False
vid_01505,TikTok,creator_0838,DIY,31,2025-05-01,11703,436679,0.0268,11,3,3,3.7,0.119,35858,0.0,2,False,80,True,False
vid_01506,Instagram,creator_0164,Fitness,26,2024-03-07,140,2910,0.0481,2,0,3,2.3,0.088,0,0.0017,2,False,120,True,False
vid_01507,TikTok,creator_1200,Beauty,26,2025-01-06,36,1500,0.024,0,0,4,21.6,0.831,857,0.0027,1,False,98,True,False
vid_01508,TikTok,creator_0545,Entertainment,28,2025-05-31,96,3276,0.0293,1,1,1,3.8,0.136,2633,0.0009,2,False,5,False,False
vid_01509,TikTok,creator_1070,Entertainment,11,2024-10-18,378,11250,0.0336,4,0,1,3.7,0.336,0,0.0004,2,False,15,False,False
vid_01510,YouTube Shorts,creator_0996,DIY,17,2024-09-18,931,48743,0.0191,8,2,1,5.9,0.347,2212,0.0002,3,False,86,True,False
vid_01511,Instagram,creator_0703,Cooking,40,2024-07-05,1290,50787,0.0254,29,0,0,14.5,0.362,1743,0.0006,2,False,59,True,False
vid_01512,TikTok,creator_0118,Cooking,18,2024-09-13,247,10122,0.0244,5,1,0,5.1,0.283,0,0.0006,3,False,13,True,False
vid_01513,YouTube Shorts,creator_0823,Comedy,20,2024-01-20,1162,25594,0.0454,21,1,0,5.4,0.27,0,0.0009,3,False,5,False,False
vid_01514,TikTok,creator_0510,Cooking,11,2024-12-17,664,102153,0.0065,13,2,2,1.1,0.1,0,0.0002,1,False,67,True,False
vid_01515,Instagram,creator_0847,Beauty,16,2024-01-03,858,83300,0.0103,2,0,0,3.2,0.2,3947,0.0,2,False,69,False,False
vid_01516,YouTube Shorts,creator_0035,Cooking,33,2024-02-05,2773,62737,0.0442,51,1,1,9.6,0.291,5297,0.0008,2,False,50,True,False
vid_01517,Instagram,creator_0479,News,22,2025-01-11,515,32594,0.0158,17,0,0,2.3,0.105,168,0.0005,4,False,32,True,False
vid_01518,TikTok,creator_0877,DIY,24,2025-05-26,1118,223600,0.005,3,1,0,6.9,0.288,4966,0.0,2,False,82,False,False
vid_01519,YouTube Shorts,creator_0602,News,37,2024-05-31,744,33818,0.022,1,0,0,29.3,0.792,2001,0.0,3,False,24,False,False
vid_01520,YouTube Shorts,creator_1034,Entertainment,42,2024-04-09,18163,1288156,0.0141,208,8,3,13.8,0.329,51183,0.0002,5,False,5,True,False
vid_01521,YouTube Shorts,creator_1124,DIY,24,2024-05-10,659,124339,0.0053,3,0,0,13.9,0.579,414,0.0,0,False,65,False,False
vid_01522,Instagram,creator_1108,Beauty,24,2024-07-08,440,42307,0.0104,3,0,1,1.0,0.042,3463,0.0001,4,False,119,True,False
vid_01523,Instagram,creator_0184,Education,13,2024-12-03,188,15161,0.0124,0,1,2,3.3,0.254,0,0.0002,1,False,88,True,False
vid_01524,Snapchat,creator_0669,Gaming,13,2024-08-05,2879,201328,0.0143,30,3,0,2.8,0.215,6427,0.0002,3,False,47,True,False
vid_01525,Instagram,creator_0253,Comedy,5,2025-02-19,184,6478,0.0284,1,0,0,3.1,0.62,0,0.0002,3,False,78,True,False
vid_01526,YouTube Shorts,creator_0682,Beauty,26,2025-03-23,15684,716164,0.0219,93,5,4,7.9,0.304,47088,0.0001,0,False,30,True,False
vid_01527,Instagram,creator_0773,Gaming,34,2025-05-22,3820,217045,0.0176,26,1,0,16.1,0.474,9024,0.0001,2,False,51,True,False
vid_01528,YouTube Shorts,creator_0478,Beauty,35,2024-07-20,199,19900,0.01,2,0,0,6.8,0.194,0,0.0001,3,True,76,True,False
vid_01529,TikTok,creator_0386,Education,25,2025-03-20,40,7017,0.0057,1,1,1,9.8,0.392,0,0.0004,1,False,81,False,False
vid_01530,Facebook Reels,creator_1182,Entertainment,13,2024-08-29,5008,291162,0.0172,39,5,2,7.8,0.6,8997,0.0002,1,True,84,True,False
vid_01531,YouTube Shorts,creator_0868,Cooking,30,2024-10-10,22,916,0.024,0,1,0,10.6,0.353,0,0.0011,2,False,142,False,False
vid_01532,TikTok,creator_0455,Education,37,2024-11-03,300,12765,0.0235,1,0,1,17.1,0.462,1737,0.0002,1,True,71,False,False
vid_01533,TikTok,creator_0608,Beauty,9,2025-01-23,2474,92659,0.0267,10,1,5,3.3,0.367,6829,0.0002,2,False,134,True,False
vid_01534,TikTok,creator_0071,News,27,2024-09-05,1365,37092,0.0368,14,0,0,4.8,0.178,4544,0.0004,2,False,17,False,False
vid_01535,TikTok,creator_1176,DIY,23,2025-05-05,1453,61050,0.0238,14,2,1,10.8,0.47,2582,0.0003,0,False,46,True,False
vid_01536,YouTube Shorts,creator_0772,Entertainment,16,2024-09-15,254,7937,0.032,1,1,2,2.4,0.15,4528,0.0005,2,False,94,True,False
vid_01537,YouTube Shorts,creator_0461,Entertainment,37,2024-05-19,211,6784,0.0311,2,0,1,7.1,0.192,3690,0.0004,1,False,79,True,False
vid_01538,TikTok,creator_0327,Entertainment,43,2025-03-01,789,12175,0.0648,2,1,0,13.1,0.305,3290,0.0002,2,False,33,True,False
vid_01539,Instagram,creator_0714,Gaming,25,2024-10-30,2597,91122,0.0285,7,0,2,3.7,0.148,365,0.0001,1,True,100,True,False
vid_01540,TikTok,creator_0400,Music,22,2024-11-01,4708,941600,0.005,28,4,1,8.3,0.377,1124,0.0,2,True,44,True,False
vid_01541,YouTube Shorts,creator_0111,Fitness,28,2024-12-21,1551,40077,0.0387,16,3,1,15.5,0.554,5788,0.0005,3,False,89,True,False
vid_01542,TikTok,creator_0989,Fitness,11,2024-04-22,1398,43148,0.0324,4,1,0,4.8,0.436,3279,0.0001,2,False,73,False,False
vid_01543,TikTok,creator_0019,Cooking,15,2025-07-17,1257,86095,0.0146,16,1,0,2.4,0.16,2269,0.0002,1,False,76,True,False
vid_01544,YouTube Shorts,creator_0303,Gaming,30,2024-11-27,5305,1061000,0.005,35,6,0,10.9,0.363,5130,0.0,1,False,6,True,False
vid_01545,TikTok,creator_0729,DIY,17,2024-05-19,351,20172,0.0174,6,0,0,6.8,0.4,968,0.0003,3,False,31,True,False
vid_01546,Instagram,creator_0694,News,33,2024-12-02,1791,128848,0.0139,16,1,1,23.5,0.712,0,0.0001,5,False,93,True,False
vid_01547,TikTok,creator_0070,Education,35,2024-07-06,33217,3104392,0.0107,182,15,9,14.6,0.417,35610,0.0001,2,False,89,True,False
vid_01548,Instagram,creator_0354,Gaming,23,2025-06-21,82,3014,0.0272,1,2,0,3.7,0.161,0,0.001,3,False,47,True,False
vid_01549,TikTok,creator_0950,Gaming,18,2024-08-01,318,5047,0.063,7,1,0,1.1,0.061,799,0.0016,0,False,109,True,False
vid_01550,TikTok,creator_0239,Education,12,2024-04-04,6686,457945,0.0146,122,3,2,1.0,0.083,17019,0.0003,2,False,10,True,False
vid_01551,Instagram,creator_0048,News,30,2025-03-21,130,4276,0.0304,3,1,0,16.4,0.547,0,0.0009,1,False,113,True,False
vid_01552,Instagram,creator_0194,News,20,2024-05-20,1331,45582,0.0292,6,1,0,5.7,0.285,1460,0.0002,1,False,113,False,False
vid_01553,YouTube Shorts,creator_0612,News,25,2024-04-07,162,10519,0.0154,1,3,0,16.9,0.676,1774,0.0004,1,True,65,True,False
vid_01554,Snapchat,creator_1101,Comedy,12,2024-11-10,272,11147,0.0244,1,1,1,3.9,0.325,4507,0.0003,0,False,91,True,False
vid_01555,Instagram,creator_1099,Music,22,2025-01-14,48,1666,0.0288,0,0,1,7.0,0.318,0,0.0006,0,True,116,False,False
vid_01556,Instagram,creator_0255,Beauty,36,2025-05-26,583,73797,0.0079,4,0,0,13.8,0.383,2870,0.0001,0,False,51,True,False
vid_01557,Instagram,creator_0369,Entertainment,32,2025-03-06,759,17985,0.0422,7,1,2,5.5,0.172,1513,0.0006,2,False,5,True,False
vid_01558,TikTok,creator_1178,Beauty,31,2025-05-21,472,16054,0.0294,8,2,1,15.8,0.51,3120,0.0007,2,False,46,True,False
vid_01559,YouTube Shorts,creator_0072,Education,22,2024-04-06,183,7439,0.0246,0,0,0,3.4,0.155,982,0.0,6,False,76,True,False
vid_01560,Instagram,creator_0867,Entertainment,25,2024-07-11,59,5462,0.0108,0,2,0,2.4,0.096,0,0.0004,1,False,15,False,False
vid_01561,Instagram,creator_0601,Music,18,2024-12-11,1425,75396,0.0189,9,0,1,11.3,0.628,521,0.0001,2,False,5,True,False
vid_01562,TikTok,creator_0722,News,26,2025-02-22,1648,108421,0.0152,7,0,0,6.1,0.235,0,0.0001,1,False,73,True,False
vid_01563,Instagram,creator_0092,Beauty,7,2024-01-29,1923,105659,0.0182,6,2,0,1.4,0.2,153,0.0001,2,False,21,True,False
vid_01564,YouTube Shorts,creator_0275,News,18,2025-03-04,245,15705,0.0156,0,1,0,1.1,0.061,0,0.0001,3,False,78,True,False
vid_01565,TikTok,creator_0865,Education,26,2025-03-03,2943,58508,0.0503,11,1,1,3.4,0.131,5887,0.0002,0,False,57,True,False
vid_01566,Snapchat,creator_0820,DIY,37,2024-03-05,954,66250,0.0144,12,0,0,5.2,0.141,3065,0.0002,3,False,5,True,False
vid_01567,Snapchat,creator_0294,Music,29,2024-06-07,7067,821744,0.0086,12,4,3,5.0,0.172,18011,0.0,2,True,38,True,False
vid_01568,Facebook Reels,creator_0395,Cooking,12,2025-03-13,939,187800,0.005,7,1,0,6.0,0.5,1358,0.0,0,False,5,False,False
vid_01569,Instagram,creator_0860,Comedy,14,2024-09-02,274,8379,0.0327,1,0,1,13.5,0.964,0,0.0002,3,False,55,True,False
vid_01570,TikTok,creator_0507,Education,24,2024-07-28,137,15930,0.0086,1,3,1,13.8,0.575,0,0.0003,2,False,156,True,False
vid_01571,Instagram,creator_0136,Cooking,26,2025-05-12,5465,118546,0.0461,139,1,3,13.0,0.5,11311,0.0012,1,True,75,False,False
vid_01572,YouTube Shorts,creator_0300,Beauty,30,2024-07-31,6742,264392,0.0255,66,2,2,2.7,0.09,8896,0.0003,1,True,116,True,False
vid_01573,Facebook Reels,creator_0776,Education,25,2024-04-05,24908,1682972,0.0148,54,10,2,3.3,0.132,69393,0.0,1,False,106,True,False
vid_01574,TikTok,creator_1003,Education,25,2025-02-14,607,21756,0.0279,4,1,1,3.6,0.144,0,0.0003,4,False,80,True,False
vid_01575,TikTok,creator_0556,News,8,2024-03-17,2641,79548,0.0332,22,1,0,1.0,0.125,1896,0.0003,3,False,58,True,False
vid_01576,Snapchat,creator_0798,Comedy,6,2024-09-25,38744,1064395,0.0364,559,24,4,1.0,0.167,96185,0.0006,6,False,81,True,False
vid_01577,YouTube Shorts,creator_1130,News,15,2024-11-08,282,16686,0.0169,0,0,0,7.9,0.527,0,0.0,1,False,117,True,False
vid_01578,TikTok,creator_1052,Comedy,22,2025-05-25,134,15764,0.0085,1,2,1,6.8,0.309,0,0.0003,3,False,86,True,False
vid_01579,YouTube Shorts,creator_0109,Cooking,33,2025-07-03,13403,1914714,0.007,139,3,4,18.7,0.567,18965,0.0001,0,False,5,True,False
vid_01580,TikTok,creator_0938,Comedy,18,2024-12-06,178,8944,0.0199,4,0,0,1.7,0.094,0,0.0004,0,False,74,False,False
vid_01581,Instagram,creator_0565,Gaming,20,2025-02-08,591,95322,0.0062,4,0,0,5.3,0.265,0,0.0,7,False,126,False,False
vid_01582,YouTube Shorts,creator_0626,Education,18,2024-08-25,170,17000,0.01,0,1,0,1.5,0.083,2238,0.0001,5,False,79,True,False
vid_01583,TikTok,creator_0163,Education,16,2025-07-20,608,52413,0.0116,19,1,2,10.5,0.656,742,0.0004,1,False,98,True,False
vid_01584,Instagram,creator_0174,Fitness,21,2025-03-06,541,25280,0.0214,6,0,2,1.8,0.086,1159,0.0003,3,False,12,False,False
vid_01585,TikTok,creator_0869,Music,37,2025-07-21,361,18418,0.0196,7,1,1,7.1,0.192,1734,0.0005,2,False,5,True,False
vid_01586,Instagram,creator_1091,Education,24,2024-11-10,2827,324942,0.0087,25,1,0,3.4,0.142,8593,0.0001,2,True,5,True,False
vid_01587,YouTube Shorts,creator_0015,Gaming,35,2025-06-29,11964,293235,0.0408,35,6,3,4.3,0.123,36184,0.0002,1,False,33,True,False
vid_01588,Facebook Reels,creator_1082,News,29,2024-02-02,949,87870,0.0108,14,2,1,9.5,0.328,3428,0.0002,3,False,6,False,False
vid_01589,Instagram,creator_1073,Beauty,34,2024-05-15,349,25474,0.0137,1,1,0,18.9,0.556,1883,0.0001,2,True,32,False,False
vid_01590,Instagram,creator_0105,Gaming,19,2025-01-19,338,39764,0.0085,1,1,0,12.2,0.642,3756,0.0001,2,False,148,True,False
vid_01591,TikTok,creator_0512,Music,32,2024-04-01,980,130666,0.0075,9,1,0,25.0,0.781,2629,0.0001,1,False,103,True,False
vid_01592,TikTok,creator_0005,News,11,2024-11-01,1669,61360,0.0272,24,0,1,2.3,0.209,0,0.0004,0,False,24,True,False
vid_01593,Snapchat,creator_1056,Entertainment,40,2024-12-25,630,88732,0.0071,2,0,1,10.1,0.252,448,0.0,3,False,24,False,False
vid_01594,TikTok,creator_0013,News,32,2024-12-23,4728,267118,0.0177,11,4,1,28.0,0.875,5351,0.0001,5,False,60,True,False
vid_01595,TikTok,creator_0382,Gaming,30,2024-10-02,914,19698,0.0464,26,1,1,3.4,0.113,0,0.0014,0,True,84,True,False
vid_01596,TikTok,creator_1084,Music,13,2024-04-29,2115,160227,0.0132,61,1,0,1.0,0.077,0,0.0004,2,False,5,False,False
vid_01597,TikTok,creator_0513,Beauty,17,2024-12-31,2180,111794,0.0195,19,2,1,6.8,0.4,5163,0.0002,3,False,45,True,False
vid_01598,TikTok,creator_0374,Music,33,2024-07-28,8228,1645600,0.005,135,5,1,7.7,0.233,18237,0.0001,2,True,102,True,False
vid_01599,YouTube Shorts,creator_0332,Comedy,30,2024-10-01,6832,1366400,0.005,31,3,2,9.8,0.327,4334,0.0,0,False,121,True,False
vid_01600,Snapchat,creator_0407,Education,28,2024-05-27,2445,124744,0.0196,36,0,0,12.7,0.454,2554,0.0003,1,False,103,True,False
vid_01601,TikTok,creator_0679,Entertainment,37,2024-05-04,4555,257344,0.0177,10,3,1,20.0,0.541,4248,0.0001,3,False,69,False,False
vid_01602,Facebook Reels,creator_0545,Education,11,2024-11-23,465,29245,0.0159,5,2,2,1.0,0.091,2438,0.0003,2,False,59,True,False
vid_01603,Instagram,creator_0261,Cooking,13,2025-08-06,694,33689,0.0206,0,0,0,5.0,0.385,1705,0.0,0,False,82,False,False
vid_01604,Instagram,creator_0797,Comedy,21,2024-03-26,1103,64127,0.0172,2,0,0,3.4,0.162,1198,0.0,2,False,98,False,False
vid_01605,TikTok,creator_0705,Music,12,2024-01-11,271,12904,0.021,1,1,1,8.2,0.683,0,0.0002,1,False,132,True,False
vid_01606,Instagram,creator_0701,Gaming,9,2025-04-08,153,6891,0.0222,2,0,0,2.6,0.289,1874,0.0003,3,False,82,True,False
vid_01607,TikTok,creator_0996,Education,27,2024-11-29,668,23942,0.0279,8,1,0,18.6,0.689,5228,0.0004,2,False,64,True,False
vid_01608,Instagram,creator_0511,Fitness,35,2024-03-30,786,44914,0.0175,12,0,0,9.4,0.269,0,0.0003,1,False,50,False,False
vid_01609,TikTok,creator_0879,Beauty,18,2025-01-03,1724,47888,0.036,5,0,0,2.5,0.139,0,0.0001,2,False,96,False,False
vid_01610,YouTube Shorts,creator_1029,News,24,2024-05-20,1194,40890,0.0292,9,1,1,1.9,0.079,1700,0.0003,2,False,56,False,False
vid_01611,Instagram,creator_0305,Beauty,24,2024-04-03,292,27809,0.0105,11,0,0,15.4,0.642,1359,0.0004,2,False,24,True,False
vid_01612,Facebook Reels,creator_0300,Gaming,38,2024-01-14,5191,157303,0.033,17,2,1,8.6,0.226,4553,0.0001,0,False,83,True,False
vid_01613,TikTok,creator_0835,Music,33,2024-08-26,1483,34091,0.0435,29,0,1,3.2,0.097,2200,0.0009,2,False,138,False,False
vid_01614,TikTok,creator_0873,DIY,21,2024-02-17,895,24587,0.0364,10,0,2,2.4,0.114,2445,0.0005,0,False,115,True,False
vid_01615,TikTok,creator_0552,Cooking,14,2024-08-05,2258,196347,0.0115,10,1,0,4.5,0.321,4277,0.0001,1,False,78,True,False
vid_01616,TikTok,creator_0098,Comedy,17,2024-02-01,4673,436728,0.0107,131,2,1,10.8,0.635,2505,0.0003,3,True,33,True,False
vid_01617,TikTok,creator_0585,DIY,10,2024-08-05,36576,1885360,0.0194,833,28,6,3.9,0.39,94926,0.0005,2,False,69,True,False
vid_01618,TikTok,creator_1007,Cooking,34,2024-09-16,2272,70123,0.0324,58,0,0,8.6,0.253,0,0.0008,3,False,114,True,False
vid_01619,TikTok,creator_1131,Comedy,31,2024-09-14,856,47292,0.0181,6,0,0,9.5,0.306,0,0.0001,5,False,114,False,False
vid_01620,YouTube Shorts,creator_1084,News,36,2024-10-15,893,41924,0.0213,12,1,0,3.4,0.094,1582,0.0003,1,False,84,True,False
vid_01621,Instagram,creator_0179,Education,20,2024-04-11,10333,2066600,0.005,121,5,4,2.3,0.115,11817,0.0001,3,False,73,True,False
vid_01622,TikTok,creator_0391,Beauty,21,2025-07-01,538,58478,0.0092,3,1,0,5.8,0.276,4145,0.0001,4,False,5,True,False
vid_01623,Snapchat,creator_0703,Fitness,38,2025-07-17,1221,38639,0.0316,12,2,0,12.2,0.321,1398,0.0004,2,False,51,True,False
vid_01624,Instagram,creator_0315,Entertainment,21,2024-04-09,779,37815,0.0206,22,2,1,3.1,0.148,1480,0.0007,0,False,5,True,False
vid_01625,TikTok,creator_1148,Cooking,21,2024-10-11,5075,295058,0.0172,16,5,2,5.3,0.252,4207,0.0001,2,False,55,True,False
vid_01626,Snapchat,creator_0139,DIY,13,2024-11-21,487,32466,0.015,3,1,0,3.0,0.231,228,0.0001,1,False,25,False,False
vid_01627,YouTube Shorts,creator_0342,News,25,2024-07-31,8266,190900,0.0433,218,4,1,6.6,0.264,10455,0.0012,0,False,72,True,False
vid_01628,TikTok,creator_1160,Entertainment,42,2025-06-22,4417,250965,0.0176,46,1,3,16.1,0.383,14840,0.0002,1,False,125,False,False
vid_01629,Instagram,creator_1091,Music,27,2024-02-28,547,46355,0.0118,5,1,0,8.7,0.322,136,0.0001,2,False,26,True,False
vid_01630,TikTok,creator_0800,Gaming,25,2025-04-16,992,143768,0.0069,19,0,2,12.8,0.512,3697,0.0001,5,False,49,True,False
vid_01631,TikTok,creator_0447,News,36,2025-06-25,180,11180,0.0161,0,0,0,4.1,0.114,0,0.0,1,True,25,False,False
vid_01632,Instagram,creator_1032,Music,5,2024-07-20,173,17128,0.0101,0,0,0,3.2,0.64,157,0.0,1,False,46,True,False
vid_01633,YouTube Shorts,creator_1131,Education,20,2024-05-12,4116,168000,0.0245,52,0,1,6.8,0.34,0,0.0003,2,False,89,True,False
vid_01634,TikTok,creator_0304,Fitness,48,2024-04-13,4072,93609,0.0435,50,2,3,13.2,0.275,10253,0.0006,2,False,6,False,False
vid_01635,Instagram,creator_0510,Beauty,28,2025-02-19,465,12704,0.0366,3,1,1,5.0,0.179,1012,0.0004,0,True,72,True,False
vid_01636,Instagram,creator_0756,Cooking,15,2024-03-05,16713,773750,0.0216,302,11,4,7.0,0.467,15020,0.0004,2,False,51,False,False
vid_01637,TikTok,creator_0274,Gaming,17,2025-04-19,615,18088,0.034,4,1,1,7.1,0.418,0,0.0003,2,False,103,False,False
vid_01638,Instagram,creator_0022,Cooking,25,2024-06-19,669,133800,0.005,15,0,0,1.9,0.076,1460,0.0001,2,False,11,True,False
vid_01639,TikTok,creator_0033,Music,23,2025-05-25,1082,23369,0.0463,9,1,2,12.7,0.552,978,0.0005,0,False,139,True,False
vid_01640,YouTube Shorts,creator_0218,Gaming,5,2025-05-22,16278,1281732,0.0127,77,11,3,2.2,0.44,42898,0.0001,2,False,130,True,False
vid_01641,Instagram,creator_0423,DIY,38,2024-06-20,2469,192890,0.0128,24,0,1,9.3,0.245,7867,0.0001,2,False,55,True,False
vid_01642,Instagram,creator_0810,Comedy,16,2024-12-12,776,32199,0.0241,3,1,1,2.2,0.138,0,0.0002,2,False,29,True,False
vid_01643,TikTok,creator_0982,Education,20,2025-01-20,587,32977,0.0178,5,1,0,4.6,0.23,112,0.0002,3,False,94,True,False
vid_01644,YouTube Shorts,creator_0387,News,28,2025-01-15,668,68163,0.0098,3,0,0,8.0,0.286,2137,0.0,6,False,5,True,False
vid_01645,TikTok,creator_0636,Comedy,11,2024-05-18,238,12526,0.019,4,1,0,1.9,0.173,0,0.0004,1,False,59,True,False
vid_01646,TikTok,creator_0294,Education,14,2024-11-27,5298,145150,0.0365,17,3,1,2.0,0.143,13439,0.0001,5,False,74,False,False
vid_01647,Facebook Reels,creator_0206,Music,20,2024-04-16,4421,508160,0.0087,38,5,1,4.6,0.23,9144,0.0001,3,False,12,False,False
vid_01648,Instagram,creator_0774,Gaming,22,2024-01-17,1562,33956,0.046,7,0,0,7.1,0.323,4174,0.0002,3,True,48,True,False
vid_01649,YouTube Shorts,creator_0090,Comedy,22,2024-07-11,9932,758167,0.0131,168,7,4,1.4,0.064,11785,0.0002,2,False,5,True,False
vid_01650,Snapchat,creator_0028,Entertainment,38,2024-03-23,23088,839563,0.0275,317,16,5,23.7,0.624,29513,0.0004,2,False,19,False,False
vid_01651,YouTube Shorts,creator_0175,Beauty,20,2024-04-18,1452,181500,0.008,2,0,0,3.6,0.18,3540,0.0,3,False,19,True,False
vid_01652,TikTok,creator_0335,Fitness,20,2024-09-14,1349,72139,0.0187,8,1,1,7.5,0.375,5588,0.0001,2,False,5,True,False
vid_01653,Instagram,creator_0548,Music,11,2024-04-05,902,95957,0.0094,3,1,0,4.7,0.427,1585,0.0,4,True,55,True,False
vid_01654,Instagram,creator_0211,Music,11,2024-11-18,903,74016,0.0122,0,1,0,3.0,0.273,4476,0.0,1,False,43,False,False
vid_01655,TikTok,creator_0875,Gaming,7,2024-04-24,54,1556,0.0347,2,0,0,1.0,0.143,0,0.0013,2,False,9,True,False
vid_01656,Snapchat,creator_0788,Education,19,2025-01-17,585,24273,0.0241,1,0,2,10.8,0.568,420,0.0001,3,False,53,True,False
vid_01657,TikTok,creator_0578,Cooking,17,2024-02-29,2537,226517,0.0112,22,0,0,2.0,0.118,9874,0.0001,5,False,30,True,False
vid_01658,Snapchat,creator_0174,Entertainment,11,2025-04-14,144,22500,0.0064,0,0,1,1.9,0.173,0,0.0,1,False,29,True,False
vid_01659,TikTok,creator_0372,Gaming,14,2024-04-26,4312,406792,0.0106,63,1,3,3.4,0.243,4417,0.0002,5,False,63,True,False
vid_01660,Instagram,creator_0588,Cooking,19,2024-03-21,421,13074,0.0322,6,2,1,8.3,0.437,1333,0.0007,3,False,67,True,False
vid_01661,TikTok,creator_0544,Education,36,2024-01-02,1505,278703,0.0054,5,2,0,2.7,0.075,1019,0.0,1,False,36,False,False
vid_01662,YouTube Shorts,creator_0301,Cooking,8,2024-04-24,247,20245,0.0122,0,1,0,2.6,0.325,989,0.0,3,False,83,True,False
vid_01663,YouTube Shorts,creator_0980,Education,31,2024-03-28,2562,512400,0.005,40,2,1,7.0,0.226,8070,0.0001,1,False,71,False,False
vid_01664,TikTok,creator_0186,Cooking,21,2024-04-09,445,82407,0.0054,11,3,2,1.7,0.081,1762,0.0002,2,False,5,True,False
vid_01665,TikTok,creator_0869,DIY,21,2025-06-22,2435,118780,0.0205,21,1,1,12.8,0.61,8767,0.0002,1,False,41,True,False
vid_01666,Instagram,creator_0284,Beauty,7,2024-10-24,456,91200,0.005,3,0,0,1.0,0.143,2768,0.0,0,False,90,True,False
vid_01667,Instagram,creator_1091,Music,21,2024-06-27,359,17684,0.0203,12,0,2,6.3,0.3,3785,0.0008,3,False,122,True,False
vid_01668,TikTok,creator_1184,Beauty,32,2025-06-30,575,115000,0.005,6,0,0,31.1,0.972,178,0.0001,3,True,74,True,False
vid_01669,TikTok,creator_0036,Cooking,19,2025-03-09,626,46370,0.0135,7,1,0,2.4,0.126,4020,0.0002,2,False,42,True,False
vid_01670,TikTok,creator_0716,Cooking,17,2024-04-18,162,4414,0.0367,4,0,1,1.2,0.071,0,0.0011,3,False,81,True,False
vid_01671,YouTube Shorts,creator_0863,Beauty,27,2024-06-12,2323,80380,0.0289,7,0,2,8.7,0.322,2410,0.0001,3,False,5,True,False
vid_01672,TikTok,creator_0294,Gaming,33,2025-07-23,843,60214,0.014,1,0,0,8.1,0.245,5014,0.0,0,True,120,False,False
vid_01673,TikTok,creator_0218,News,40,2024-02-27,24798,3024146,0.0082,332,7,3,8.6,0.215,25403,0.0001,1,False,72,True,False
vid_01674,TikTok,creator_0301,Cooking,8,2024-04-19,1996,399200,0.005,15,2,1,1.0,0.125,4245,0.0,3,True,55,True,False
vid_01675,Instagram,creator_0853,Comedy,17,2024-05-21,8054,164367,0.049,10,4,2,4.6,0.271,11415,0.0001,4,False,72,True,False
vid_01676,Instagram,creator_0614,DIY,19,2024-11-15,259,11310,0.0229,3,1,0,14.2,0.747,417,0.0004,2,False,96,True,False
vid_01677,Instagram,creator_0028,Fitness,27,2024-03-27,1441,76648,0.0188,22,1,1,25.9,0.959,5614,0.0003,4,False,63,False,False
vid_01678,TikTok,creator_0356,Music,11,2024-05-04,23353,912226,0.0256,48,13,5,2.7,0.245,16259,0.0001,0,True,79,False,False
vid_01679,Instagram,creator_0931,Music,25,2025-07-06,83,7217,0.0115,0,1,0,11.5,0.46,1992,0.0001,5,False,49,False,False
vid_01680,Instagram,creator_0466,Gaming,22,2024-05-01,275,14322,0.0192,5,1,0,3.8,0.173,2908,0.0004,2,False,5,True,False
vid_01681,TikTok,creator_0257,Beauty,17,2024-11-07,5517,155847,0.0354,52,1,2,4.2,0.247,5831,0.0004,0,False,5,True,False
vid_01682,TikTok,creator_1146,News,38,2024-02-29,7517,659385,0.0114,107,2,3,8.9,0.234,8810,0.0002,2,False,55,True,False
vid_01683,TikTok,creator_0830,Gaming,15,2024-05-08,196,19215,0.0102,1,0,0,8.4,0.56,0,0.0001,2,True,16,True,False
vid_01684,TikTok,creator_0553,Education,18,2024-03-22,3565,324090,0.011,34,2,0,6.1,0.339,6306,0.0001,2,True,145,True,False
vid_01685,YouTube Shorts,creator_0058,Beauty,34,2024-08-07,2838,198461,0.0143,30,1,0,9.6,0.282,2619,0.0002,7,False,139,True,False
vid_01686,TikTok,creator_0023,Fitness,30,2024-05-25,11867,1174950,0.0101,42,7,4,1.0,0.033,18872,0.0,2,False,87,True,False
vid_01687,TikTok,creator_0552,Education,30,2025-03-18,6181,532844,0.0116,9,1,1,9.7,0.323,5328,0.0,4,False,59,True,False
vid_01688,YouTube Shorts,creator_0094,Entertainment,33,2024-09-01,2871,43500,0.066,39,0,1,14.2,0.43,943,0.0009,1,True,145,True,False
vid_01689,Facebook Reels,creator_0579,Gaming,9,2025-01-23,39417,7883400,0.005,39,27,4,2.9,0.322,91926,0.0,2,False,43,True,False
vid_01690,YouTube Shorts,creator_0266,Education,26,2024-09-14,42,2068,0.0203,0,0,1,4.6,0.177,1939,0.0005,2,False,5,True,False
vid_01691,TikTok,creator_0308,Entertainment,24,2025-04-01,381,8072,0.0472,3,2,1,15.5,0.646,961,0.0007,2,False,18,True,False
vid_01692,YouTube Shorts,creator_0077,Fitness,16,2024-05-05,106,14520,0.0073,3,0,0,4.4,0.275,1011,0.0002,1,False,100,True,False
vid_01693,Snapchat,creator_0192,Beauty,27,2024-06-16,122,16486,0.0074,4,0,1,4.1,0.152,4424,0.0003,0,False,5,True,False
vid_01694,YouTube Shorts,creator_0330,Music,39,2025-02-05,20732,800463,0.0259,35,12,4,5.3,0.136,41506,0.0001,1,False,5,True,False
vid_01695,Instagram,creator_0700,DIY,33,2024-04-11,22918,276787,0.0828,208,15,5,8.9,0.27,50516,0.0008,5,False,73,True,False
vid_01696,YouTube Shorts,creator_0883,Entertainment,12,2025-07-07,1232,33118,0.0372,23,0,1,1.3,0.108,6257,0.0007,2,False,135,True,False
vid_01697,TikTok,creator_0154,Comedy,27,2025-03-16,1153,230600,0.005,10,0,0,5.9,0.219,0,0.0,1,False,85,True,False
vid_01698,YouTube Shorts,creator_0293,Fitness,41,2025-02-28,484,96800,0.005,0,0,0,1.0,0.024,113,0.0,2,False,12,False,False
vid_01699,Snapchat,creator_1022,Education,32,2024-12-19,175,8928,0.0196,0,1,1,11.6,0.362,956,0.0002,0,False,67,False,False
vid_01700,TikTok,creator_0574,News,21,2024-10-09,605,56542,0.0107,7,1,0,3.0,0.143,3827,0.0001,2,False,94,True,False
vid_01701,YouTube Shorts,creator_0944,Fitness,27,2025-01-02,1547,66394,0.0233,3,1,1,13.3,0.493,2004,0.0001,1,False,82,True,False
vid_01702,TikTok,creator_0288,Education,22,2025-03-17,13714,346313,0.0396,76,5,3,5.0,0.227,37138,0.0002,2,False,94,True,False
vid_01703,TikTok,creator_0838,News,32,2025-06-12,19126,574354,0.0333,90,14,4,5.0,0.156,35629,0.0002,2,False,30,True,False
vid_01704,YouTube Shorts,creator_0643,Cooking,22,2024-03-05,1550,218309,0.0071,2,1,2,4.4,0.2,1009,0.0,0,False,71,True,False
vid_01705,TikTok,creator_0088,News,21,2025-05-15,788,67931,0.0116,9,1,0,2.9,0.138,1726,0.0001,0,True,70,False,False
vid_01706,Instagram,creator_1149,Entertainment,24,2024-04-30,1187,53710,0.0221,7,0,0,7.9,0.329,3458,0.0001,0,False,113,True,False
vid_01707,TikTok,creator_0818,Education,30,2024-06-22,11190,588947,0.019,86,6,2,4.2,0.14,23557,0.0002,4,False,46,True,False
vid_01708,TikTok,creator_0955,DIY,13,2025-05-14,1790,358000,0.005,9,2,0,2.4,0.185,4909,0.0,4,False,52,False,False
vid_01709,TikTok,creator_0370,Education,38,2024-11-04,2011,207319,0.0097,12,2,0,16.3,0.429,7854,0.0001,4,False,107,True,False
vid_01710,TikTok,creator_0650,Cooking,30,2025-04-14,647,32512,0.0199,3,3,0,6.7,0.223,3067,0.0002,2,False,69,True,False
vid_01711,Instagram,creator_0571,DIY,27,2024-01-30,1190,59500,0.02,1,3,0,6.6,0.244,0,0.0001,2,False,72,False,False
vid_01712,TikTok,creator_0438,Cooking,32,2025-03-17,736,48104,0.0153,5,1,1,7.1,0.222,0,0.0001,2,True,25,True,False
vid_01713,TikTok,creator_0741,Gaming,37,2025-01-02,6116,413243,0.0148,23,3,3,2.4,0.065,16192,0.0001,4,False,56,True,False
vid_01714,TikTok,creator_0867,Fitness,31,2024-07-14,359,15814,0.0227,5,1,1,12.8,0.413,758,0.0004,3,False,61,True,False
vid_01715,TikTok,creator_0830,Education,18,2024-08-19,2637,405692,0.0065,25,1,0,1.5,0.083,4699,0.0001,6,False,33,True,False
vid_01716,TikTok,creator_0439,Fitness,24,2024-05-22,651,20407,0.0319,7,1,2,9.4,0.392,8356,0.0005,0,False,5,True,False
vid_01717,Snapchat,creator_0701,Fitness,30,2024-05-07,89,3224,0.0276,0,4,2,5.5,0.183,39,0.0019,3,False,112,False,False
vid_01718,Instagram,creator_1097,Comedy,14,2025-06-25,158,10463,0.0151,4,0,0,2.4,0.171,2759,0.0004,1,False,5,False,False
vid_01719,Instagram,creator_0021,Music,25,2025-04-08,11454,324475,0.0353,27,10,1,4.1,0.164,15780,0.0001,3,False,55,True,False
vid_01720,Instagram,creator_0297,Cooking,12,2025-05-30,2566,110128,0.0233,29,2,1,2.4,0.2,6801,0.0003,5,False,99,False,False
vid_01721,YouTube Shorts,creator_0649,Entertainment,25,2024-04-26,1008,106105,0.0095,4,0,0,17.0,0.68,1803,0.0,1,False,32,False,False
vid_01722,Instagram,creator_0649,Education,10,2025-06-07,239,22336,0.0107,6,0,2,1.8,0.18,3620,0.0004,2,False,100,True,False
vid_01723,TikTok,creator_0923,Comedy,26,2025-05-07,429,85800,0.005,1,3,0,14.4,0.554,3105,0.0,1,False,134,False,False
vid_01724,TikTok,creator_0448,Beauty,21,2024-11-22,6059,1188039,0.0051,32,1,2,10.1,0.481,9165,0.0,3,False,36,True,False
vid_01725,Instagram,creator_0443,Cooking,46,2024-06-11,72400,2558303,0.0283,808,48,13,29.7,0.646,170091,0.0003,0,False,60,False,True
vid_01726,Instagram,creator_0030,Cooking,39,2024-10-09,1085,48008,0.0226,22,0,0,1.9,0.049,0,0.0005,5,True,9,False,False
vid_01727,Instagram,creator_0256,DIY,26,2025-05-19,3692,396989,0.0093,64,3,0,1.0,0.038,8961,0.0002,2,False,89,True,False
vid_01728,TikTok,creator_1111,Gaming,34,2025-02-10,8205,202592,0.0405,46,2,2,7.6,0.224,21553,0.0002,1,False,87,True,False
vid_01729,Snapchat,creator_0940,Gaming,28,2024-10-16,4,112,0.0355,0,2,1,25.7,0.918,4628,0.0268,0,False,59,True,False
vid_01730,Instagram,creator_0782,Fitness,20,2025-05-27,67,1281,0.0523,0,2,0,9.3,0.465,0,0.0016,1,False,40,True,False
vid_01731,TikTok,creator_0204,Education,16,2024-03-21,315,14318,0.022,2,2,1,3.9,0.244,858,0.0003,6,True,92,True,False
vid_01732,Snapchat,creator_0213,DIY,23,2025-08-05,244,11244,0.0217,2,2,1,8.9,0.387,1536,0.0004,1,False,63,False,False
vid_01733,TikTok,creator_0910,Music,22,2025-03-27,878,40275,0.0218,0,3,1,8.4,0.382,0,0.0001,2,False,38,True,False
vid_01734,YouTube Shorts,creator_0434,Beauty,24,2024-12-19,833,92555,0.009,3,0,0,9.6,0.4,0,0.0,2,False,9,True,False
vid_01735,YouTube Shorts,creator_0255,Cooking,29,2024-12-26,2204,306111,0.0072,3,0,0,4.4,0.152,2419,0.0,2,False,58,False,False
vid_01736,YouTube Shorts,creator_0811,Entertainment,27,2024-10-17,2205,79602,0.0277,64,0,0,19.3,0.715,8781,0.0008,1,False,90,True,False
vid_01737,TikTok,creator_0542,Fitness,25,2024-11-18,1554,50291,0.0309,5,1,1,13.3,0.532,2505,0.0001,1,False,61,True,False
vid_01738,Snapchat,creator_0067,Entertainment,14,2024-01-21,334,20120,0.0166,6,1,0,6.2,0.443,0,0.0003,2,False,5,True,False
vid_01739,YouTube Shorts,creator_0651,Cooking,32,2024-05-12,793,47202,0.0168,3,1,1,5.4,0.169,7,0.0001,2,False,108,False,False
vid_01740,TikTok,creator_0802,Beauty,33,2025-04-23,3715,391052,0.0095,16,4,0,17.0,0.515,7337,0.0001,3,False,106,False,False
vid_01741,YouTube Shorts,creator_1184,Gaming,44,2024-04-10,150,28301,0.0053,1,2,1,23.5,0.534,2823,0.0001,1,False,90,True,False
vid_01742,YouTube Shorts,creator_0826,Cooking,24,2025-02-05,6790,234137,0.029,16,6,0,5.7,0.238,9214,0.0001,4,False,84,True,False
vid_01743,YouTube Shorts,creator_0259,Music,33,2024-04-01,4788,352058,0.0136,129,1,2,11.9,0.361,9184,0.0004,2,False,122,False,False
vid_01744,YouTube Shorts,creator_0533,Music,31,2024-05-03,2387,314078,0.0076,6,2,0,6.7,0.216,1399,0.0,2,False,73,True,False
vid_01745,TikTok,creator_0896,Entertainment,29,2025-05-03,2253,74602,0.0302,13,2,0,3.5,0.121,5470,0.0002,2,False,24,True,False
vid_01746,Instagram,creator_1114,Education,25,2025-03-20,4175,119285,0.035,8,4,0,7.1,0.284,7680,0.0001,2,False,59,True,False
vid_01747,TikTok,creator_0930,Cooking,24,2024-05-24,351,22645,0.0155,0,0,0,4.1,0.171,673,0.0,0,False,40,False,False
vid_01748,TikTok,creator_1097,Beauty,32,2025-07-18,10860,207251,0.0524,33,3,3,1.1,0.034,31392,0.0002,4,False,59,False,False
vid_01749,YouTube Shorts,creator_0106,Fitness,18,2024-03-05,1854,96562,0.0192,7,2,0,6.8,0.378,3690,0.0001,3,False,50,True,False
vid_01750,Instagram,creator_1187,Education,25,2024-03-27,889,67862,0.0131,3,1,1,11.5,0.46,2476,0.0001,0,False,5,True,False
vid_01751,TikTok,creator_0579,Fitness,16,2024-05-20,332,63846,0.0052,0,1,2,10.4,0.65,2070,0.0,2,True,32,True,False
vid_01752,TikTok,creator_0426,Gaming,24,2024-03-19,17978,688812,0.0261,164,8,1,8.4,0.35,27075,0.0003,4,False,32,True,False
vid_01753,TikTok,creator_0157,Beauty,15,2025-06-17,3226,152169,0.0212,15,2,1,6.9,0.46,5366,0.0001,1,False,83,False,False
vid_01754,Instagram,creator_0924,Comedy,25,2024-05-19,1249,67513,0.0185,3,1,1,5.2,0.208,2818,0.0001,1,False,11,False,False
vid_01755,Instagram,creator_0065,Education,9,2024-09-23,943,39456,0.0239,11,0,0,1.8,0.2,4483,0.0003,2,False,56,True,False
vid_01756,Instagram,creator_1120,Entertainment,5,2024-05-03,451,31760,0.0142,8,1,1,1.5,0.3,3265,0.0003,5,False,57,True,False
vid_01757,TikTok,creator_0061,Music,31,2024-01-18,488,25957,0.0188,7,2,1,3.7,0.119,2614,0.0004,4,False,70,True,False
vid_01758,TikTok,creator_0748,Education,24,2024-06-17,810,27457,0.0295,1,1,1,1.7,0.071,5113,0.0001,0,True,129,True,False
vid_01759,TikTok,creator_0260,Fitness,34,2024-07-31,25,677,0.0369,0,0,2,15.8,0.465,1042,0.003,2,False,77,False,False
vid_01760,TikTok,creator_1130,Fitness,20,2024-12-28,386,4825,0.08,13,0,1,6.4,0.32,0,0.0029,1,False,45,True,False
vid_01761,Instagram,creator_0820,Beauty,41,2024-07-13,1337,150224,0.0089,5,3,1,8.5,0.207,3632,0.0001,2,False,90,True,False
vid_01762,Snapchat,creator_0576,Gaming,39,2024-03-20,2669,145054,0.0184,32,2,0,7.3,0.187,143,0.0002,4,False,48,True,False
vid_01763,TikTok,creator_0422,DIY,29,2024-12-02,430,29054,0.0148,1,1,0,14.4,0.497,0,0.0001,2,False,99,True,False
vid_01764,YouTube Shorts,creator_0653,News,36,2024-03-24,1198,130217,0.0092,1,1,0,1.9,0.053,1192,0.0,1,False,108,True,False
vid_01765,Instagram,creator_0766,Education,35,2024-12-15,74,5000,0.0148,0,0,2,3.4,0.097,1302,0.0004,2,False,34,True,False
vid_01766,Instagram,creator_0840,Fitness,17,2025-04-14,2777,153425,0.0181,6,2,4,8.2,0.482,4154,0.0001,1,False,61,True,False
vid_01767,Facebook Reels,creator_0722,Gaming,9,2024-01-24,343,8305,0.0413,4,2,0,3.8,0.422,0,0.0007,2,True,8,False,False
vid_01768,TikTok,creator_0381,Cooking,36,2024-07-09,1594,87103,0.0183,16,1,1,18.2,0.506,3349,0.0002,2,True,82,True,False
vid_01769,TikTok,creator_0644,Education,37,2024-01-08,10165,430720,0.0236,88,6,1,11.4,0.308,27779,0.0002,1,False,115,True,False
vid_01770,TikTok,creator_0954,News,22,2024-09-06,644,26072,0.0247,7,0,2,2.1,0.095,2025,0.0003,3,False,71,True,False
vid_01771,TikTok,creator_0435,Music,15,2024-06-17,904,32635,0.0277,6,1,1,3.2,0.213,1622,0.0002,4,True,100,True,False
vid_01772,Instagram,creator_0154,News,35,2025-05-16,1007,25886,0.0389,13,2,0,2.9,0.083,1559,0.0006,1,False,66,True,False
vid_01773,TikTok,creator_0656,Beauty,35,2024-06-02,1399,16875,0.0829,27,1,0,10.2,0.291,2256,0.0017,0,True,5,True,False
vid_01774,TikTok,creator_0563,Gaming,14,2024-04-02,7838,173024,0.0453,232,2,1,10.8,0.771,4704,0.0014,1,False,35,True,False
vid_01775,TikTok,creator_0785,Beauty,30,2025-03-23,123,3544,0.0347,0,0,2,18.7,0.623,0,0.0006,2,True,77,True,False
vid_01776,YouTube Shorts,creator_1180,Entertainment,16,2024-12-24,958,47661,0.0201,7,1,3,3.5,0.219,4311,0.0002,4,False,142,False,False
vid_01777,TikTok,creator_1093,Music,29,2024-01-31,47,3760,0.0125,0,0,1,5.0,0.172,214,0.0003,2,False,5,True,False
vid_01778,Instagram,creator_0851,Fitness,23,2024-08-01,1046,34183,0.0306,39,2,1,10.3,0.448,331,0.0012,1,False,110,True,False
vid_01779,TikTok,creator_0642,DIY,35,2025-04-20,2369,109170,0.0217,4,1,0,15.5,0.443,1353,0.0,2,True,95,True,False
vid_01780,Facebook Reels,creator_1011,Education,25,2024-10-17,265,22268,0.0119,0,2,1,13.1,0.524,0,0.0001,1,False,97,True,False
vid_01781,TikTok,creator_0022,Comedy,21,2024-03-22,654,32216,0.0203,10,1,1,4.2,0.2,0,0.0004,4,False,126,False,False
vid_01782,YouTube Shorts,creator_0464,Comedy,33,2024-03-09,2087,88432,0.0236,3,0,0,29.8,0.903,847,0.0,0,False,12,False,False
vid_01783,TikTok,creator_1101,Entertainment,10,2025-06-18,1305,228947,0.0057,21,2,3,3.5,0.35,791,0.0001,2,False,5,True,False
vid_01784,YouTube Shorts,creator_0227,Entertainment,33,2024-08-24,7189,659541,0.0109,9,1,1,12.8,0.388,14638,0.0,2,True,74,True,False
vid_01785,Instagram,creator_0778,Fitness,37,2025-06-26,125,7309,0.0171,0,0,1,7.8,0.211,675,0.0001,4,False,23,True,False
vid_01786,Instagram,creator_0259,Cooking,30,2024-04-24,9031,1088072,0.0083,11,6,2,3.5,0.117,18963,0.0,1,False,36,False,False
vid_01787,Facebook Reels,creator_0847,DIY,20,2025-06-03,63,7590,0.0083,0,0,0,8.1,0.405,1426,0.0,1,False,88,True,False
vid_01788,Instagram,creator_1004,Fitness,27,2024-09-07,1983,75399,0.0263,56,2,0,8.9,0.33,8559,0.0008,0,False,86,True,False
vid_01789,TikTok,creator_0607,Education,23,2024-10-01,7543,260103,0.029,80,2,1,4.2,0.183,16198,0.0003,1,False,80,False,False
vid_01790,Instagram,creator_0422,Education,41,2024-02-28,32378,539633,0.06,81,16,5,18.8,0.459,83708,0.0002,2,False,5,True,False
vid_01791,TikTok,creator_0443,DIY,30,2024-10-26,190,4896,0.0388,3,2,1,4.9,0.163,2418,0.0012,1,False,119,True,False
vid_01792,TikTok,creator_1081,Music,19,2024-08-31,577,54433,0.0106,3,1,0,1.0,0.053,0,0.0001,3,False,18,True,False
vid_01793,Instagram,creator_0316,Music,24,2024-03-23,165,3313,0.0498,1,1,0,3.1,0.129,139,0.0006,2,False,114,True,False
vid_01794,TikTok,creator_0927,News,24,2025-02-02,143,3994,0.0358,0,0,1,8.2,0.342,1558,0.0003,3,False,9,True,False
vid_01795,TikTok,creator_0867,Comedy,26,2025-06-17,3275,270661,0.0121,27,3,0,9.1,0.35,0,0.0001,2,False,5,False,False
vid_01796,Instagram,creator_0302,DIY,31,2024-03-24,1308,113739,0.0115,7,0,0,4.7,0.152,3330,0.0001,2,False,49,True,False
vid_01797,Snapchat,creator_0384,Fitness,24,2024-01-23,951,90571,0.0105,3,2,1,7.4,0.308,3555,0.0001,1,False,5,True,False
vid_01798,TikTok,creator_0243,Music,15,2024-03-06,226,23061,0.0098,3,1,0,5.2,0.347,653,0.0002,2,False,5,True,False
vid_01799,TikTok,creator_0883,Music,33,2024-09-16,634,19937,0.0318,4,1,1,8.1,0.245,1128,0.0003,2,True,71,True,False
vid_01800,TikTok,creator_0784,Gaming,37,2024-05-30,1745,34760,0.0502,15,1,0,7.2,0.195,0,0.0005,4,False,96,True,False
vid_01801,Instagram,creator_1085,News,48,2025-01-18,4255,189955,0.0224,33,1,1,24.4,0.508,2434,0.0002,0,False,89,True,False
vid_01802,TikTok,creator_0510,Education,21,2024-06-19,309,7357,0.042,10,0,0,5.6,0.267,0,0.0014,4,True,35,False,False
vid_01803,Instagram,creator_0489,Education,34,2025-02-17,141,11190,0.0126,0,1,2,15.3,0.45,1631,0.0003,2,True,5,True,False
vid_01804,Instagram,creator_0829,Gaming,39,2024-11-01,98,5536,0.0177,0,1,1,11.9,0.305,1053,0.0004,2,True,18,True,False
vid_01805,YouTube Shorts,creator_0550,DIY,34,2024-06-08,680,44155,0.0154,9,1,0,34.2,1.006,973,0.0002,2,False,5,True,False
vid_01806,Instagram,creator_0590,Entertainment,27,2024-03-14,748,60322,0.0124,1,1,0,7.0,0.259,3116,0.0,1,False,94,False,False
vid_01807,Instagram,creator_0626,Beauty,9,2024-05-12,442,49111,0.009,3,1,0,3.0,0.333,2787,0.0001,4,False,23,True,False
vid_01808,TikTok,creator_0933,Comedy,24,2024-01-10,10999,2199800,0.005,55,10,3,1.8,0.075,4599,0.0,4,False,53,True,False
vid_01809,TikTok,creator_0541,Education,14,2024-05-12,13851,547470,0.0253,346,6,4,3.7,0.264,23075,0.0007,2,False,104,False,False
vid_01810,Instagram,creator_0971,News,11,2024-01-01,14331,682428,0.021,49,6,3,3.9,0.355,21443,0.0001,1,False,67,True,False
vid_01811,TikTok,creator_0036,News,19,2025-06-12,1906,74453,0.0256,8,2,0,9.7,0.511,2442,0.0001,2,False,99,False,False
vid_01812,Instagram,creator_0343,Comedy,18,2024-03-13,489,14340,0.0341,8,3,1,2.5,0.139,71,0.0008,3,True,55,False,False
vid_01813,TikTok,creator_1005,Cooking,17,2025-02-27,8696,345079,0.0252,43,3,4,1.3,0.076,6343,0.0001,1,False,47,True,False
vid_01814,TikTok,creator_0028,Cooking,22,2024-08-21,600,56074,0.0107,8,0,1,3.3,0.15,0,0.0002,3,False,66,False,False
vid_01815,YouTube Shorts,creator_0992,Education,22,2024-07-28,490,36842,0.0133,10,2,0,8.4,0.382,1012,0.0003,2,False,33,True,False
vid_01816,TikTok,creator_0841,Beauty,28,2025-05-27,1788,57124,0.0313,19,0,0,12.1,0.432,0,0.0003,1,False,47,True,False
vid_01817,TikTok,creator_1183,Gaming,24,2024-10-06,1557,47614,0.0327,27,1,0,10.1,0.421,0,0.0006,1,False,5,True,False
vid_01818,Snapchat,creator_0774,Education,33,2024-07-31,1614,109795,0.0147,9,0,0,17.6,0.533,3335,0.0001,3,False,55,True,False
vid_01819,Snapchat,creator_0921,Music,6,2024-05-15,169,16568,0.0102,3,1,0,1.9,0.317,2245,0.0002,1,False,18,True,False
vid_01820,Snapchat,creator_0801,News,6,2024-11-20,410,7155,0.0573,1,0,1,3.7,0.617,1481,0.0003,3,False,24,True,False
vid_01821,TikTok,creator_1187,Music,24,2025-06-29,6735,227533,0.0296,9,4,3,10.9,0.454,13635,0.0001,1,False,14,True,False
vid_01822,TikTok,creator_0932,News,21,2024-09-26,32678,895287,0.0365,241,32,5,5.0,0.238,59181,0.0003,1,False,10,False,False
vid_01823,Instagram,creator_0302,DIY,38,2025-06-12,3723,165466,0.0225,33,3,0,25.1,0.661,9026,0.0002,1,False,97,False,False
vid_01824,Instagram,creator_0334,Fitness,12,2025-01-13,1968,150229,0.0131,18,1,0,7.8,0.65,3314,0.0001,2,False,94,False,False
vid_01825,TikTok,creator_0084,Beauty,32,2024-08-07,1431,48673,0.0294,15,2,0,2.2,0.069,0,0.0003,0,False,5,True,False
vid_01826,Instagram,creator_0011,Gaming,28,2024-09-30,238,7147,0.0333,3,1,0,4.7,0.168,0,0.0006,3,False,5,True,False
vid_01827,TikTok,creator_0718,Fitness,12,2025-01-24,1610,44352,0.0363,13,2,1,7.4,0.617,2274,0.0004,0,False,164,True,False
vid_01828,TikTok,creator_0177,Fitness,44,2024-04-20,1113,71806,0.0155,17,0,0,19.4,0.441,1467,0.0002,0,False,107,True,False
vid_01829,Instagram,creator_0166,Fitness,14,2024-06-18,49,1601,0.0306,0,0,0,8.5,0.607,1464,0.0,2,True,54,False,False
vid_01830,TikTok,creator_0792,Gaming,27,2024-11-06,22,670,0.0328,0,1,0,4.6,0.17,3506,0.0015,2,False,102,True,False
vid_01831,TikTok,creator_0619,News,45,2024-08-29,2461,337123,0.0073,40,3,0,24.8,0.551,3182,0.0001,2,False,69,True,False
vid_01832,YouTube Shorts,creator_1185,Comedy,19,2025-06-14,5183,87550,0.0592,78,4,2,7.8,0.411,9381,0.001,0,False,5,True,False
vid_01833,TikTok,creator_0409,Fitness,31,2024-08-24,4655,342279,0.0136,39,2,1,3.4,0.11,6674,0.0001,3,True,108,True,False
vid_01834,Instagram,creator_1118,Comedy,20,2024-10-19,46438,2957834,0.0157,214,28,5,2.9,0.145,86860,0.0001,1,False,31,False,False
vid_01835,TikTok,creator_1079,DIY,11,2025-06-23,36,1935,0.0186,0,0,0,6.9,0.627,3102,0.0,3,False,134,False,False
vid_01836,YouTube Shorts,creator_0960,Cooking,23,2024-11-28,351,17290,0.0203,2,1,0,17.8,0.774,5494,0.0002,4,False,119,False,False
vid_01837,Instagram,creator_1145,Entertainment,18,2024-11-22,74,6379,0.0116,0,2,0,13.4,0.744,2487,0.0003,1,True,83,True,False
vid_01838,Snapchat,creator_0497,News,21,2025-02-01,110,15068,0.0073,0,3,0,6.5,0.31,0,0.0002,2,False,48,True,False
vid_01839,Snapchat,creator_0601,Entertainment,27,2024-10-31,569,51261,0.0111,0,0,0,6.9,0.256,349,0.0,3,False,35,True,False
vid_01840,Instagram,creator_1061,DIY,27,2024-02-12,1811,120733,0.015,88,1,1,9.3,0.344,4844,0.0007,2,True,107,True,False
vid_01841,Facebook Reels,creator_0220,Cooking,25,2025-04-06,1456,285490,0.0051,61,2,3,11.8,0.472,2206,0.0002,1,True,112,True,False
vid_01842,Instagram,creator_0679,Entertainment,26,2024-04-04,388,15520,0.025,1,1,0,17.0,0.654,5,0.0001,1,False,22,True,False
vid_01843,YouTube Shorts,creator_0109,Beauty,23,2025-02-04,51,1444,0.0353,1,1,1,4.9,0.213,616,0.0021,4,False,53,True,False
vid_01844,Instagram,creator_0458,Comedy,16,2024-08-21,480,32214,0.0149,8,0,0,1.0,0.062,2219,0.0002,1,False,101,True,False
vid_01845,Snapchat,creator_0994,News,18,2025-06-18,901,75083,0.012,12,1,0,3.4,0.189,0,0.0002,3,False,5,True,False
vid_01846,TikTok,creator_0248,Music,25,2024-03-16,54895,1793954,0.0306,518,24,3,9.3,0.372,138546,0.0003,2,False,30,True,False
vid_01847,TikTok,creator_1036,DIY,24,2024-10-30,97,4254,0.0228,0,3,0,4.4,0.183,0,0.0007,2,True,13,True,False
vid_01848,TikTok,creator_0377,Beauty,11,2025-02-28,28,3684,0.0076,0,1,0,5.5,0.5,3,0.0003,0,False,130,True,False
vid_01849,TikTok,creator_0253,Gaming,28,2024-04-23,358,10815,0.0331,0,2,0,1.9,0.068,21,0.0002,3,False,78,True,False
vid_01850,YouTube Shorts,creator_0493,Comedy,23,2025-02-01,2087,112204,0.0186,18,1,1,7.2,0.313,3130,0.0002,2,False,45,True,False
vid_01851,Instagram,creator_0594,Fitness,13,2025-06-02,11566,584141,0.0198,126,7,3,7.2,0.554,21365,0.0002,1,True,5,True,False
vid_01852,TikTok,creator_0564,Gaming,11,2024-10-26,1301,93597,0.0139,5,1,0,4.0,0.364,3613,0.0001,2,False,5,True,False
vid_01853,TikTok,creator_0871,Comedy,14,2024-01-22,3610,113880,0.0317,4,0,0,7.0,0.5,4368,0.0,0,False,104,True,False
vid_01854,TikTok,creator_1189,Fitness,30,2024-01-27,142,11932,0.0119,2,1,0,2.5,0.083,1084,0.0003,0,False,12,False,False
vid_01855,Instagram,creator_0088,Cooking,31,2024-04-18,1520,45508,0.0334,32,1,1,13.8,0.445,5404,0.0007,4,False,110,True,False
vid_01856,TikTok,creator_0325,Cooking,24,2025-01-23,6906,244893,0.0282,174,4,1,5.4,0.225,13820,0.0007,4,False,59,True,False
vid_01857,TikTok,creator_1076,Gaming,21,2025-02-02,1264,20687,0.0611,26,2,0,3.6,0.171,1971,0.0014,0,True,62,True,False
vid_01858,TikTok,creator_1154,Cooking,22,2024-12-22,536,35973,0.0149,8,1,0,1.6,0.073,2541,0.0003,3,False,14,False,False
vid_01859,TikTok,creator_0621,Gaming,46,2024-02-22,642,68297,0.0094,9,0,1,25.8,0.561,0,0.0001,3,False,78,True,False
vid_01860,TikTok,creator_0967,News,14,2025-05-26,92,2598,0.0354,0,1,0,4.2,0.3,1588,0.0004,1,False,95,True,False
vid_01861,Instagram,creator_1077,Fitness,22,2024-04-10,943,50159,0.0188,14,0,0,11.2,0.509,4617,0.0003,0,False,139,True,False
vid_01862,Instagram,creator_1198,News,25,2024-11-09,4490,227918,0.0197,99,3,2,15.0,0.6,4093,0.0005,6,True,65,True,False
vid_01863,YouTube Shorts,creator_0475,Education,26,2025-05-31,5307,286864,0.0185,49,5,0,3.9,0.15,15761,0.0002,3,True,15,False,False
vid_01864,Instagram,creator_0475,Beauty,25,2024-03-22,2466,116320,0.0212,7,1,0,4.8,0.192,6027,0.0001,4,False,48,True,False
vid_01865,Snapchat,creator_0861,Education,37,2024-02-18,2551,55820,0.0457,30,0,1,4.9,0.132,1052,0.0006,4,False,85,True,False
vid_01866,YouTube Shorts,creator_0150,DIY,29,2024-10-17,2347,469400,0.005,61,0,0,4.0,0.138,4068,0.0001,1,False,111,False,False
vid_01867,Snapchat,creator_0658,Education,19,2025-06-26,967,42043,0.023,2,0,0,7.6,0.4,288,0.0,2,False,111,True,False
vid_01868,Instagram,creator_1140,Beauty,35,2024-06-01,255,11538,0.0221,1,2,2,16.1,0.46,3379,0.0004,1,False,76,True,False
vid_01869,TikTok,creator_0413,Comedy,49,2024-12-03,752,12168,0.0618,3,0,2,9.4,0.192,0,0.0004,4,False,83,False,False
vid_01870,TikTok,creator_1193,Entertainment,17,2025-05-03,718,69708,0.0103,12,1,2,4.7,0.276,671,0.0002,2,False,7,True,False
vid_01871,TikTok,creator_0288,Entertainment,23,2024-10-06,16756,485681,0.0345,504,10,1,6.5,0.283,16195,0.0011,1,False,12,True,False
vid_01872,YouTube Shorts,creator_0698,Comedy,22,2025-06-14,1192,57864,0.0206,17,0,0,13.9,0.632,858,0.0003,2,False,5,False,False
vid_01873,Instagram,creator_1017,Beauty,39,2024-06-10,1512,50400,0.03,8,1,0,6.8,0.174,1218,0.0002,0,False,115,True,False
vid_01874,TikTok,creator_1145,Comedy,29,2024-02-22,7223,297242,0.0243,25,2,1,6.1,0.21,9130,0.0001,3,False,25,True,False
vid_01875,YouTube Shorts,creator_1166,Education,13,2024-04-08,89,3836,0.0232,2,0,1,3.0,0.231,1602,0.0008,1,False,34,True,False
vid_01876,TikTok,creator_0473,Entertainment,16,2025-04-12,9135,291853,0.0313,66,10,1,2.0,0.125,14998,0.0003,3,False,89,True,False
vid_01877,YouTube Shorts,creator_0594,Fitness,37,2024-10-30,1993,150984,0.0132,22,2,0,15.1,0.408,2897,0.0002,0,False,103,True,False
vid_01878,YouTube Shorts,creator_0590,Education,21,2025-02-19,1301,37277,0.0349,4,3,0,7.7,0.367,1249,0.0002,3,False,63,False,False
vid_01879,Snapchat,creator_1025,Fitness,35,2024-11-06,3651,86312,0.0423,28,2,0,5.9,0.169,1887,0.0003,3,False,84,True,False
vid_01880,Snapchat,creator_1194,DIY,30,2024-07-23,5254,1050800,0.005,29,0,1,8.6,0.287,7831,0.0,1,False,39,True,False
vid_01881,TikTok,creator_0411,Cooking,10,2024-02-16,683,31187,0.0219,26,1,1,1.7,0.17,547,0.0009,3,False,23,True,False
vid_01882,YouTube Shorts,creator_0128,Beauty,37,2025-01-18,12485,524579,0.0238,76,2,4,14.5,0.392,29259,0.0002,2,True,88,False,False
vid_01883,Snapchat,creator_0073,Cooking,33,2024-02-24,76,10133,0.0075,0,1,0,6.6,0.2,0,0.0001,3,False,105,True,False
vid_01884,Instagram,creator_0166,Music,30,2025-01-06,592,15416,0.0384,7,1,0,4.2,0.14,2064,0.0005,1,False,62,True,False
vid_01885,TikTok,creator_0073,DIY,24,2025-01-29,9,1800,0.005,0,2,0,6.0,0.25,0,0.0011,2,False,114,True,False
vid_01886,Instagram,creator_0467,Entertainment,26,2024-02-12,3190,88857,0.0359,2,1,0,14.5,0.558,5069,0.0,4,True,120,False,False
vid_01887,TikTok,creator_0777,Entertainment,16,2025-03-05,18,627,0.0287,0,0,0,6.9,0.431,0,0.0,0,False,14,True,False
vid_01888,TikTok,creator_0257,Gaming,19,2025-06-28,6752,190734,0.0354,127,4,1,7.6,0.4,19206,0.0007,0,False,26,True,False
vid_01889,TikTok,creator_0754,Cooking,41,2024-05-30,1127,187833,0.006,4,0,1,17.6,0.429,2683,0.0,4,False,68,False,False
vid_01890,TikTok,creator_0189,News,15,2024-01-08,785,20822,0.0377,3,0,0,4.4,0.293,87,0.0001,3,False,27,True,False
vid_01891,Snapchat,creator_1099,News,14,2024-02-05,2795,147883,0.0189,20,1,1,2.8,0.2,5563,0.0001,0,False,91,True,False
vid_01892,YouTube Shorts,creator_0117,Education,13,2024-02-14,490,12628,0.0388,2,0,0,5.6,0.431,2998,0.0002,4,False,134,True,False
vid_01893,TikTok,creator_0717,News,20,2025-05-23,16010,354203,0.0452,124,8,5,11.0,0.55,47961,0.0004,5,False,7,False,False
vid_01894,TikTok,creator_0815,DIY,13,2025-05-25,2845,174539,0.0163,86,2,1,9.9,0.762,9112,0.0005,1,False,100,True,False
vid_01895,TikTok,creator_1114,Beauty,22,2025-01-19,548,36291,0.0151,1,1,0,10.4,0.473,289,0.0001,2,False,5,False,False
vid_01896,Snapchat,creator_0452,DIY,13,2025-07-07,1306,78203,0.0167,9,2,2,2.4,0.185,4595,0.0002,3,False,63,True,False
vid_01897,Instagram,creator_0501,Music,15,2024-07-26,12021,222199,0.0541,413,10,5,8.3,0.553,20588,0.0019,2,False,5,True,False
vid_01898,TikTok,creator_0710,Gaming,10,2025-07-01,2204,98834,0.0223,50,2,0,1.0,0.1,3940,0.0005,1,False,30,True,False
vid_01899,TikTok,creator_0281,Music,32,2024-06-28,2890,289000,0.01,33,1,1,5.7,0.178,6535,0.0001,1,False,89,True,False
vid_01900,TikTok,creator_0291,Entertainment,31,2024-07-01,646,76000,0.0085,9,1,1,12.4,0.4,2258,0.0001,3,False,70,True,False
vid_01901,Instagram,creator_0234,Entertainment,17,2025-01-22,120,9090,0.0132,2,1,1,2.7,0.159,0,0.0004,0,False,99,True,False
vid_01902,Instagram,creator_0616,Education,18,2024-02-16,248,11534,0.0215,3,2,0,5.2,0.289,0,0.0004,2,False,71,True,False
vid_01903,Instagram,creator_0784,Gaming,27,2024-12-10,228,7147,0.0319,6,0,0,6.2,0.23,0,0.0008,1,True,129,True,False
vid_01904,TikTok,creator_0883,Music,26,2024-02-10,1106,26714,0.0414,15,0,0,4.7,0.181,2886,0.0006,1,False,32,True,False
vid_01905,YouTube Shorts,creator_0054,News,25,2024-09-18,456,14250,0.032,1,2,0,6.6,0.264,0,0.0002,0,False,70,False,False
vid_01906,YouTube Shorts,creator_0444,Entertainment,16,2024-09-21,608,56822,0.0107,6,1,1,2.4,0.15,4476,0.0001,1,False,33,True,False
vid_01907,YouTube Shorts,creator_0117,Education,23,2025-03-05,1215,50000,0.0243,1,1,0,9.0,0.391,4077,0.0,0,False,88,True,False
vid_01908,Instagram,creator_1096,DIY,22,2024-11-25,1790,179000,0.01,16,2,0,15.9,0.723,0,0.0001,3,False,73,True,False
vid_01909,Instagram,creator_0333,Gaming,25,2024-12-28,1627,107748,0.0151,17,0,0,7.2,0.288,1350,0.0002,0,False,85,False,False
vid_01910,TikTok,creator_0032,Fitness,19,2025-06-14,444,15310,0.029,1,3,0,1.9,0.1,2795,0.0003,5,False,75,True,False
vid_01911,TikTok,creator_1112,Fitness,28,2024-09-19,577,25644,0.0225,7,1,0,4.2,0.15,0,0.0003,5,False,67,True,False
vid_01912,TikTok,creator_0551,Fitness,26,2025-05-22,2672,52806,0.0506,11,1,2,11.4,0.438,6466,0.0003,4,False,74,True,False
vid_01913,TikTok,creator_1165,Cooking,28,2024-07-24,3655,106559,0.0343,42,3,1,16.6,0.593,0,0.0004,2,False,73,True,False
vid_01914,TikTok,creator_0019,DIY,27,2024-01-29,18853,226055,0.0834,213,8,6,3.2,0.119,14270,0.001,2,False,100,True,False
vid_01915,YouTube Shorts,creator_0447,Gaming,15,2024-02-15,2523,286704,0.0088,24,0,1,5.5,0.367,6561,0.0001,5,False,65,True,False
vid_01916,Snapchat,creator_1130,Cooking,5,2024-02-19,211,11530,0.0183,2,1,1,2.0,0.4,0,0.0003,1,False,93,True,False
vid_01917,YouTube Shorts,creator_0532,DIY,39,2024-04-08,1603,67352,0.0238,6,0,0,14.7,0.377,4042,0.0001,3,False,15,True,False
vid_01918,YouTube Shorts,creator_0102,Beauty,5,2024-03-29,352,16603,0.0212,2,1,1,1.0,0.2,0,0.0002,1,False,5,True,False
vid_01919,Instagram,creator_0902,News,28,2024-09-03,2883,134719,0.0214,11,3,1,23.5,0.839,0,0.0001,1,True,44,True,False
vid_01920,TikTok,creator_0531,Fitness,13,2024-01-13,41,3904,0.0105,0,2,2,1.3,0.1,2000,0.001,2,False,50,False,False
vid_01921,TikTok,creator_0092,News,46,2024-07-01,2273,54508,0.0417,20,1,1,6.4,0.139,4848,0.0004,3,False,97,True,False
vid_01922,TikTok,creator_1047,Education,36,2024-07-03,273,8557,0.0319,2,1,1,13.7,0.381,960,0.0005,1,False,107,True,False
vid_01923,YouTube Shorts,creator_0852,Education,25,2025-05-13,47826,6832285,0.007,154,26,11,8.0,0.32,94851,0.0,4,False,62,True,False
vid_01924,TikTok,creator_0738,Cooking,10,2024-11-13,250,50000,0.005,8,0,0,4.8,0.48,0,0.0002,9,False,98,True,False
vid_01925,Snapchat,creator_0603,News,27,2024-01-25,1619,68601,0.0236,30,2,1,4.9,0.181,3840,0.0005,2,False,100,True,False
vid_01926,Snapchat,creator_0053,Education,24,2025-04-18,1545,179651,0.0086,0,2,0,3.7,0.154,5139,0.0,0,False,100,True,False
vid_01927,YouTube Shorts,creator_1041,News,29,2025-07-07,164,15922,0.0103,1,2,1,5.4,0.186,0,0.0003,1,False,110,True,False
vid_01928,YouTube Shorts,creator_0067,Comedy,24,2024-10-23,51593,3394276,0.0152,819,25,7,3.9,0.162,86805,0.0003,1,False,129,True,False
vid_01929,Facebook Reels,creator_0460,News,34,2025-01-26,1647,52788,0.0312,7,1,1,4.1,0.121,3399,0.0002,1,False,130,True,False
vid_01930,YouTube Shorts,creator_1104,Education,22,2025-02-13,1073,109489,0.0098,14,0,0,6.3,0.286,4387,0.0001,2,False,148,True,False
vid_01931,Instagram,creator_1066,DIY,13,2024-09-03,12131,1304408,0.0093,113,8,1,4.7,0.362,28662,0.0001,2,False,104,False,False
vid_01932,TikTok,creator_0500,Cooking,20,2024-07-07,142,6228,0.0228,0,1,0,12.9,0.645,0,0.0002,4,False,23,False,False
vid_01933,TikTok,creator_0645,Education,30,2025-06-22,753,64913,0.0116,4,0,0,4.1,0.137,3343,0.0001,1,False,106,True,False
vid_01934,Snapchat,creator_0742,Education,16,2024-09-30,1249,53836,0.0232,12,2,0,4.2,0.262,0,0.0003,4,False,22,True,False
vid_01935,TikTok,creator_0992,News,9,2024-06-27,3495,206804,0.0169,85,0,0,6.7,0.744,5526,0.0004,1,False,75,True,False
vid_01936,Instagram,creator_0257,Music,29,2024-07-09,1240,105982,0.0117,4,2,1,7.1,0.245,4883,0.0001,2,False,26,True,False
vid_01937,Instagram,creator_0283,News,28,2024-07-21,56256,4727394,0.0119,865,27,11,7.2,0.257,27568,0.0002,0,False,54,True,False
vid_01938,TikTok,creator_0837,Gaming,25,2025-01-27,1100,72847,0.0151,2,2,1,13.0,0.52,2435,0.0001,0,False,43,True,False
vid_01939,Instagram,creator_0406,Comedy,32,2024-12-18,2732,33980,0.0804,11,3,0,2.6,0.081,6700,0.0004,3,True,36,True,False
vid_01940,TikTok,creator_1136,DIY,31,2025-07-30,349,25289,0.0138,2,2,1,10.3,0.332,19,0.0002,1,True,79,False,False
vid_01941,YouTube Shorts,creator_0050,Comedy,40,2024-02-26,6219,301893,0.0206,47,0,0,11.2,0.28,14572,0.0002,4,False,95,False,False
vid_01942,Snapchat,creator_0865,Cooking,25,2024-04-08,3964,133020,0.0298,19,2,0,11.5,0.46,2275,0.0002,1,False,60,True,False
vid_01943,YouTube Shorts,creator_0244,Cooking,18,2024-09-18,3389,147347,0.023,150,2,2,8.2,0.456,8929,0.001,3,False,104,True,False
vid_01944,Facebook Reels,creator_0093,Education,14,2025-07-27,2744,113858,0.0241,21,4,1,2.4,0.171,8015,0.0002,6,False,36,False,False
vid_01945,Snapchat,creator_0922,Gaming,31,2024-08-12,138,7301,0.0189,1,2,1,11.9,0.384,0,0.0005,2,False,70,True,False
vid_01946,YouTube Shorts,creator_1044,Education,19,2024-04-28,5254,118067,0.0445,74,3,0,2.1,0.111,11931,0.0007,2,False,120,True,False
vid_01947,TikTok,creator_0929,Gaming,19,2024-09-05,109,10582,0.0103,0,2,0,10.3,0.542,0,0.0002,1,False,13,True,False
vid_01948,Instagram,creator_0199,Beauty,24,2024-08-18,1013,75037,0.0135,2,1,0,9.7,0.404,6823,0.0,5,False,5,True,False
vid_01949,Instagram,creator_1076,News,15,2025-01-29,76,4470,0.017,0,0,1,7.1,0.473,1018,0.0002,0,False,23,True,False
vid_01950,TikTok,creator_0653,Comedy,20,2024-04-21,433,67656,0.0064,5,2,1,12.9,0.645,0,0.0001,2,True,78,False,False
vid_01951,Snapchat,creator_0432,Gaming,22,2025-02-07,577,81267,0.0071,7,0,0,3.8,0.173,4624,0.0001,3,False,95,False,False
vid_01952,TikTok,creator_0712,Fitness,10,2024-05-08,17934,948888,0.0189,62,14,5,5.4,0.54,32483,0.0001,3,True,9,True,False
vid_01953,TikTok,creator_0347,Fitness,37,2024-07-20,1125,24298,0.0463,11,1,0,9.8,0.265,648,0.0005,1,False,97,True,False
vid_01954,Snapchat,creator_0571,Comedy,27,2024-03-15,945,70522,0.0134,3,1,2,13.0,0.481,938,0.0001,3,False,35,False,False
vid_01955,YouTube Shorts,creator_0057,News,33,2024-01-31,6932,198057,0.035,60,4,0,18.1,0.548,4312,0.0003,2,False,96,True,False
vid_01956,YouTube Shorts,creator_0014,DIY,33,2024-01-21,1053,40656,0.0259,9,0,2,26.7,0.809,208,0.0003,3,False,81,True,False
vid_01957,Snapchat,creator_0874,DIY,5,2025-02-08,58,11600,0.005,1,1,0,1.0,0.2,0,0.0002,6,False,5,True,False
vid_01958,Snapchat,creator_0246,DIY,17,2024-12-01,30891,1019504,0.0303,279,21,5,1.3,0.076,61633,0.0003,2,False,83,True,False
vid_01959,TikTok,creator_0571,Education,10,2024-10-01,1299,44033,0.0295,17,0,0,6.6,0.66,2275,0.0004,1,False,144,True,False
vid_01960,TikTok,creator_0153,Cooking,35,2024-05-01,4569,184233,0.0248,32,2,0,13.5,0.386,5724,0.0002,0,False,43,True,False
vid_01961,Instagram,creator_1051,Education,13,2025-07-02,96,3067,0.0313,0,1,0,1.2,0.092,2383,0.0003,2,False,5,False,False
vid_01962,TikTok,creator_0206,Music,29,2024-09-03,802,18959,0.0423,4,0,1,15.0,0.517,5296,0.0003,0,False,94,True,False
vid_01963,YouTube Shorts,creator_0073,Entertainment,40,2024-07-10,1443,131181,0.011,11,1,1,11.5,0.288,785,0.0001,3,False,52,True,False
vid_01964,Snapchat,creator_0401,Fitness,30,2024-12-31,176,2666,0.066,2,0,0,9.6,0.32,0,0.0008,6,False,141,False,False
vid_01965,YouTube Shorts,creator_0579,Comedy,35,2024-06-03,5545,355448,0.0156,15,4,0,2.7,0.077,8517,0.0001,3,False,75,True,False
vid_01966,Instagram,creator_0439,Entertainment,9,2024-12-03,1398,30657,0.0456,12,1,2,2.8,0.311,3442,0.0005,2,True,80,True,False
vid_01967,TikTok,creator_0365,Entertainment,40,2024-11-20,348,47671,0.0073,8,1,0,6.8,0.17,0,0.0002,1,False,119,True,False
vid_01968,Instagram,creator_0481,Cooking,14,2025-01-11,1874,49576,0.0378,4,2,0,5.4,0.386,3739,0.0001,0,False,17,False,False
vid_01969,YouTube Shorts,creator_0475,Fitness,20,2025-06-02,1361,47922,0.0284,15,0,1,4.4,0.22,2218,0.0003,0,False,5,False,False
vid_01970,TikTok,creator_0732,Music,17,2025-01-08,1761,124014,0.0142,16,0,1,10.6,0.624,1578,0.0001,3,False,141,True,False
vid_01971,Facebook Reels,creator_0589,Gaming,47,2024-12-13,237,7571,0.0313,1,3,0,4.9,0.104,0,0.0005,4,False,132,True,False
vid_01972,TikTok,creator_0952,Cooking,14,2025-05-28,2155,105637,0.0204,37,0,0,6.2,0.443,8740,0.0004,2,True,63,True,False
vid_01973,YouTube Shorts,creator_0991,DIY,33,2025-04-11,2883,135352,0.0213,7,4,0,4.2,0.127,5112,0.0001,3,False,104,True,False
vid_01974,TikTok,creator_1040,Beauty,20,2024-11-13,2724,106406,0.0256,4,1,0,9.3,0.465,2089,0.0,3,True,29,True,False
vid_01975,TikTok,creator_0651,Gaming,28,2024-10-30,92,2569,0.0358,0,0,1,2.8,0.1,0,0.0004,2,False,102,True,False
vid_01976,TikTok,creator_0112,Fitness,30,2025-01-12,3635,101536,0.0358,2,4,0,16.0,0.533,9744,0.0001,1,False,84,True,False
vid_01977,YouTube Shorts,creator_0632,DIY,8,2024-11-14,5936,239354,0.0248,23,5,1,4.0,0.5,7129,0.0001,1,False,10,False,False
vid_01978,Instagram,creator_0226,News,27,2025-04-19,1764,24845,0.071,21,1,1,19.8,0.733,6863,0.0009,0,False,25,True,False
vid_01979,TikTok,creator_0044,Gaming,29,2024-03-11,3580,97282,0.0368,85,0,0,3.6,0.124,2352,0.0009,2,False,80,True,False
vid_01980,TikTok,creator_1133,Education,26,2025-05-23,1441,121092,0.0119,25,0,1,4.9,0.188,46,0.0002,1,True,28,True,False
vid_01981,Instagram,creator_0322,Music,24,2024-11-03,1056,211200,0.005,4,1,0,10.6,0.442,4861,0.0,0,False,53,True,False
vid_01982,YouTube Shorts,creator_0766,Cooking,13,2024-11-17,333,7655,0.0435,1,2,0,1.2,0.092,1828,0.0004,0,False,151,True,False
vid_01983,Snapchat,creator_0074,Entertainment,17,2025-02-12,1714,342800,0.005,0,2,0,5.7,0.335,5571,0.0,2,True,52,True,False
vid_01984,Instagram,creator_0322,Fitness,45,2024-08-22,1977,195742,0.0101,14,1,0,12.6,0.28,0,0.0001,1,True,88,True,False
vid_01985,Instagram,creator_0070,Fitness,27,2025-08-05,355,19722,0.018,2,2,0,12.4,0.459,3189,0.0002,2,False,5,False,False
vid_01986,Instagram,creator_0269,Fitness,14,2024-03-06,2341,42954,0.0545,69,1,1,3.2,0.229,8074,0.0017,2,True,46,True,False
vid_01987,YouTube Shorts,creator_0851,Entertainment,25,2024-01-12,171,9447,0.0181,3,0,2,9.2,0.368,93,0.0005,2,False,64,True,False
vid_01988,Snapchat,creator_0196,News,40,2024-10-30,100,4329,0.0231,0,1,0,6.5,0.162,1999,0.0002,1,False,100,True,False
vid_01989,TikTok,creator_0663,Gaming,19,2025-02-01,2117,306811,0.0069,16,1,0,5.4,0.284,4634,0.0001,5,False,76,True,False
vid_01990,Instagram,creator_0205,Fitness,25,2025-05-24,10114,193384,0.0523,13,5,1,6.0,0.24,26622,0.0001,3,False,93,True,False
vid_01991,TikTok,creator_0456,Gaming,25,2025-03-11,1438,281960,0.0051,8,1,1,15.2,0.608,1225,0.0,2,False,25,True,False
vid_01992,YouTube Shorts,creator_1038,Beauty,16,2024-10-24,1315,80674,0.0163,7,1,2,10.0,0.625,4495,0.0001,1,True,26,True,False
vid_01993,TikTok,creator_0764,Music,8,2025-07-09,165,5871,0.0281,3,3,1,2.1,0.262,2390,0.0012,0,True,5,True,False
vid_01994,Facebook Reels,creator_0814,Beauty,41,2024-12-13,49,4622,0.0106,0,0,0,4.8,0.117,0,0.0,3,False,120,True,False
vid_01995,Instagram,creator_0681,Comedy,25,2025-05-04,32,1777,0.018,0,3,0,2.7,0.108,797,0.0017,3,False,88,True,False
vid_01996,TikTok,creator_1004,News,21,2024-07-13,2052,410400,0.005,5,0,0,6.9,0.329,0,0.0,2,True,105,True,False
vid_01997,YouTube Shorts,creator_1072,News,11,2024-06-29,1494,71826,0.0208,16,2,0,2.3,0.209,2304,0.0003,2,True,120,True,False
vid_01998,TikTok,creator_0692,Comedy,15,2024-01-29,302,47936,0.0063,9,0,0,10.7,0.713,1495,0.0002,3,False,110,True,False
vid_01999,TikTok,creator_0012,Fitness,18,2025-06-20,15685,1153308,0.0136,262,5,3,2.5,0.139,22185,0.0002,2,False,101,True,False
vid_02000,Instagram,creator_1024,Cooking,27,2025-05-21,1546,129915,0.0119,47,1,0,8.6,0.319,1410,0.0004,9,False,49,True,False
vid_02001,Instagram,creator_1137,Education,25,2024-03-22,13137,1340510,0.0098,51,9,3,4.5,0.18,38409,0.0,3,False,71,True,False
vid_02002,TikTok,creator_0028,Comedy,35,2025-02-07,1915,58206,0.0329,8,2,1,14.3,0.409,1174,0.0002,1,False,144,True,False
vid_02003,TikTok,creator_0233,Entertainment,22,2024-11-25,45,896,0.0502,0,0,2,2.6,0.118,0,0.0022,2,False,78,True,False
vid_02004,Instagram,creator_0287,Music,17,2024-11-20,175,3012,0.0581,3,4,0,8.3,0.488,400,0.0023,1,False,24,True,False
vid_02005,TikTok,creator_0603,Fitness,10,2025-02-09,1332,126857,0.0105,0,4,0,5.7,0.57,1569,0.0,2,False,130,False,False
vid_02006,Instagram,creator_0340,Comedy,35,2024-08-13,122,2023,0.0603,2,1,0,7.8,0.223,46,0.0015,2,False,17,True,False
vid_02007,Instagram,creator_0761,Music,18,2025-04-14,15125,869252,0.0174,198,7,6,5.3,0.294,32987,0.0002,0,False,34,True,False
vid_02008,Snapchat,creator_0278,Comedy,15,2025-02-11,597,36625,0.0163,3,1,0,1.0,0.067,901,0.0001,1,False,54,True,False
vid_02009,TikTok,creator_0368,Comedy,33,2024-12-31,786,40725,0.0193,12,1,0,15.1,0.458,2166,0.0003,1,True,84,False,False
vid_02010,TikTok,creator_0385,Beauty,23,2025-06-23,13,2063,0.0063,0,2,2,9.8,0.426,464,0.0019,1,True,107,True,False
vid_02011,TikTok,creator_0960,News,10,2024-05-01,32,2990,0.0107,0,1,1,1.3,0.13,0,0.0007,3,True,49,True,False
vid_02012,Snapchat,creator_0707,Entertainment,20,2024-05-29,3398,507164,0.0067,60,1,0,12.2,0.61,3898,0.0001,3,False,93,False,False
vid_02013,YouTube Shorts,creator_1197,Fitness,9,2024-10-12,203,15859,0.0128,0,0,0,7.9,0.878,3291,0.0,0,False,54,True,False
vid_02014,TikTok,creator_1109,Beauty,20,2024-03-01,2516,359428,0.007,53,0,0,9.4,0.47,1723,0.0001,1,False,5,True,False
vid_02015,TikTok,creator_0366,Fitness,24,2025-03-13,154,16739,0.0092,1,0,0,3.4,0.142,0,0.0001,0,True,71,False,False
vid_02016,Instagram,creator_0785,Cooking,35,2025-03-23,176,13333,0.0132,1,3,0,1.6,0.046,2324,0.0003,1,False,55,True,False
vid_02017,TikTok,creator_0970,Beauty,23,2024-05-10,536,18356,0.0292,13,1,0,9.6,0.417,3173,0.0008,1,True,63,True,False
vid_02018,TikTok,creator_0301,Comedy,24,2024-05-08,1386,49856,0.0278,16,0,0,5.9,0.246,3728,0.0003,2,False,82,True,False
vid_02019,TikTok,creator_0107,Comedy,21,2025-02-01,6822,383258,0.0178,81,3,2,11.1,0.529,12755,0.0002,0,False,87,True,False
vid_02020,Instagram,creator_0620,Music,35,2024-04-01,2354,351343,0.0067,26,1,0,10.7,0.306,10494,0.0001,5,False,32,True,False
vid_02021,YouTube Shorts,creator_0972,Cooking,7,2024-08-30,2231,67811,0.0329,48,2,0,2.2,0.314,6817,0.0007,1,False,120,True,False
vid_02022,TikTok,creator_0439,Comedy,30,2025-05-07,353,20404,0.0173,2,1,2,13.1,0.437,3599,0.0002,3,False,27,True,False
vid_02023,YouTube Shorts,creator_1148,DIY,15,2025-01-15,219,15869,0.0138,1,1,1,1.0,0.067,0,0.0002,1,False,100,True,False
vid_02024,TikTok,creator_0892,Cooking,20,2024-05-18,123,5668,0.0217,0,1,0,12.2,0.61,0,0.0002,1,True,20,True,False
vid_02025,Instagram,creator_0709,Gaming,27,2024-06-15,507,41557,0.0122,4,0,0,16.7,0.619,3674,0.0001,2,False,141,False,False
vid_02026,Snapchat,creator_0392,Gaming,13,2024-10-17,2340,265909,0.0088,0,0,0,1.7,0.131,0,0.0,1,False,63,True,False
vid_02027,TikTok,creator_0906,Cooking,30,2025-02-12,3731,466375,0.008,58,3,0,8.8,0.293,10445,0.0001,1,False,137,True,False
vid_02028,TikTok,creator_0756,Fitness,32,2025-01-25,4800,268156,0.0179,205,3,2,7.9,0.247,13147,0.0008,2,False,60,True,False
vid_02029,TikTok,creator_0564,DIY,30,2024-11-05,7548,438837,0.0172,24,0,3,13.5,0.45,10244,0.0001,1,True,50,True,False
vid_02030,TikTok,creator_0118,News,5,2024-01-24,82981,2738646,0.0303,1393,48,17,1.9,0.38,116519,0.0005,1,False,60,False,False
vid_02031,Facebook Reels,creator_0931,DIY,20,2024-05-14,3047,181369,0.0168,19,2,0,5.0,0.25,5310,0.0001,3,False,28,False,False
vid_02032,YouTube Shorts,creator_0213,Entertainment,17,2024-10-14,4306,538250,0.008,29,2,0,6.6,0.388,9636,0.0001,3,True,21,False,False
vid_02033,TikTok,creator_0363,Comedy,36,2024-03-05,197,9563,0.0206,1,1,0,15.1,0.419,0,0.0002,2,False,30,False,False
vid_02034,TikTok,creator_0128,Cooking,13,2024-03-16,677,105781,0.0064,8,0,0,3.2,0.246,755,0.0001,3,False,37,True,False
vid_02035,YouTube Shorts,creator_0035,Cooking,34,2025-06-05,292,6431,0.0454,4,0,0,8.4,0.247,0,0.0006,2,False,94,True,False
vid_02036,YouTube Shorts,creator_0751,Music,17,2024-01-12,2356,258901,0.0091,44,2,0,11.0,0.647,116,0.0002,5,False,43,True,False
vid_02037,YouTube Shorts,creator_0126,Education,20,2024-05-29,1004,32179,0.0312,12,2,0,8.8,0.44,0,0.0004,1,False,114,True,False
vid_02038,YouTube Shorts,creator_0172,Comedy,21,2024-12-10,1360,93150,0.0146,8,1,0,7.7,0.367,2984,0.0001,0,True,97,True,False
vid_02039,Instagram,creator_0839,Comedy,34,2025-05-08,2966,593200,0.005,55,0,0,3.7,0.109,8531,0.0001,2,False,59,False,False
vid_02040,TikTok,creator_0561,Music,21,2024-09-29,28405,2654672,0.0107,599,12,4,1.0,0.048,80579,0.0002,2,True,82,True,False
vid_02041,YouTube Shorts,creator_0177,News,45,2024-12-25,1985,87061,0.0228,7,0,0,16.2,0.36,7402,0.0001,1,True,29,False,False
vid_02042,TikTok,creator_0177,Comedy,34,2024-09-03,2612,522400,0.005,35,0,1,15.5,0.456,1662,0.0001,2,False,42,False,False
vid_02043,YouTube Shorts,creator_0022,Beauty,6,2025-05-10,186,12077,0.0154,1,4,0,2.3,0.383,942,0.0004,1,False,111,True,False
vid_02044,YouTube Shorts,creator_0506,Fitness,22,2025-06-12,8873,469470,0.0189,42,5,1,2.3,0.105,22049,0.0001,3,False,31,False,False
vid_02045,TikTok,creator_0272,Fitness,15,2024-02-11,1628,35859,0.0454,11,2,0,4.1,0.273,946,0.0004,0,False,130,True,False
vid_02046,TikTok,creator_1158,Cooking,18,2024-11-17,4662,230792,0.0202,93,2,1,5.6,0.311,8568,0.0004,1,False,37,True,False
vid_02047,Snapchat,creator_0363,Fitness,9,2024-07-20,2448,288000,0.0085,8,2,1,2.3,0.256,3179,0.0,1,False,98,True,False
vid_02048,Instagram,creator_1186,Cooking,12,2024-09-27,1835,30330,0.0605,3,1,0,3.5,0.292,3613,0.0001,3,False,79,True,False
vid_02049,YouTube Shorts,creator_0350,Entertainment,18,2025-03-30,2746,292127,0.0094,12,1,1,3.2,0.178,4676,0.0,2,False,5,True,False
vid_02050,TikTok,creator_0889,Cooking,39,2025-05-16,3717,640862,0.0058,7,3,1,9.0,0.231,4731,0.0,0,False,83,False,False
vid_02051,TikTok,creator_1032,Music,38,2025-07-31,749,54671,0.0137,20,1,1,9.2,0.242,0,0.0004,4,False,60,True,False
vid_02052,YouTube Shorts,creator_0529,Beauty,37,2024-12-29,25179,5035800,0.005,252,8,4,4.8,0.13,59769,0.0001,2,False,20,False,False
vid_02053,Instagram,creator_0382,DIY,40,2024-04-18,99,4380,0.0226,0,1,1,10.9,0.272,0,0.0005,3,False,59,True,False
vid_02054,Instagram,creator_0070,Cooking,16,2025-06-28,2893,142512,0.0203,25,1,0,1.2,0.075,8339,0.0002,2,True,65,True,False
vid_02055,Snapchat,creator_0326,Gaming,34,2025-01-04,3295,484558,0.0068,98,2,0,12.0,0.353,3122,0.0002,1,False,41,True,False
vid_02056,TikTok,creator_0734,Fitness,5,2024-05-06,627,66000,0.0095,6,2,0,1.0,0.2,0,0.0001,2,False,51,True,False
vid_02057,TikTok,creator_0935,News,21,2025-03-23,5399,103826,0.052,114,1,2,7.3,0.348,4357,0.0011,1,False,59,True,False
vid_02058,Instagram,creator_0499,Fitness,12,2025-07-15,1735,68039,0.0255,12,0,2,7.7,0.642,1780,0.0002,0,False,39,True,False
vid_02059,Instagram,creator_0615,Entertainment,37,2024-06-30,8216,923146,0.0089,139,4,3,12.4,0.335,20902,0.0002,1,False,5,False,False
vid_02060,Instagram,creator_0863,Gaming,27,2024-07-28,5336,337721,0.0158,5,2,1,13.8,0.511,8293,0.0,2,False,29,True,False
vid_02061,TikTok,creator_1049,Comedy,18,2024-08-21,4633,173520,0.0267,52,1,2,7.0,0.389,4063,0.0003,2,False,74,False,False
vid_02062,Snapchat,creator_0407,News,32,2025-08-06,8453,385981,0.0219,83,6,2,12.4,0.388,25685,0.0002,4,False,84,True,False
vid_02063,YouTube Shorts,creator_0111,Education,27,2024-08-28,3215,170105,0.0189,175,2,1,5.6,0.207,936,0.001,1,False,26,True,False
vid_02064,TikTok,creator_0811,Comedy,20,2024-12-23,246,7299,0.0337,8,1,1,5.6,0.28,0,0.0014,2,True,58,True,False
vid_02065,Snapchat,creator_0618,Fitness,9,2024-03-03,279,47288,0.0059,1,1,0,2.8,0.311,1197,0.0,2,False,56,False,False
vid_02066,TikTok,creator_0502,Comedy,13,2025-06-15,168,12000,0.014,1,2,0,7.5,0.577,0,0.0003,1,False,50,True,False
vid_02067,TikTok,creator_0327,Cooking,20,2024-03-18,52,1786,0.0291,0,2,0,12.3,0.615,0,0.0011,3,False,64,True,False
vid_02068,Instagram,creator_0968,Gaming,11,2024-12-25,1748,46489,0.0376,2,2,0,7.0,0.636,0,0.0001,2,False,69,True,False
vid_02069,TikTok,creator_0264,Cooking,36,2024-04-13,3578,230838,0.0155,10,0,0,15.0,0.417,4746,0.0,2,False,79,True,False
vid_02070,TikTok,creator_0870,News,14,2024-11-01,603,47480,0.0127,3,0,0,1.8,0.129,660,0.0001,1,False,101,True,False
vid_02071,Instagram,creator_0056,Beauty,20,2025-04-17,10257,377095,0.0272,128,9,2,7.0,0.35,25461,0.0004,3,False,30,True,False
vid_02072,TikTok,creator_1027,Entertainment,52,2025-04-19,1888,93930,0.0201,24,1,1,18.6,0.358,6327,0.0003,2,False,83,True,False
vid_02073,TikTok,creator_0472,Comedy,20,2025-01-23,1210,36336,0.0333,10,2,1,2.0,0.1,50,0.0004,1,False,35,True,False
vid_02074,TikTok,creator_0696,Gaming,30,2025-05-23,533,18006,0.0296,3,1,0,7.1,0.237,0,0.0002,1,False,28,True,False
vid_02075,TikTok,creator_0985,Entertainment,23,2024-07-21,15046,3009200,0.005,149,9,2,10.6,0.461,47194,0.0001,1,False,95,True,False
vid_02076,TikTok,creator_1060,Education,21,2024-12-27,174,7160,0.0243,1,1,1,5.4,0.257,1499,0.0004,3,False,83,True,False
vid_02077,YouTube Shorts,creator_0829,Entertainment,10,2024-05-04,287,8670,0.0331,8,1,0,2.7,0.27,1681,0.001,1,False,32,True,False
vid_02078,TikTok,creator_0932,Entertainment,26,2025-01-12,33,964,0.0342,0,0,0,3.1,0.119,1576,0.0,1,False,20,True,False
vid_02079,TikTok,creator_0112,Fitness,15,2024-11-26,2149,252823,0.0085,21,0,0,3.6,0.24,2016,0.0001,2,False,56,True,False
vid_02080,Instagram,creator_0923,Music,28,2024-10-16,129,6323,0.0204,2,0,0,13.9,0.496,812,0.0003,3,False,45,True,False
vid_02081,YouTube Shorts,creator_0748,Education,21,2024-05-18,402,8933,0.045,0,0,0,3.0,0.143,2502,0.0,0,False,5,True,False
vid_02082,TikTok,creator_0164,Comedy,5,2024-01-06,91,9578,0.0095,0,2,1,1.0,0.2,2055,0.0003,4,False,75,False,False
vid_02083,Instagram,creator_0405,Music,14,2025-04-22,1857,371400,0.005,19,0,0,3.4,0.243,2550,0.0001,1,False,127,True,False
vid_02084,TikTok,creator_0577,Entertainment,28,2024-04-04,300,34883,0.0086,1,1,1,16.3,0.582,0,0.0001,2,False,55,True,False
vid_02085,TikTok,creator_0757,Fitness,21,2024-11-26,785,29961,0.0262,1,0,0,7.8,0.371,1789,0.0,1,False,71,True,False
vid_02086,YouTube Shorts,creator_1112,Fitness,33,2024-05-18,75,2669,0.0281,0,2,0,13.3,0.403,353,0.0007,2,False,73,True,False
vid_02087,TikTok,creator_0610,Entertainment,24,2025-04-07,2669,179127,0.0149,26,1,1,1.9,0.079,1272,0.0002,4,True,91,True,False
vid_02088,Instagram,creator_0812,Beauty,34,2024-05-16,846,57551,0.0147,6,1,0,6.4,0.188,2652,0.0001,2,True,182,True,False
vid_02089,YouTube Shorts,creator_1011,Gaming,9,2024-08-01,108,16119,0.0067,2,1,1,1.0,0.111,793,0.0002,1,False,93,True,False
vid_02090,Instagram,creator_1073,News,30,2024-12-22,100,9900,0.0101,1,1,1,5.6,0.187,0,0.0003,2,True,5,True,False
vid_02091,TikTok,creator_0208,Gaming,17,2025-02-02,431,23423,0.0184,4,2,2,4.5,0.265,4254,0.0003,8,False,67,True,False
vid_02092,Snapchat,creator_0619,Gaming,50,2024-11-07,1911,72661,0.0263,50,1,0,6.9,0.138,6174,0.0007,5,True,53,False,False
vid_02093,TikTok,creator_0163,Gaming,21,2024-03-31,615,44565,0.0138,5,2,0,5.7,0.271,1469,0.0002,1,False,81,True,False
vid_02094,Facebook Reels,creator_1053,Music,10,2024-07-08,1564,45465,0.0344,23,0,0,7.3,0.73,916,0.0005,3,False,76,True,False
vid_02095,Instagram,creator_0441,Gaming,13,2024-08-01,5247,266345,0.0197,45,5,0,2.8,0.215,4066,0.0002,3,False,22,True,False
vid_02096,TikTok,creator_0094,News,36,2024-11-05,3321,133911,0.0248,27,0,0,11.5,0.319,9007,0.0002,0,False,74,True,False
vid_02097,TikTok,creator_0834,Beauty,8,2024-01-15,273,8666,0.0315,4,0,0,1.0,0.125,0,0.0005,1,False,81,True,False
vid_02098,TikTok,creator_0948,News,38,2025-05-08,4034,234534,0.0172,14,0,0,5.2,0.137,10969,0.0001,1,False,50,True,False
vid_02099,TikTok,creator_0665,Beauty,41,2024-02-19,5947,646413,0.0092,14,6,1,13.5,0.329,15462,0.0,0,False,117,True,False
vid_02100,Instagram,creator_0944,News,30,2024-11-22,640,23529,0.0272,0,0,0,4.1,0.137,4020,0.0,5,False,66,True,False
vid_02101,TikTok,creator_1143,Entertainment,33,2024-09-23,907,62986,0.0144,11,0,0,4.6,0.139,2691,0.0002,1,False,39,True,False
vid_02102,TikTok,creator_0947,DIY,36,2024-06-12,2161,164961,0.0131,3,1,1,9.2,0.256,1241,0.0,0,False,15,True,False
vid_02103,TikTok,creator_0826,Entertainment,18,2025-05-28,30,1923,0.0156,0,1,0,12.8,0.711,1097,0.0005,1,False,106,False,False
vid_02104,Instagram,creator_1150,Cooking,42,2024-03-05,62,5299,0.0117,0,1,1,24.0,0.571,0,0.0004,3,False,109,False,False
vid_02105,TikTok,creator_0598,Cooking,27,2024-12-16,3658,128350,0.0285,79,2,0,2.6,0.096,7966,0.0006,1,False,33,True,False
vid_02106,Instagram,creator_0342,News,30,2024-09-30,302,13303,0.0227,1,1,0,3.0,0.1,2199,0.0002,3,False,74,True,False
vid_02107,YouTube Shorts,creator_0582,Music,34,2025-07-31,1291,36780,0.0351,9,1,1,4.4,0.129,3602,0.0003,1,False,99,True,False
vid_02108,Snapchat,creator_0270,Gaming,23,2025-04-16,4317,158713,0.0272,60,2,1,8.0,0.348,13079,0.0004,2,False,5,True,False
vid_02109,TikTok,creator_0433,Education,27,2025-03-19,115,9349,0.0123,0,2,1,5.1,0.189,0,0.0003,0,False,41,False,False
vid_02110,YouTube Shorts,creator_0822,Music,7,2024-11-13,600,37735,0.0159,1,2,0,3.0,0.429,1963,0.0001,0,False,77,True,False
vid_02111,Snapchat,creator_0572,Cooking,45,2024-10-09,33400,2492537,0.0134,124,14,6,3.7,0.082,78134,0.0001,0,False,117,True,False
vid_02112,Instagram,creator_0651,Music,23,2025-02-20,675,70312,0.0096,8,0,0,7.7,0.335,6132,0.0001,1,False,121,True,False
vid_02113,TikTok,creator_0951,Fitness,24,2024-12-15,943,27817,0.0339,0,1,0,18.7,0.779,2505,0.0,0,False,93,False,False
vid_02114,TikTok,creator_0007,Music,30,2024-09-16,2906,122616,0.0237,48,0,1,6.5,0.217,3142,0.0004,1,False,5,True,False
vid_02115,Instagram,creator_0202,Gaming,22,2025-03-26,9115,779059,0.0117,280,3,0,12.5,0.568,4599,0.0004,3,False,5,False,False
vid_02116,TikTok,creator_0060,News,47,2024-06-23,41,3761,0.0109,0,0,0,20.8,0.443,1269,0.0,5,False,54,True,False
vid_02117,Facebook Reels,creator_1169,Gaming,5,2024-01-18,4072,814400,0.005,25,2,0,1.8,0.36,14657,0.0,0,False,69,True,False
vid_02118,Instagram,creator_0967,Education,27,2024-10-14,2488,428965,0.0058,33,1,0,6.2,0.23,6532,0.0001,1,True,92,True,False
vid_02119,YouTube Shorts,creator_0798,Music,25,2025-02-01,756,51081,0.0148,10,1,0,18.4,0.736,4043,0.0002,1,False,173,False,False
vid_02120,TikTok,creator_0756,Beauty,31,2024-05-16,3039,75037,0.0405,28,1,1,5.7,0.184,3086,0.0004,3,False,79,True,False
vid_02121,TikTok,creator_0272,Fitness,21,2024-02-20,2539,338533,0.0075,40,1,2,8.9,0.424,3255,0.0001,3,False,105,True,False
vid_02122,Instagram,creator_0502,News,22,2024-12-10,292,16043,0.0182,7,0,1,6.8,0.309,702,0.0005,1,False,77,False,False
vid_02123,Facebook Reels,creator_1025,Education,34,2025-04-14,109,12386,0.0088,0,0,1,27.0,0.794,0,0.0001,4,False,5,False,False
vid_02124,Snapchat,creator_0502,DIY,23,2025-07-14,2963,182901,0.0162,29,1,0,1.0,0.043,7784,0.0002,3,False,58,True,False
vid_02125,TikTok,creator_0833,Music,27,2024-12-31,260,10236,0.0254,2,2,0,18.2,0.674,1412,0.0004,0,False,10,True,False
vid_02126,TikTok,creator_0533,Music,36,2024-04-03,6092,297170,0.0205,32,7,0,17.1,0.475,8500,0.0001,2,False,68,True,False
vid_02127,Facebook Reels,creator_0049,DIY,22,2025-01-08,590,43703,0.0135,13,3,1,14.9,0.677,1774,0.0004,1,False,75,True,False
vid_02128,YouTube Shorts,creator_0082,Cooking,21,2024-11-06,203,17058,0.0119,0,0,0,5.2,0.248,3552,0.0,1,False,76,True,False
vid_02129,Instagram,creator_0878,Education,35,2024-03-21,1711,92486,0.0185,8,1,0,29.6,0.846,4627,0.0001,3,False,29,True,False
vid_02130,YouTube Shorts,creator_0229,Comedy,43,2024-10-11,10292,278915,0.0369,68,4,2,11.5,0.267,23101,0.0003,3,False,52,True,False
vid_02131,Snapchat,creator_0989,Beauty,10,2024-07-24,398,38269,0.0104,5,0,0,1.0,0.1,3937,0.0001,4,True,84,True,False
vid_02132,TikTok,creator_1007,Beauty,38,2024-07-20,560,14507,0.0386,5,0,0,13.0,0.342,852,0.0003,3,False,29,True,False
vid_02133,TikTok,creator_0923,Fitness,35,2025-03-17,527,54895,0.0096,3,0,0,25.2,0.72,3657,0.0001,1,False,121,True,False
vid_02134,TikTok,creator_1069,Fitness,42,2024-01-21,1221,81400,0.015,20,1,1,15.3,0.364,698,0.0003,1,False,20,True,False
vid_02135,TikTok,creator_0597,Fitness,30,2025-07-10,92,3833,0.024,0,0,0,5.6,0.187,0,0.0,3,False,32,True,False
vid_02136,Instagram,creator_0901,Fitness,37,2024-04-29,1652,199036,0.0083,21,1,0,2.6,0.07,0,0.0001,2,False,5,True,False
vid_02137,TikTok,creator_0599,Gaming,30,2024-07-18,320,16666,0.0192,1,1,0,8.1,0.27,889,0.0001,1,False,71,True,False
vid_02138,TikTok,creator_0621,Comedy,17,2025-03-29,292,25614,0.0114,6,0,2,11.5,0.676,0,0.0003,2,True,106,True,False
vid_02139,Instagram,creator_1059,Gaming,31,2025-01-05,3320,163546,0.0203,62,1,1,4.1,0.132,6790,0.0004,1,False,34,True,False
vid_02140,TikTok,creator_0320,News,5,2025-01-24,2079,91184,0.0228,85,1,0,1.0,0.2,8638,0.0009,1,False,80,True,False
vid_02141,YouTube Shorts,creator_0994,Comedy,35,2025-02-11,345,14495,0.0238,13,2,0,8.1,0.231,0,0.001,2,False,75,True,False
vid_02142,TikTok,creator_0133,Cooking,16,2024-06-23,7717,347612,0.0222,79,6,2,1.0,0.062,10209,0.0003,4,False,13,True,False
vid_02143,TikTok,creator_0245,Beauty,27,2024-10-03,38,1245,0.0305,0,0,1,5.6,0.207,0,0.0008,2,False,32,True,False
vid_02144,Instagram,creator_0025,Music,35,2024-06-26,886,31530,0.0281,11,1,1,6.6,0.189,438,0.0004,3,False,5,True,False
vid_02145,TikTok,creator_0203,Cooking,23,2025-01-29,79,4593,0.0172,0,1,2,3.0,0.13,0,0.0007,3,True,67,True,False
vid_02146,Instagram,creator_1102,Education,16,2024-02-13,1554,54526,0.0285,7,1,0,9.1,0.569,2366,0.0001,0,False,58,True,False
vid_02147,TikTok,creator_0375,Beauty,21,2024-06-26,6740,313488,0.0215,5,5,0,11.9,0.567,12092,0.0,1,False,43,True,False
vid_02148,TikTok,creator_0545,Music,20,2024-08-03,1402,23523,0.0596,4,1,0,10.0,0.5,407,0.0002,1,True,80,True,False
vid_02149,YouTube Shorts,creator_0131,Comedy,17,2025-02-09,1111,38047,0.0292,5,1,0,4.7,0.276,1352,0.0002,3,False,15,True,False
vid_02150,TikTok,creator_1191,DIY,11,2024-12-26,7699,1539800,0.005,151,3,1,1.7,0.155,18458,0.0001,1,True,79,False,False
vid_02151,TikTok,creator_0150,Beauty,11,2025-01-06,680,17894,0.038,4,1,0,5.8,0.527,1342,0.0003,0,True,90,True,False
vid_02152,TikTok,creator_1111,News,18,2024-06-15,2397,156666,0.0153,16,1,0,1.4,0.078,6545,0.0001,1,False,105,True,False
vid_02153,TikTok,creator_0881,Education,40,2025-07-13,453,20875,0.0217,4,0,1,8.2,0.205,3038,0.0002,2,False,66,True,False
vid_02154,TikTok,creator_0935,Entertainment,35,2024-07-14,12114,1081607,0.0112,142,3,2,28.6,0.817,22826,0.0001,0,False,53,True,False
vid_02155,Instagram,creator_0362,Cooking,25,2025-01-29,791,50382,0.0157,8,4,0,6.4,0.256,2873,0.0002,3,False,149,True,False
vid_02156,Instagram,creator_0542,Music,40,2024-07-12,1747,66425,0.0263,21,2,0,20.5,0.512,6066,0.0003,0,False,50,True,False
vid_02157,Instagram,creator_0902,Education,21,2024-05-21,1621,64840,0.025,17,3,0,3.9,0.186,4393,0.0003,1,False,5,True,False
vid_02158,Facebook Reels,creator_0964,DIY,18,2024-05-06,264,6804,0.0388,3,0,0,10.4,0.578,0,0.0004,3,False,46,True,False
vid_02159,Instagram,creator_0194,DIY,15,2024-09-22,697,88227,0.0079,3,1,0,2.9,0.193,74,0.0,1,False,5,True,False
vid_02160,TikTok,creator_0223,Beauty,20,2024-06-14,5102,383609,0.0133,160,2,1,15.8,0.79,6996,0.0004,2,False,57,True,False
vid_02161,YouTube Shorts,creator_0967,Education,10,2025-06-15,1325,135204,0.0098,4,1,0,5.7,0.57,3920,0.0,2,False,52,True,False
vid_02162,Instagram,creator_0317,Cooking,28,2024-05-01,2381,148812,0.016,38,0,0,10.2,0.364,1136,0.0003,2,False,10,True,False
vid_02163,TikTok,creator_0324,News,7,2025-05-29,207,23258,0.0089,0,0,0,1.0,0.143,0,0.0,2,False,65,False,False
vid_02164,Facebook Reels,creator_0854,Fitness,45,2024-06-26,138,8070,0.0171,0,1,1,22.7,0.504,0,0.0002,2,False,37,True,False
vid_02165,YouTube Shorts,creator_0622,Cooking,16,2024-04-22,349,13632,0.0256,1,3,0,3.4,0.212,157,0.0003,0,False,29,True,False
vid_02166,YouTube Shorts,creator_0646,DIY,28,2024-08-27,4080,154545,0.0264,20,2,1,1.0,0.036,1086,0.0001,3,False,78,True,False
vid_02167,TikTok,creator_0828,Entertainment,20,2024-11-13,359,34854,0.0103,4,2,0,11.9,0.595,642,0.0002,2,False,52,False,False
vid_02168,Facebook Reels,creator_0562,Entertainment,41,2025-07-01,1525,305000,0.005,33,0,0,14.6,0.356,0,0.0001,2,False,54,True,False
vid_02169,TikTok,creator_0765,Entertainment,34,2024-09-06,428,49195,0.0087,0,1,1,27.8,0.818,2798,0.0,2,False,7,True,False
vid_02170,Instagram,creator_0409,Beauty,31,2025-04-24,913,62108,0.0147,2,2,1,12.0,0.387,769,0.0001,3,False,137,False,False
vid_02171,TikTok,creator_0498,Comedy,27,2024-09-09,3144,195279,0.0161,21,4,2,6.4,0.237,2414,0.0001,0,False,15,False,False
vid_02172,Instagram,creator_0095,Gaming,34,2025-06-18,475,25815,0.0184,1,1,0,9.9,0.291,457,0.0001,1,False,16,True,False
vid_02173,TikTok,creator_0769,Entertainment,20,2024-03-19,549,36600,0.015,1,0,1,5.3,0.265,0,0.0001,4,True,86,True,False
vid_02174,Instagram,creator_0898,Fitness,38,2024-03-27,10199,829186,0.0123,47,4,0,9.9,0.261,7074,0.0001,6,False,39,False,False
vid_02175,TikTok,creator_0848,Comedy,34,2024-04-26,386,9039,0.0427,4,1,0,11.9,0.35,1699,0.0006,2,False,83,True,False
vid_02176,Instagram,creator_0898,Beauty,24,2024-09-11,931,38000,0.0245,2,1,2,5.5,0.229,218,0.0001,3,False,32,True,False
vid_02177,TikTok,creator_1088,Fitness,30,2025-06-19,12762,1263564,0.0101,66,6,6,8.7,0.29,13905,0.0001,4,True,55,True,False
vid_02178,TikTok,creator_0643,Cooking,35,2024-12-12,1278,41901,0.0305,1,1,0,6.1,0.174,1283,0.0,3,False,64,True,False
vid_02179,TikTok,creator_0467,DIY,35,2024-10-08,2608,110978,0.0235,20,1,0,2.5,0.071,2527,0.0002,0,False,7,True,False
vid_02180,YouTube Shorts,creator_0523,News,27,2025-08-03,8444,927912,0.0091,159,3,2,10.5,0.389,22784,0.0002,2,False,95,True,False
vid_02181,Instagram,creator_0876,Gaming,34,2025-01-12,3375,142405,0.0237,22,1,0,14.8,0.435,9724,0.0002,2,False,62,False,False
vid_02182,TikTok,creator_1050,Cooking,31,2024-01-13,962,37142,0.0259,15,2,0,6.5,0.21,3023,0.0005,4,False,9,False,False
vid_02183,Facebook Reels,creator_0670,Music,15,2025-01-17,2497,171027,0.0146,25,0,1,6.5,0.433,6642,0.0002,2,False,34,True,False
vid_02184,TikTok,creator_0155,News,5,2024-03-12,220,39285,0.0056,3,3,0,1.0,0.2,1060,0.0002,2,False,64,False,False
vid_02185,Instagram,creator_1052,Education,20,2025-03-21,119,23800,0.005,0,3,0,5.2,0.26,0,0.0001,1,False,9,True,False
vid_02186,Facebook Reels,creator_0150,Gaming,15,2024-08-03,13604,2720800,0.005,122,7,3,8.5,0.567,16266,0.0,0,False,65,False,False
vid_02187,Facebook Reels,creator_0312,Cooking,29,2024-02-26,1357,102030,0.0133,22,2,1,10.6,0.366,3632,0.0002,1,False,29,True,False
vid_02188,Instagram,creator_0886,Entertainment,30,2024-11-07,727,57698,0.0126,1,1,3,13.4,0.447,2815,0.0001,2,False,72,True,False
vid_02189,YouTube Shorts,creator_0039,Entertainment,31,2024-06-23,2447,61949,0.0395,28,2,0,17.0,0.548,7305,0.0005,1,False,120,True,False
vid_02190,YouTube Shorts,creator_1197,Cooking,32,2025-02-17,10162,439913,0.0231,224,6,1,7.7,0.241,21625,0.0005,1,False,48,True,False
vid_02191,YouTube Shorts,creator_1177,Cooking,17,2025-07-09,164,11714,0.014,0,2,0,1.0,0.059,0,0.0002,2,False,48,True,False
vid_02192,YouTube Shorts,creator_0423,Fitness,34,2024-05-21,76,3290,0.0231,0,3,0,4.5,0.132,1411,0.0009,0,True,108,True,False
vid_02193,Snapchat,creator_0081,Comedy,24,2025-02-23,4068,398823,0.0102,20,2,0,6.0,0.25,5459,0.0001,1,False,61,True,False
vid_02194,YouTube Shorts,creator_0472,Beauty,12,2024-06-05,1013,68445,0.0148,5,1,0,8.1,0.675,3607,0.0001,2,False,35,True,False
vid_02195,TikTok,creator_0445,Cooking,27,2024-01-22,1348,85316,0.0158,8,1,0,10.7,0.396,3216,0.0001,1,False,44,False,False
vid_02196,TikTok,creator_0769,Entertainment,20,2024-12-10,416,8507,0.0489,4,1,0,12.3,0.615,0,0.0006,1,False,44,False,False
vid_02197,TikTok,creator_0101,DIY,34,2024-12-06,50018,7355588,0.0068,274,22,14,24.0,0.706,116337,0.0,2,False,75,True,True
vid_02198,TikTok,creator_0256,Education,49,2024-05-16,2088,45991,0.0454,3,1,1,10.0,0.204,488,0.0001,2,False,82,True,False
vid_02199,Instagram,creator_0334,Beauty,26,2024-04-03,234,16834,0.0139,1,0,1,4.5,0.173,0,0.0001,3,False,105,True,False
vid_02200,TikTok,creator_0649,Gaming,34,2024-05-28,805,34255,0.0235,11,1,0,7.6,0.224,3711,0.0004,1,False,5,True,False
vid_02201,Instagram,creator_0979,Fitness,22,2025-01-30,6939,396514,0.0175,117,3,0,4.9,0.223,7075,0.0003,3,True,16,True,False
vid_02202,TikTok,creator_0861,Gaming,23,2024-03-18,80,11428,0.007,1,3,1,5.7,0.248,0,0.0004,5,False,69,False,False
vid_02203,YouTube Shorts,creator_0890,Fitness,27,2024-06-27,1190,107207,0.0111,7,2,1,1.3,0.048,296,0.0001,3,False,78,True,False
vid_02204,Instagram,creator_0799,DIY,34,2024-01-13,449,16629,0.027,1,0,0,16.5,0.485,4148,0.0001,3,False,5,True,False
vid_02205,Instagram,creator_0663,Entertainment,23,2024-04-19,149,3239,0.046,0,0,1,1.4,0.061,0,0.0003,1,False,78,True,False
vid_02206,TikTok,creator_1063,Comedy,30,2024-04-18,7592,281185,0.027,10,4,3,9.3,0.31,23178,0.0001,2,False,41,True,False
vid_02207,TikTok,creator_0430,Fitness,17,2024-10-15,725,16328,0.0444,6,1,0,5.9,0.347,1049,0.0004,1,False,61,False,False
vid_02208,TikTok,creator_0358,Music,19,2024-04-27,681,18160,0.0375,1,0,0,6.2,0.326,0,0.0001,0,False,159,False,False
vid_02209,TikTok,creator_0225,Comedy,22,2024-01-24,980,84482,0.0116,4,1,1,8.2,0.373,594,0.0001,2,False,5,True,False
vid_02210,Instagram,creator_0544,News,29,2024-09-06,8063,438206,0.0184,42,4,4,5.7,0.197,4810,0.0001,1,True,24,True,False
vid_02211,TikTok,creator_0964,Entertainment,24,2025-07-24,190,5604,0.0339,0,1,2,4.9,0.204,242,0.0005,3,False,92,False,False
vid_02212,TikTok,creator_0773,News,23,2025-07-15,5025,750000,0.0067,62,2,2,6.9,0.3,12364,0.0001,2,False,55,True,False
vid_02213,TikTok,creator_0457,Education,27,2024-11-22,1404,33191,0.0423,2,1,1,5.6,0.207,481,0.0001,1,False,37,True,False
vid_02214,Instagram,creator_0851,Music,13,2024-12-08,860,21446,0.0401,5,1,1,4.4,0.338,2558,0.0003,1,False,60,True,False
vid_02215,Instagram,creator_0638,DIY,29,2024-12-30,608,59029,0.0103,2,0,0,4.3,0.148,0,0.0,1,False,80,True,False
vid_02216,TikTok,creator_1106,Cooking,24,2025-04-21,66,8354,0.0079,0,0,1,4.2,0.175,0,0.0001,1,False,137,True,False
vid_02217,Instagram,creator_1170,Beauty,36,2024-04-07,642,12969,0.0495,2,2,0,3.5,0.097,2281,0.0003,2,False,82,True,False
vid_02218,Snapchat,creator_0462,Education,23,2025-07-31,34,2222,0.0153,0,2,2,6.8,0.296,0,0.0018,0,True,27,True,False
vid_02219,Snapchat,creator_0216,Beauty,19,2024-06-24,521,12287,0.0424,6,0,2,3.5,0.184,2217,0.0007,3,False,65,True,False
vid_02220,TikTok,creator_0947,News,23,2025-02-07,10510,1118085,0.0094,92,12,1,2.5,0.109,7492,0.0001,4,False,5,False,False
vid_02221,TikTok,creator_0270,Cooking,23,2024-11-23,886,12021,0.0737,2,3,1,19.8,0.861,0,0.0005,2,False,57,True,False
vid_02222,YouTube Shorts,creator_0071,Gaming,20,2025-05-05,73350,2428807,0.0302,164,38,17,11.6,0.58,61156,0.0001,3,True,79,True,False
vid_02223,TikTok,creator_0293,Entertainment,20,2024-07-03,808,83298,0.0097,11,0,0,6.6,0.33,1921,0.0001,3,False,17,True,False
vid_02224,Instagram,creator_0991,Cooking,23,2024-05-25,76,1743,0.0436,0,3,1,5.2,0.226,523,0.0023,1,False,139,False,False
vid_02225,Instagram,creator_0926,Beauty,22,2024-12-18,688,14700,0.0468,3,1,0,11.1,0.505,360,0.0003,1,False,32,True,False
vid_02226,TikTok,creator_0573,Music,44,2024-09-19,740,90243,0.0082,16,2,0,19.4,0.441,646,0.0002,0,False,117,False,False
vid_02227,TikTok,creator_0999,Music,10,2024-12-20,1689,74405,0.0227,3,1,0,4.0,0.4,3551,0.0001,0,False,17,True,False
vid_02228,TikTok,creator_1064,Fitness,32,2024-02-19,2234,105876,0.0211,18,0,0,19.7,0.616,340,0.0002,1,False,47,True,False
vid_02229,TikTok,creator_1113,Comedy,24,2024-03-14,104,3376,0.0308,0,1,1,3.7,0.154,181,0.0006,1,False,5,True,False
vid_02230,TikTok,creator_1128,Fitness,37,2024-04-08,28,2434,0.0115,0,1,0,5.1,0.138,0,0.0004,0,False,125,True,False
vid_02231,TikTok,creator_0170,Music,32,2024-05-21,4173,155130,0.0269,3,1,2,8.4,0.262,10471,0.0,0,False,100,False,False
vid_02232,Facebook Reels,creator_0400,Comedy,27,2025-06-12,2980,122633,0.0243,11,1,1,2.9,0.107,5167,0.0001,2,False,87,True,False
vid_02233,YouTube Shorts,creator_0725,Music,40,2025-04-11,610,23735,0.0257,9,3,0,24.3,0.608,1963,0.0005,3,False,34,True,False
vid_02234,Instagram,creator_0097,Music,18,2024-10-08,648,44081,0.0147,5,0,0,6.1,0.339,0,0.0001,1,False,49,True,False
vid_02235,Facebook Reels,creator_0342,Cooking,13,2024-05-03,480,63157,0.0076,2,0,0,6.6,0.508,1898,0.0,5,True,5,True,False
vid_02236,Instagram,creator_0464,Comedy,18,2025-02-24,534,12992,0.0411,2,0,1,5.4,0.3,0,0.0002,2,False,62,True,False
vid_02237,YouTube Shorts,creator_0571,Entertainment,9,2024-11-07,4660,541860,0.0086,49,2,0,3.3,0.367,11319,0.0001,0,False,45,False,False
vid_02238,Facebook Reels,creator_0976,DIY,19,2024-09-07,1243,26616,0.0467,10,1,1,3.3,0.174,3340,0.0005,0,False,123,False,False
vid_02239,TikTok,creator_0515,Music,13,2025-06-02,703,40872,0.0172,1,2,1,5.1,0.392,1269,0.0001,0,False,98,False,False
vid_02240,Instagram,creator_0137,Entertainment,22,2024-11-14,3349,168291,0.0199,4,1,0,2.6,0.118,2796,0.0,0,False,5,True,False
vid_02241,TikTok,creator_0497,Gaming,16,2024-05-03,42,480,0.0875,0,1,0,7.3,0.456,1730,0.0021,0,False,75,True,False
vid_02242,TikTok,creator_0718,Education,10,2024-06-24,182,24594,0.0074,1,2,0,4.4,0.44,0,0.0001,1,False,9,True,False
vid_02243,Snapchat,creator_0253,News,45,2025-06-06,1025,36870,0.0278,27,0,0,6.1,0.136,3666,0.0007,1,False,38,True,False
vid_02244,Instagram,creator_0671,Entertainment,31,2025-05-09,24585,551233,0.0446,404,10,5,10.4,0.335,22496,0.0008,1,True,107,True,False
vid_02245,TikTok,creator_0965,Beauty,29,2025-05-27,4599,459900,0.01,104,1,0,8.1,0.279,11145,0.0002,3,False,58,False,False
vid_02246,Instagram,creator_0931,Comedy,27,2024-02-24,6036,270672,0.0223,26,3,1,3.5,0.13,13629,0.0001,6,False,48,True,False
vid_02247,YouTube Shorts,creator_0558,Entertainment,26,2024-10-23,5937,873088,0.0068,64,3,1,9.0,0.346,5240,0.0001,2,False,75,True,False
vid_02248,Instagram,creator_0873,News,30,2024-05-10,1703,26321,0.0647,31,2,2,19.3,0.643,3440,0.0013,1,False,113,True,False
vid_02249,YouTube Shorts,creator_0597,Beauty,33,2025-02-10,719,23420,0.0307,11,0,0,28.8,0.873,762,0.0005,0,True,69,False,False
vid_02250,Instagram,creator_0743,Beauty,15,2025-05-31,652,36222,0.018,11,1,0,8.5,0.567,0,0.0003,2,False,36,True,False
vid_02251,TikTok,creator_0117,Education,39,2024-08-05,9678,491269,0.0197,9,6,0,12.6,0.323,17910,0.0,4,False,43,True,False
vid_02252,Snapchat,creator_1041,Cooking,8,2024-11-21,630,21212,0.0297,5,4,1,2.2,0.275,0,0.0005,5,False,73,True,False
vid_02253,TikTok,creator_0027,Education,35,2025-07-07,1555,85911,0.0181,0,3,3,5.4,0.154,771,0.0001,1,False,26,True,False
vid_02254,Instagram,creator_0889,Fitness,37,2024-03-21,655,31490,0.0208,13,0,0,10.7,0.289,2141,0.0004,4,False,86,False,False
vid_02255,Instagram,creator_1159,Gaming,34,2025-04-16,328,31844,0.0103,2,2,0,8.3,0.244,1161,0.0001,3,False,17,False,False
vid_02256,TikTok,creator_0221,News,45,2025-05-14,2146,129277,0.0166,14,1,0,26.1,0.58,4929,0.0001,3,False,74,True,False
vid_02257,TikTok,creator_0489,Cooking,32,2025-03-26,1962,51767,0.0379,4,1,0,7.4,0.231,3368,0.0001,0,False,5,False,False
vid_02258,TikTok,creator_0807,Entertainment,15,2024-09-26,540,23175,0.0233,4,1,0,4.9,0.327,0,0.0002,3,False,23,True,False
vid_02259,Instagram,creator_1071,Entertainment,28,2024-11-05,5134,1026800,0.005,45,5,0,6.4,0.229,531,0.0,1,False,96,True,False
vid_02260,YouTube Shorts,creator_0053,Beauty,39,2025-03-16,5177,1035400,0.005,60,3,0,15.3,0.392,12301,0.0001,0,False,68,True,False
vid_02261,TikTok,creator_0599,Gaming,29,2024-01-23,362,72400,0.005,9,3,0,3.3,0.114,592,0.0002,1,False,73,False,False
vid_02262,TikTok,creator_0705,Cooking,40,2024-07-12,275,6610,0.0416,2,3,1,5.3,0.132,1534,0.0009,0,False,102,False,False
vid_02263,TikTok,creator_0539,Comedy,18,2024-06-11,932,89615,0.0104,5,0,0,2.7,0.15,3130,0.0001,0,False,69,False,False
vid_02264,Instagram,creator_0822,Cooking,21,2024-05-13,2090,96759,0.0216,30,0,0,3.3,0.157,3261,0.0003,4,False,117,False,False
vid_02265,TikTok,creator_1103,Beauty,26,2024-09-02,663,47697,0.0139,6,3,0,5.6,0.215,1075,0.0002,0,False,5,True,False
vid_02266,YouTube Shorts,creator_0832,Cooking,20,2025-04-27,1995,399000,0.005,2,2,0,9.9,0.495,3807,0.0,2,False,127,True,False
vid_02267,TikTok,creator_0543,DIY,17,2024-09-29,599,44701,0.0134,3,0,0,7.4,0.435,845,0.0001,2,False,5,True,False
vid_02268,TikTok,creator_0327,Comedy,15,2024-09-07,450,9375,0.048,1,2,0,9.9,0.66,1993,0.0003,3,True,21,True,False
vid_02269,TikTok,creator_1037,Music,20,2024-08-18,9674,469611,0.0206,260,8,3,3.2,0.16,30397,0.0006,0,False,48,True,False
vid_02270,TikTok,creator_0156,Beauty,36,2024-03-13,1199,73109,0.0164,4,0,0,5.7,0.158,2164,0.0001,1,True,56,True,False
vid_02271,YouTube Shorts,creator_0829,Fitness,17,2024-04-23,4326,376173,0.0115,41,2,2,9.0,0.529,14837,0.0001,3,False,105,True,False
vid_02272,TikTok,creator_0789,Education,11,2025-07-25,8007,1213181,0.0066,60,2,1,3.1,0.282,5592,0.0001,1,False,5,False,False
vid_02273,TikTok,creator_1168,Education,23,2024-09-08,537,37552,0.0143,2,2,0,6.6,0.287,985,0.0001,5,False,110,True,False
vid_02274,TikTok,creator_1123,Comedy,22,2025-06-02,512,63209,0.0081,4,1,1,5.8,0.264,497,0.0001,3,False,38,True,False
vid_02275,TikTok,creator_0449,Beauty,27,2024-06-24,407,9334,0.0436,2,1,0,13.1,0.485,0,0.0003,1,False,62,False,False
vid_02276,TikTok,creator_0608,Beauty,28,2024-01-17,1104,30329,0.0364,3,1,0,1.0,0.036,2610,0.0001,3,False,13,True,False
vid_02277,TikTok,creator_1140,Music,37,2025-03-17,2785,226422,0.0123,12,1,2,1.9,0.051,1537,0.0001,1,False,36,True,False
vid_02278,Instagram,creator_0819,News,27,2024-10-27,1447,58821,0.0246,23,1,1,14.6,0.541,2396,0.0004,2,False,52,True,False
vid_02279,Facebook Reels,creator_0540,Gaming,29,2024-10-14,1272,189850,0.0067,13,2,0,7.2,0.248,2024,0.0001,2,False,97,False,False
vid_02280,TikTok,creator_1107,Cooking,9,2024-02-29,4291,102655,0.0418,22,3,0,1.0,0.111,8833,0.0002,0,False,80,True,False
vid_02281,YouTube Shorts,creator_0506,Music,18,2025-03-25,7764,213884,0.0363,106,5,1,4.7,0.261,12697,0.0005,2,False,32,False,False
vid_02282,YouTube Shorts,creator_1040,DIY,31,2025-02-19,1560,101960,0.0153,47,0,0,13.6,0.439,0,0.0005,4,False,68,False,False
vid_02283,Instagram,creator_0714,Music,29,2024-06-22,115,3176,0.0362,1,0,0,4.4,0.152,0,0.0003,3,False,28,True,False
vid_02284,TikTok,creator_0897,DIY,37,2025-04-04,842,135806,0.0062,9,2,0,20.4,0.551,320,0.0001,2,False,96,False,False
vid_02285,TikTok,creator_1147,DIY,41,2025-03-10,9170,1834000,0.005,108,2,1,1.8,0.044,12015,0.0001,1,False,104,False,False
vid_02286,Instagram,creator_0303,Education,10,2025-06-13,8559,1222714,0.007,87,2,2,1.0,0.1,13838,0.0001,6,False,5,False,False
vid_02287,TikTok,creator_0517,Entertainment,35,2025-07-08,1664,332800,0.005,17,1,0,11.1,0.317,4432,0.0001,0,False,89,True,False
vid_02288,YouTube Shorts,creator_0274,Gaming,12,2024-06-16,891,141428,0.0063,6,0,0,2.8,0.233,3015,0.0,1,False,26,True,False
vid_02289,Instagram,creator_0624,Cooking,32,2024-06-29,5493,280255,0.0196,40,2,2,3.8,0.119,11460,0.0002,2,False,113,False,False
vid_02290,Snapchat,creator_0296,Music,23,2025-06-13,1114,195438,0.0057,43,2,0,6.8,0.296,3807,0.0002,4,False,77,False,False
vid_02291,Facebook Reels,creator_0109,Cooking,25,2025-04-01,334,4638,0.072,5,2,0,1.6,0.064,269,0.0015,3,True,115,False,False
vid_02292,Instagram,creator_1085,Gaming,13,2025-07-21,1943,86355,0.0225,1,1,1,4.8,0.369,2492,0.0,1,False,45,True,False
vid_02293,Facebook Reels,creator_0368,Comedy,27,2024-01-23,2773,478103,0.0058,26,1,0,2.8,0.104,0,0.0001,1,False,77,True,False
vid_02294,TikTok,creator_0183,Education,37,2024-11-09,4679,508586,0.0092,37,0,1,1.5,0.041,5181,0.0001,3,False,38,False,False
vid_02295,TikTok,creator_0835,Gaming,23,2025-06-24,19734,548166,0.036,396,11,3,8.1,0.352,24221,0.0007,3,False,69,False,False
vid_02296,TikTok,creator_0638,Cooking,10,2024-05-17,116,6666,0.0174,0,1,1,4.0,0.4,0,0.0003,0,False,67,False,False
vid_02297,Instagram,creator_0378,Fitness,11,2024-11-07,62,1561,0.0397,0,2,2,5.9,0.536,1787,0.0026,3,False,67,True,False
vid_02298,Instagram,creator_0168,Cooking,24,2024-12-16,7435,219970,0.0338,67,2,2,11.8,0.492,7727,0.0003,2,False,18,True,False
vid_02299,TikTok,creator_0125,Music,22,2024-02-15,46,891,0.0516,0,0,0,4.1,0.186,1065,0.0,3,False,26,True,False
vid_02300,TikTok,creator_1084,Entertainment,34,2024-01-04,2186,119453,0.0183,39,0,0,11.9,0.35,4887,0.0003,2,False,75,True,False
vid_02301,YouTube Shorts,creator_1164,News,35,2024-10-18,428,10464,0.0409,4,2,0,14.8,0.423,0,0.0006,1,False,61,False,False
vid_02302,TikTok,creator_1021,Comedy,30,2025-02-19,128,9078,0.0141,0,0,0,6.7,0.223,0,0.0,3,False,70,True,False
vid_02303,YouTube Shorts,creator_0317,News,34,2024-10-17,1084,31603,0.0343,2,0,0,4.0,0.118,2418,0.0001,4,False,99,False,False
vid_02304,YouTube Shorts,creator_0364,Music,26,2024-04-25,1917,60473,0.0317,33,1,0,4.0,0.154,5221,0.0006,2,False,94,True,False
vid_02305,Instagram,creator_1101,Education,23,2024-08-30,315,8139,0.0387,1,0,1,5.6,0.243,1083,0.0002,0,False,60,True,False
vid_02306,Instagram,creator_1062,Comedy,18,2024-03-18,4465,152389,0.0293,31,2,1,4.6,0.256,14334,0.0002,2,False,55,True,False
vid_02307,Facebook Reels,creator_0691,DIY,31,2025-05-26,4204,215589,0.0195,13,1,0,20.6,0.665,11875,0.0001,0,False,86,True,False
vid_02308,TikTok,creator_0239,Music,24,2024-02-20,9806,557159,0.0176,38,7,1,1.0,0.042,3305,0.0001,4,False,128,True,False
vid_02309,TikTok,creator_1006,Beauty,5,2024-11-10,4733,228647,0.0207,26,4,1,1.0,0.2,15984,0.0001,2,True,19,True,False
vid_02310,Facebook Reels,creator_0984,News,25,2024-03-17,3414,101910,0.0335,10,1,0,4.7,0.188,6669,0.0001,3,False,5,True,False
vid_02311,Instagram,creator_1080,News,42,2025-03-22,774,32521,0.0238,4,0,0,23.5,0.56,323,0.0001,3,False,66,True,False
vid_02312,YouTube Shorts,creator_0412,Fitness,37,2024-09-05,2210,55388,0.0399,17,2,0,13.4,0.362,5623,0.0003,0,False,107,True,False
vid_02313,TikTok,creator_0874,Gaming,20,2024-12-03,895,34960,0.0256,17,3,1,5.9,0.295,1651,0.0006,3,False,50,True,False
vid_02314,Instagram,creator_0659,Music,34,2025-01-11,679,54758,0.0124,10,2,1,6.5,0.191,1349,0.0002,0,False,74,True,False
vid_02315,Facebook Reels,creator_0589,Entertainment,9,2025-02-13,1350,82317,0.0164,6,0,0,2.4,0.267,5740,0.0001,2,False,66,True,False
vid_02316,TikTok,creator_1170,Music,22,2024-05-14,3060,612000,0.005,68,2,0,7.0,0.318,7607,0.0001,2,False,5,True,False
vid_02317,Instagram,creator_0097,Fitness,15,2024-10-25,331,38045,0.0087,1,1,0,1.2,0.08,0,0.0001,2,False,119,False,False
vid_02318,TikTok,creator_0889,Music,20,2025-02-10,387,16753,0.0231,2,2,0,12.7,0.635,0,0.0002,2,False,53,True,False
vid_02319,Instagram,creator_0092,Beauty,34,2024-03-17,536,15402,0.0348,6,1,1,13.6,0.4,3815,0.0005,2,False,12,True,False
vid_02320,TikTok,creator_0656,Education,26,2025-07-08,382,9896,0.0386,4,0,1,6.9,0.265,0,0.0005,3,False,54,True,False
vid_02321,Instagram,creator_0032,Entertainment,35,2024-10-23,938,49629,0.0189,0,0,0,27.4,0.783,0,0.0,5,False,121,True,False
vid_02322,Snapchat,creator_0010,Beauty,18,2025-05-27,2002,88584,0.0226,62,0,1,11.6,0.644,4758,0.0007,1,False,87,False,False
vid_02323,Facebook Reels,creator_0799,Beauty,28,2024-10-15,119,2581,0.0461,0,2,1,3.4,0.121,0,0.0012,0,False,110,True,False
vid_02324,TikTok,creator_0505,News,47,2025-06-03,167,9488,0.0176,0,1,1,17.2,0.366,5129,0.0002,1,False,63,False,False
vid_02325,Instagram,creator_0635,Beauty,17,2025-05-22,36456,2826046,0.0129,534,13,5,2.0,0.118,85497,0.0002,3,False,74,True,False
vid_02326,Instagram,creator_0852,Gaming,34,2024-10-19,3878,123111,0.0315,31,2,1,17.9,0.526,7518,0.0003,1,False,50,False,False
vid_02327,YouTube Shorts,creator_1000,Fitness,33,2025-04-11,3343,371444,0.009,43,4,1,15.3,0.464,0,0.0001,3,True,8,True,False
vid_02328,TikTok,creator_0920,Comedy,27,2025-05-29,480,96000,0.005,4,0,1,7.1,0.263,385,0.0001,0,False,51,True,False
vid_02329,TikTok,creator_0326,DIY,43,2024-02-21,6447,348486,0.0185,111,4,0,17.3,0.402,2934,0.0003,1,False,91,True,False
vid_02330,Snapchat,creator_0526,Gaming,36,2024-08-09,205,9669,0.0212,2,1,0,17.9,0.497,2233,0.0003,3,False,16,True,False
vid_02331,Instagram,creator_0223,Education,36,2024-11-02,20623,713598,0.0289,46,14,4,15.2,0.422,55518,0.0001,1,False,98,False,False
vid_02332,Facebook Reels,creator_1137,DIY,5,2024-06-04,1818,324642,0.0056,52,1,1,2.1,0.42,1085,0.0002,3,False,103,False,False
vid_02333,Instagram,creator_0224,Education,24,2024-06-26,3970,126031,0.0315,32,1,1,2.3,0.096,2723,0.0003,3,True,86,True,False
vid_02334,TikTok,creator_0139,Beauty,38,2024-12-04,48,9600,0.005,0,0,0,11.7,0.308,1436,0.0,5,False,5,True,False
vid_02335,TikTok,creator_0085,Music,23,2024-05-26,5327,284866,0.0187,41,0,2,8.0,0.348,14749,0.0002,5,False,51,True,False
vid_02336,TikTok,creator_0030,Comedy,39,2024-09-22,371,12006,0.0309,2,0,0,31.7,0.813,4211,0.0002,4,False,59,True,False
vid_02337,TikTok,creator_0947,Beauty,17,2025-05-15,254,50800,0.005,0,3,0,13.7,0.806,0,0.0001,2,True,98,True,False
vid_02338,Snapchat,creator_1036,Education,17,2024-06-23,2324,75947,0.0306,7,2,1,13.5,0.794,5322,0.0001,2,False,105,True,False
vid_02339,Instagram,creator_0899,Entertainment,21,2024-12-08,1751,35589,0.0492,27,2,0,3.4,0.162,1746,0.0008,1,True,89,True,False
vid_02340,Instagram,creator_1141,Comedy,28,2024-04-21,4080,112087,0.0364,19,3,0,2.0,0.071,12393,0.0002,1,False,79,True,False
vid_02341,TikTok,creator_0134,Gaming,16,2025-02-06,366,13118,0.0279,1,2,1,3.4,0.212,3030,0.0003,1,False,28,True,False
vid_02342,TikTok,creator_0659,Cooking,32,2024-01-30,487,18517,0.0263,2,2,0,19.7,0.616,0,0.0002,3,False,95,True,False
vid_02343,TikTok,creator_0781,Entertainment,34,2025-03-13,10753,1208202,0.0089,177,6,2,21.0,0.618,13465,0.0002,3,True,140,True,False
vid_02344,Instagram,creator_0460,Entertainment,23,2025-03-13,977,21331,0.0458,49,0,0,12.9,0.561,4126,0.0023,3,False,61,True,False
vid_02345,YouTube Shorts,creator_0976,News,29,2025-05-15,2141,89208,0.024,49,1,0,5.2,0.179,2631,0.0006,0,False,124,True,False
vid_02346,TikTok,creator_0487,DIY,15,2025-04-20,543,43790,0.0124,6,1,1,5.1,0.34,0,0.0002,2,False,104,False,False
vid_02347,Instagram,creator_0982,Comedy,5,2024-12-18,11894,597688,0.0199,100,7,2,1.2,0.24,5294,0.0002,1,False,114,True,False
vid_02348,TikTok,creator_0358,Gaming,24,2024-07-18,1756,66515,0.0264,0,1,0,14.0,0.583,3109,0.0,1,False,119,True,False
vid_02349,TikTok,creator_0615,Comedy,26,2024-02-03,901,30439,0.0296,15,1,0,2.4,0.092,1351,0.0005,2,False,78,True,False
vid_02350,Instagram,creator_0465,Gaming,23,2024-04-07,1104,70769,0.0156,3,0,0,2.8,0.122,6146,0.0,1,False,119,True,False
vid_02351,Snapchat,creator_0863,Gaming,31,2024-12-23,440,25581,0.0172,6,1,0,23.6,0.761,3832,0.0003,1,False,14,True,False
vid_02352,TikTok,creator_0745,Cooking,27,2024-09-10,361,49452,0.0073,2,0,0,5.3,0.196,77,0.0,0,False,44,True,False
vid_02353,Instagram,creator_0504,Beauty,38,2025-07-07,146,5195,0.0281,1,0,1,28.7,0.755,395,0.0004,4,False,48,True,False
vid_02354,YouTube Shorts,creator_0745,DIY,10,2025-03-01,118188,2286034,0.0517,2040,63,27,2.2,0.22,311052,0.0009,1,False,68,False,False
vid_02355,TikTok,creator_0629,Beauty,26,2024-11-01,3924,204375,0.0192,45,3,2,3.8,0.146,9499,0.0002,0,False,120,True,False
vid_02356,Instagram,creator_0616,News,24,2024-11-16,1446,117560,0.0123,3,0,0,3.6,0.15,3579,0.0,4,True,33,True,False
vid_02357,Instagram,creator_0321,Gaming,27,2025-02-05,1615,29852,0.0541,12,1,0,8.8,0.326,3912,0.0004,1,False,95,False,False
vid_02358,TikTok,creator_0423,Gaming,19,2025-03-16,969,57678,0.0168,4,1,0,5.3,0.279,194,0.0001,5,False,74,True,False
vid_02359,YouTube Shorts,creator_1154,Comedy,32,2025-05-13,670,13346,0.0502,5,1,2,29.4,0.919,4112,0.0006,5,False,83,False,False
vid_02360,TikTok,creator_0843,Cooking,28,2024-12-29,773,73619,0.0105,3,2,1,12.7,0.454,3324,0.0001,4,False,67,True,False
vid_02361,YouTube Shorts,creator_0997,Cooking,25,2025-04-19,19335,554011,0.0349,171,6,5,14.9,0.596,54425,0.0003,3,False,88,True,False
vid_02362,YouTube Shorts,creator_0073,Education,35,2024-02-20,276,14450,0.0191,1,1,0,16.6,0.474,61,0.0001,1,True,51,True,False
vid_02363,YouTube Shorts,creator_0109,Cooking,7,2024-03-10,2062,412400,0.005,10,0,0,2.0,0.286,2720,0.0,2,False,95,False,False
vid_02364,TikTok,creator_0309,Beauty,28,2024-08-26,849,40047,0.0212,17,1,0,2.5,0.089,3994,0.0004,0,False,80,True,False
vid_02365,Snapchat,creator_1195,DIY,18,2025-01-04,619,31262,0.0198,1,2,1,3.9,0.217,2679,0.0001,4,False,159,True,False
vid_02366,TikTok,creator_1151,Comedy,34,2024-04-28,7185,317920,0.0226,93,5,2,2.9,0.085,3483,0.0003,2,False,54,True,False
vid_02367,Snapchat,creator_0840,Comedy,37,2025-03-12,219,5177,0.0423,3,3,1,17.8,0.481,0,0.0014,0,False,72,True,False
vid_02368,Facebook Reels,creator_0511,Education,34,2025-05-30,895,113291,0.0079,14,1,1,12.3,0.362,0,0.0001,2,False,114,False,False
vid_02369,TikTok,creator_0081,Comedy,24,2024-10-22,1043,18266,0.0571,7,1,1,7.5,0.312,3699,0.0005,2,False,46,True,False
vid_02370,YouTube Shorts,creator_0743,DIY,21,2025-03-30,156,6367,0.0245,2,1,0,2.7,0.129,0,0.0005,1,False,76,True,False
vid_02371,TikTok,creator_1008,News,24,2024-09-24,910,23214,0.0392,4,2,0,12.2,0.508,3586,0.0003,2,False,131,False,False
vid_02372,Snapchat,creator_0142,Comedy,12,2024-04-14,230,7876,0.0292,0,0,0,10.2,0.85,2728,0.0,2,False,32,True,False
vid_02373,Snapchat,creator_0228,Beauty,27,2025-05-07,372,65263,0.0057,2,3,0,13.0,0.481,0,0.0001,1,False,87,True,False
vid_02374,Snapchat,creator_0171,Cooking,26,2025-04-13,24580,1807352,0.0136,560,9,3,7.8,0.3,57386,0.0003,3,False,55,True,False
vid_02375,Instagram,creator_0856,Comedy,19,2024-10-10,3329,282118,0.0118,40,3,0,9.8,0.516,5175,0.0002,2,False,5,True,False
vid_02376,TikTok,creator_1066,Entertainment,20,2025-01-15,2208,54518,0.0405,4,0,0,18.6,0.93,5428,0.0001,1,False,8,True,False
vid_02377,Instagram,creator_0628,Fitness,35,2024-12-14,216,11933,0.0181,0,1,0,2.2,0.063,1405,0.0001,2,False,8,True,False
vid_02378,TikTok,creator_0939,Education,23,2024-09-15,128,1641,0.078,2,0,0,1.0,0.043,1132,0.0012,3,False,18,True,False
vid_02379,Facebook Reels,creator_0022,News,23,2024-01-15,152,12258,0.0124,1,0,2,5.5,0.239,1210,0.0002,2,False,148,True,False
vid_02380,Instagram,creator_0796,Entertainment,30,2025-06-24,455,15319,0.0297,5,4,0,7.9,0.263,391,0.0006,1,False,44,True,False
vid_02381,TikTok,creator_1050,Gaming,28,2024-11-12,26926,735683,0.0366,466,13,2,5.6,0.2,30659,0.0007,2,False,109,True,False
vid_02382,TikTok,creator_0536,Music,16,2024-05-29,8660,274050,0.0316,40,3,3,3.3,0.206,9727,0.0002,3,False,87,True,False
vid_02383,Snapchat,creator_0174,Cooking,5,2025-01-30,3622,223580,0.0162,22,2,0,1.1,0.22,0,0.0001,2,False,5,True,False
vid_02384,TikTok,creator_0220,Beauty,19,2024-02-27,3144,195279,0.0161,83,2,0,5.7,0.3,4214,0.0004,3,False,5,True,False
vid_02385,Instagram,creator_0486,Education,19,2024-02-28,238,4958,0.048,0,1,0,6.3,0.332,0,0.0002,3,True,35,True,False
vid_02386,YouTube Shorts,creator_0145,Comedy,7,2025-03-28,691,17855,0.0387,1,0,1,1.8,0.257,278,0.0001,2,False,5,False,False
vid_02387,Instagram,creator_0678,Education,30,2025-04-20,189,8289,0.0228,4,0,0,14.7,0.49,4287,0.0005,2,False,103,True,False
vid_02388,TikTok,creator_0167,Comedy,26,2024-03-12,861,49199,0.0175,22,0,0,11.1,0.427,0,0.0004,1,False,75,True,False
vid_02389,TikTok,creator_0478,Beauty,19,2024-02-08,433,29862,0.0145,4,2,2,2.9,0.153,2151,0.0003,3,False,59,True,False
vid_02390,Instagram,creator_0395,DIY,30,2024-06-02,12444,1681621,0.0074,73,7,2,6.4,0.213,10611,0.0,1,False,131,True,False
vid_02391,YouTube Shorts,creator_0961,Fitness,21,2025-07-22,3243,491363,0.0066,12,4,1,10.4,0.495,7231,0.0,4,False,69,False,False
vid_02392,TikTok,creator_0379,Music,25,2024-01-05,48921,2860877,0.0171,247,23,5,14.6,0.584,47768,0.0001,2,True,108,False,False
vid_02393,TikTok,creator_1111,News,41,2024-05-27,6008,130893,0.0459,26,2,1,10.4,0.254,10509,0.0002,1,False,51,True,False
vid_02394,TikTok,creator_0384,Cooking,21,2024-06-25,11135,341564,0.0326,8,2,1,4.5,0.214,22203,0.0,5,False,68,True,False
vid_02395,Instagram,creator_0845,Music,24,2025-05-12,885,26339,0.0336,20,3,0,7.0,0.292,2386,0.0009,0,False,98,True,False
vid_02396,YouTube Shorts,creator_0494,Music,27,2024-01-06,1158,156486,0.0074,23,4,1,16.6,0.615,4444,0.0002,3,False,41,False,False
vid_02397,TikTok,creator_0331,Education,28,2024-02-17,781,18120,0.0431,11,1,0,15.0,0.536,2061,0.0007,0,True,36,True,False
vid_02398,YouTube Shorts,creator_0881,Education,47,2025-06-07,202,21041,0.0096,1,3,2,15.3,0.326,1551,0.0003,3,False,70,True,False
vid_02399,TikTok,creator_0181,Cooking,41,2025-04-01,665,23920,0.0278,10,1,2,32.4,0.79,226,0.0005,0,False,82,False,False
vid_02400,Instagram,creator_0135,News,22,2024-07-22,461,23762,0.0194,6,1,0,8.3,0.377,4159,0.0003,4,False,92,True,False
vid_02401,TikTok,creator_0984,Cooking,31,2025-01-23,835,103086,0.0081,2,1,0,26.7,0.861,1074,0.0,2,False,151,True,False
vid_02402,Instagram,creator_0390,Beauty,24,2025-04-01,805,18130,0.0444,4,1,0,12.0,0.5,0,0.0003,3,False,38,True,False
vid_02403,TikTok,creator_0946,Cooking,5,2024-11-09,315,21724,0.0145,1,3,2,2.5,0.5,0,0.0003,2,False,54,False,False
vid_02404,Instagram,creator_0291,Gaming,14,2024-11-21,514,33594,0.0153,8,1,2,8.1,0.579,0,0.0003,1,False,81,False,False
vid_02405,YouTube Shorts,creator_0782,Comedy,33,2024-11-06,6020,708235,0.0085,81,2,1,1.2,0.036,16290,0.0001,2,False,5,True,False
vid_02406,YouTube Shorts,creator_0354,Comedy,24,2025-04-05,497,28399,0.0175,3,4,0,6.5,0.271,3810,0.0002,3,False,38,True,False
vid_02407,TikTok,creator_0968,Comedy,34,2024-07-29,2388,82344,0.029,9,2,1,4.4,0.129,3970,0.0001,2,False,85,True,False
vid_02408,TikTok,creator_0622,Music,21,2024-08-03,911,17253,0.0528,7,0,0,12.2,0.581,4610,0.0004,2,False,42,True,False
vid_02409,YouTube Shorts,creator_0887,Gaming,32,2024-05-04,561,14724,0.0381,1,1,0,1.8,0.056,3387,0.0001,4,False,51,True,False
vid_02410,TikTok,creator_0218,Education,30,2024-09-08,7659,313893,0.0244,49,1,0,10.2,0.34,10316,0.0002,1,False,43,True,False
vid_02411,TikTok,creator_1063,DIY,30,2024-06-17,5015,716428,0.007,54,5,1,23.4,0.78,5126,0.0001,1,False,48,True,False
vid_02412,TikTok,creator_0325,Cooking,22,2025-05-04,172,13129,0.0131,1,1,1,13.7,0.623,1291,0.0002,5,False,117,True,False
vid_02413,Instagram,creator_0266,Music,26,2024-08-06,395,17173,0.023,4,1,0,4.8,0.185,2904,0.0003,0,False,91,True,False
vid_02414,Instagram,creator_0263,Cooking,44,2025-03-15,47399,4787777,0.0099,169,21,12,2.5,0.057,52766,0.0,2,False,56,True,False
vid_02415,TikTok,creator_0855,Beauty,29,2024-06-11,288,18113,0.0159,0,1,0,6.6,0.228,1207,0.0001,2,False,105,True,False
vid_02416,Snapchat,creator_0641,DIY,26,2024-08-05,239,47800,0.005,4,1,2,12.9,0.496,0,0.0001,4,False,91,True,False
vid_02417,TikTok,creator_0399,Comedy,33,2024-09-06,3492,634909,0.0055,6,1,1,13.0,0.394,6490,0.0,2,False,60,True,False
vid_02418,Snapchat,creator_0486,Beauty,32,2025-01-14,5611,317005,0.0177,10,3,1,1.2,0.038,15339,0.0,3,False,137,False,False
vid_02419,TikTok,creator_0196,Gaming,31,2025-08-05,5439,647500,0.0084,133,1,2,11.2,0.361,5679,0.0002,1,False,45,True,False
vid_02420,Instagram,creator_0948,News,8,2025-07-19,636,127200,0.005,1,2,2,1.0,0.125,0,0.0,3,False,113,True,False
vid_02421,YouTube Shorts,creator_0566,Comedy,28,2024-10-09,62,2313,0.0268,0,0,1,8.8,0.314,1291,0.0004,2,False,41,True,False
vid_02422,TikTok,creator_0007,Cooking,20,2024-10-03,10004,649610,0.0154,124,6,4,2.4,0.12,19219,0.0002,2,False,13,True,False
vid_02423,TikTok,creator_0559,Cooking,16,2025-01-11,5424,368979,0.0147,8,10,1,9.7,0.606,16513,0.0001,1,False,70,True,False
vid_02424,Instagram,creator_0386,News,35,2025-04-14,10881,837000,0.013,60,5,3,13.4,0.383,15406,0.0001,5,False,80,True,False
vid_02425,YouTube Shorts,creator_0400,Music,14,2025-01-26,4734,93188,0.0508,101,1,0,2.4,0.171,5760,0.0011,0,False,81,False,False
vid_02426,TikTok,creator_0023,Fitness,14,2024-07-21,380,5697,0.0667,2,1,0,1.6,0.114,2316,0.0005,2,False,66,True,False
vid_02427,TikTok,creator_0864,Education,29,2024-10-13,832,54379,0.0153,1,1,0,15.4,0.531,417,0.0,3,False,134,False,False
vid_02428,TikTok,creator_0783,Music,39,2024-05-01,3977,98197,0.0405,45,2,0,22.6,0.579,9159,0.0005,1,False,59,True,False
vid_02429,TikTok,creator_0561,DIY,33,2024-08-02,349,13219,0.0264,12,0,0,21.2,0.642,21,0.0009,1,False,23,True,False
vid_02430,TikTok,creator_0264,Cooking,19,2024-01-14,708,13882,0.051,6,0,1,5.1,0.268,2223,0.0005,2,False,47,False,False
vid_02431,Instagram,creator_0756,Comedy,36,2024-09-01,3934,97860,0.0402,75,2,0,5.5,0.153,3572,0.0008,3,False,36,True,False
vid_02432,TikTok,creator_0890,Cooking,44,2024-11-03,8,289,0.0276,0,1,0,29.7,0.675,0,0.0035,2,False,40,True,False
vid_02433,YouTube Shorts,creator_0580,Cooking,21,2025-03-15,1919,383800,0.005,11,0,1,2.8,0.133,8067,0.0,4,False,67,True,False
vid_02434,Instagram,creator_0271,DIY,16,2024-02-19,12084,263267,0.0459,72,8,5,2.0,0.125,35496,0.0003,1,False,5,True,False
vid_02435,TikTok,creator_0335,Beauty,42,2024-03-12,3526,156017,0.0226,49,3,2,6.2,0.148,10513,0.0003,2,False,35,False,False
vid_02436,TikTok,creator_0846,Cooking,34,2025-08-06,278,48771,0.0057,3,2,1,2.7,0.079,2495,0.0001,1,True,106,True,False
vid_02437,TikTok,creator_0853,Gaming,15,2025-06-23,2508,115045,0.0218,16,0,0,7.3,0.487,5011,0.0001,2,False,47,False,False
vid_02438,YouTube Shorts,creator_0919,Comedy,25,2024-03-30,30,423,0.0708,0,0,0,13.7,0.548,338,0.0,1,False,56,False,False
vid_02439,TikTok,creator_0116,Music,42,2024-01-19,106,10291,0.0103,1,0,0,15.0,0.357,2257,0.0001,0,True,91,False,False
vid_02440,TikTok,creator_0087,Entertainment,32,2024-06-19,5365,240582,0.0223,94,3,2,9.9,0.309,13964,0.0004,3,False,21,False,False
vid_02441,Facebook Reels,creator_0282,Music,28,2024-09-05,370,19680,0.0188,1,1,1,3.5,0.125,1841,0.0002,0,False,65,True,False
vid_02442,Instagram,creator_0040,Music,22,2024-08-12,2947,263125,0.0112,7,3,3,3.1,0.141,3434,0.0,1,False,63,True,False
vid_02443,Instagram,creator_1127,Education,14,2024-02-01,260,26530,0.0098,0,2,1,8.9,0.636,1562,0.0001,2,False,95,True,False
vid_02444,TikTok,creator_1007,Entertainment,33,2024-09-28,2090,104500,0.02,60,1,0,1.7,0.052,3043,0.0006,5,False,5,True,False
vid_02445,TikTok,creator_0337,Gaming,24,2024-06-14,17310,820379,0.0211,112,8,4,6.6,0.275,17379,0.0002,2,False,8,True,False
vid_02446,Instagram,creator_0577,Fitness,25,2025-03-08,18385,453950,0.0405,71,12,4,3.2,0.128,50850,0.0002,3,False,35,True,False
vid_02447,YouTube Shorts,creator_0525,Cooking,16,2024-06-01,2464,84673,0.0291,12,2,1,4.9,0.306,8872,0.0002,4,False,86,True,False
vid_02448,TikTok,creator_0585,DIY,22,2024-01-23,142,19722,0.0072,0,1,1,1.0,0.045,0,0.0001,4,False,5,False,False
vid_02449,Instagram,creator_0831,Beauty,14,2024-05-23,119,3216,0.037,0,1,0,3.4,0.243,1561,0.0003,1,True,59,True,False
vid_02450,TikTok,creator_0422,Beauty,17,2025-03-18,10484,422741,0.0248,57,2,1,4.0,0.235,19979,0.0001,3,False,77,True,False
vid_02451,Instagram,creator_0439,News,12,2024-08-23,173,4470,0.0387,2,2,0,1.6,0.133,3767,0.0009,0,False,5,True,False
vid_02452,Instagram,creator_1161,Fitness,16,2024-06-17,2698,166543,0.0162,69,1,0,1.8,0.112,8743,0.0004,5,False,89,True,False
vid_02453,TikTok,creator_0371,Cooking,45,2024-06-09,25,2380,0.0105,0,0,0,2.5,0.056,2149,0.0,0,False,146,True,False
vid_02454,YouTube Shorts,creator_0938,Gaming,31,2025-04-12,283,15722,0.018,1,2,1,17.5,0.565,0,0.0003,4,False,46,False,False
vid_02455,Instagram,creator_0585,Beauty,19,2024-03-01,1259,174861,0.0072,5,3,1,9.2,0.484,158,0.0001,2,False,106,False,False
vid_02456,YouTube Shorts,creator_0103,Entertainment,20,2024-08-01,427,85400,0.005,3,2,0,1.8,0.09,0,0.0001,1,False,15,True,False
vid_02457,TikTok,creator_1164,Comedy,18,2024-03-16,1037,28725,0.0361,13,1,1,6.2,0.344,4302,0.0005,0,True,12,True,False
vid_02458,TikTok,creator_0867,Cooking,29,2024-02-29,264,28695,0.0092,4,1,1,9.8,0.338,2430,0.0002,1,False,64,True,False
vid_02459,TikTok,creator_0072,Education,57,2024-08-22,14395,851775,0.0169,459,11,5,18.5,0.325,20939,0.0006,1,False,5,True,False
vid_02460,Snapchat,creator_0420,Education,7,2025-05-09,273,27300,0.01,1,1,0,2.0,0.286,2709,0.0001,1,False,51,True,False
vid_02461,TikTok,creator_0976,Comedy,38,2024-01-12,88,5605,0.0157,2,0,0,1.0,0.026,172,0.0004,3,True,90,True,False
vid_02462,Instagram,creator_1188,Music,35,2024-07-31,1224,147469,0.0083,5,0,1,9.2,0.263,0,0.0,2,False,73,True,False
vid_02463,Instagram,creator_0314,Beauty,30,2024-02-20,220,7096,0.031,3,1,2,8.7,0.29,2913,0.0008,6,False,5,True,False
vid_02464,TikTok,creator_0886,DIY,5,2024-11-16,37091,1539045,0.0241,1663,12,9,2.7,0.54,64141,0.0011,1,False,10,True,False
vid_02465,Snapchat,creator_0130,Fitness,38,2025-07-05,1095,36500,0.03,26,2,0,5.0,0.132,0,0.0008,2,False,31,True,False
vid_02466,YouTube Shorts,creator_0050,Fitness,19,2024-05-26,7971,283665,0.0281,14,2,3,6.5,0.342,17867,0.0001,3,False,63,True,False
vid_02467,TikTok,creator_0091,News,20,2024-12-04,238,9189,0.0259,0,0,1,2.7,0.135,179,0.0001,1,False,126,True,False
vid_02468,YouTube Shorts,creator_0097,Fitness,25,2024-10-09,543,52718,0.0103,3,0,1,1.8,0.072,0,0.0001,2,True,130,True,False
vid_02469,YouTube Shorts,creator_1116,Comedy,27,2024-10-16,1189,41000,0.029,3,0,0,5.5,0.204,95,0.0001,0,False,67,True,False
vid_02470,Instagram,creator_0299,Cooking,11,2025-07-25,2345,90891,0.0258,5,0,0,7.7,0.7,3771,0.0001,1,False,93,True,False
vid_02471,Instagram,creator_0763,DIY,22,2024-09-26,370,12585,0.0294,0,0,0,3.8,0.173,1840,0.0,4,False,44,True,False
vid_02472,Instagram,creator_1013,Music,17,2024-11-12,4453,186317,0.0239,94,3,2,2.3,0.135,8809,0.0005,2,False,81,True,False
vid_02473,Instagram,creator_0282,Cooking,46,2024-10-05,2432,84738,0.0287,26,5,0,9.2,0.2,0,0.0004,1,False,5,True,False
vid_02474,Instagram,creator_0337,Entertainment,30,2024-09-23,1170,28057,0.0417,36,3,0,18.4,0.613,1327,0.0014,1,False,72,False,False
vid_02475,Instagram,creator_0700,Music,33,2025-05-06,2655,121232,0.0219,38,1,2,10.8,0.327,4692,0.0003,0,False,58,True,False
vid_02476,YouTube Shorts,creator_0286,Beauty,28,2025-06-22,357,27251,0.0131,5,1,0,5.1,0.182,1692,0.0002,2,False,97,False,False
vid_02477,Snapchat,creator_1027,Music,37,2024-02-02,435,11788,0.0369,4,2,0,12.6,0.341,0,0.0005,2,False,50,True,False
vid_02478,TikTok,creator_1128,Comedy,29,2025-07-28,452,90400,0.005,5,1,0,12.0,0.414,2929,0.0001,2,False,17,True,False
vid_02479,TikTok,creator_0240,Cooking,21,2025-07-22,453,8060,0.0562,1,0,1,2.2,0.105,758,0.0002,1,False,59,True,False
vid_02480,Snapchat,creator_1072,Gaming,20,2024-06-19,829,54183,0.0153,13,1,0,4.4,0.22,5611,0.0003,3,False,26,True,False
vid_02481,Instagram,creator_0218,Beauty,28,2025-05-12,2760,117446,0.0235,29,0,0,13.1,0.468,6382,0.0002,1,False,95,True,False
vid_02482,Instagram,creator_0386,Entertainment,15,2025-01-26,484,39032,0.0124,5,2,0,14.9,0.993,3798,0.0002,0,False,14,True,False
vid_02483,Snapchat,creator_0628,Beauty,15,2024-11-11,954,20297,0.047,21,0,1,5.9,0.393,2723,0.0011,2,False,60,True,False
vid_02484,Instagram,creator_0392,Entertainment,38,2024-01-13,1380,104545,0.0132,35,1,0,16.1,0.424,3998,0.0003,1,True,77,True,False
vid_02485,TikTok,creator_0147,Education,24,2024-07-15,1402,280400,0.005,24,4,0,8.0,0.333,0,0.0001,1,False,18,True,False
vid_02486,Snapchat,creator_0826,Entertainment,34,2025-06-26,2619,136406,0.0192,49,0,0,4.4,0.129,5582,0.0004,5,False,90,True,False
vid_02487,TikTok,creator_0623,Gaming,22,2025-04-25,4029,149776,0.0269,45,2,0,4.1,0.186,9859,0.0003,2,False,148,True,False
vid_02488,Instagram,creator_0086,DIY,23,2024-01-25,3021,58208,0.0519,3,2,3,7.7,0.335,6751,0.0001,4,False,52,True,False
vid_02489,TikTok,creator_0970,Gaming,26,2025-08-07,6392,307307,0.0208,35,0,2,1.8,0.069,5916,0.0001,2,False,68,True,False
vid_02490,Instagram,creator_0719,DIY,25,2024-01-22,269,38428,0.007,2,1,0,2.5,0.1,0,0.0001,4,False,61,False,False
vid_02491,YouTube Shorts,creator_0178,DIY,28,2024-07-14,629,125800,0.005,5,2,1,8.4,0.3,1474,0.0001,2,False,5,True,False
vid_02492,YouTube Shorts,creator_0193,DIY,33,2024-10-22,503,33311,0.0151,2,1,0,1.4,0.042,0,0.0001,0,False,89,True,False
vid_02493,Facebook Reels,creator_0071,Cooking,14,2024-08-28,2556,245769,0.0104,4,1,1,6.9,0.493,2758,0.0,2,False,27,True,False
vid_02494,Instagram,creator_0841,Education,17,2024-01-08,586,15502,0.0378,7,0,0,11.5,0.676,0,0.0005,3,False,5,True,False
vid_02495,Instagram,creator_0058,Music,19,2024-12-11,3506,285040,0.0123,13,2,3,8.6,0.453,6410,0.0001,0,True,70,True,False
vid_02496,TikTok,creator_1158,Gaming,33,2025-02-20,521,7464,0.0698,4,0,0,7.4,0.224,827,0.0005,1,False,5,True,False
vid_02497,Instagram,creator_1059,DIY,30,2024-05-15,22,1309,0.0168,0,1,0,12.0,0.4,0,0.0008,2,False,35,True,False
vid_02498,TikTok,creator_0595,News,25,2024-09-14,6444,185172,0.0348,94,6,1,7.3,0.292,5404,0.0005,1,False,55,True,False
vid_02499,Facebook Reels,creator_0158,Beauty,5,2025-01-09,3697,429883,0.0086,53,2,1,1.0,0.2,7139,0.0001,1,False,147,True,False
vid_02500,YouTube Shorts,creator_0362,Gaming,5,2024-02-04,408,10124,0.0403,1,1,2,2.7,0.54,3149,0.0004,1,False,56,True,False
vid_02501,YouTube Shorts,creator_1196,DIY,28,2024-06-26,4055,811000,0.005,8,1,0,1.8,0.064,4134,0.0,1,False,41,False,False
vid_02502,Snapchat,creator_0238,Education,5,2024-05-07,3695,213583,0.0173,43,3,1,2.2,0.44,8373,0.0002,3,False,16,True,False
vid_02503,Snapchat,creator_1153,Entertainment,37,2024-12-06,831,31596,0.0263,2,0,1,16.5,0.446,2187,0.0001,3,False,63,False,False
vid_02504,TikTok,creator_1076,Cooking,23,2025-05-08,3626,142755,0.0254,24,3,0,4.9,0.213,6851,0.0002,3,False,33,True,False
vid_02505,TikTok,creator_0894,Music,32,2025-06-29,1902,234814,0.0081,9,1,0,1.0,0.031,6549,0.0,5,False,28,True,False
vid_02506,TikTok,creator_0733,DIY,20,2024-11-07,350,56451,0.0062,6,0,1,15.4,0.77,3792,0.0001,1,False,76,True,False
vid_02507,Snapchat,creator_0282,Education,20,2024-01-19,153,5817,0.0263,1,1,0,14.1,0.705,0,0.0003,1,False,72,True,False
vid_02508,Instagram,creator_0914,Music,13,2024-10-16,1359,43280,0.0314,12,1,1,1.4,0.108,2044,0.0003,1,False,78,True,False
vid_02509,Facebook Reels,creator_0380,News,12,2024-11-16,18314,1695740,0.0108,108,10,1,1.0,0.083,47797,0.0001,5,True,83,True,False
vid_02510,TikTok,creator_0616,Comedy,13,2025-08-02,60,2400,0.025,0,1,1,7.8,0.6,466,0.0008,1,False,94,True,False
vid_02511,TikTok,creator_0025,Education,26,2025-02-11,213,4531,0.047,0,0,1,6.5,0.25,1459,0.0002,1,False,47,True,False
vid_02512,TikTok,creator_0281,Cooking,33,2024-07-08,46394,2454708,0.0189,337,12,8,13.7,0.415,78552,0.0001,2,False,10,False,False
vid_02513,TikTok,creator_0973,DIY,22,2025-01-06,12657,252634,0.0501,101,10,1,15.9,0.723,8514,0.0004,1,False,97,True,False
vid_02514,Instagram,creator_1109,Education,26,2024-04-23,1077,42908,0.0251,16,4,0,20.4,0.785,5012,0.0005,1,False,91,False,False
vid_02515,TikTok,creator_0140,DIY,26,2025-02-02,6322,127717,0.0495,131,2,0,9.3,0.358,11013,0.001,4,False,85,True,False
vid_02516,TikTok,creator_0847,Cooking,31,2024-06-24,3582,402471,0.0089,66,0,0,11.6,0.374,4407,0.0002,2,False,87,True,False
vid_02517,YouTube Shorts,creator_0088,Cooking,22,2024-11-02,5248,570434,0.0092,2,0,2,5.7,0.259,1859,0.0,4,True,67,True,False
vid_02518,Snapchat,creator_0801,DIY,15,2025-04-16,43,1845,0.0233,0,1,0,4.4,0.293,0,0.0005,2,False,60,True,False
vid_02519,Snapchat,creator_0982,News,9,2025-01-30,350,28225,0.0124,4,1,0,2.6,0.289,1370,0.0002,1,False,66,True,False
vid_02520,YouTube Shorts,creator_0323,Beauty,20,2025-04-10,547,39637,0.0138,4,1,1,9.3,0.465,2270,0.0002,1,False,35,True,False
vid_02521,TikTok,creator_0064,Gaming,20,2024-02-21,2735,128403,0.0213,22,2,1,6.9,0.345,3275,0.0002,4,False,44,True,False
vid_02522,YouTube Shorts,creator_0082,Cooking,19,2024-08-03,529,7733,0.0684,1,1,2,6.1,0.321,2723,0.0005,3,False,39,True,False
vid_02523,YouTube Shorts,creator_0700,Fitness,26,2025-02-19,1774,34921,0.0508,15,1,0,1.6,0.062,1385,0.0005,0,False,76,False,False
vid_02524,YouTube Shorts,creator_0963,Music,24,2025-01-13,2323,464600,0.005,12,5,1,10.4,0.433,6640,0.0,0,False,94,False,False
vid_02525,Instagram,creator_1148,News,20,2025-04-10,4924,373030,0.0132,56,2,0,1.0,0.05,10838,0.0002,2,False,36,True,False
vid_02526,Instagram,creator_0187,DIY,21,2024-09-22,11472,412661,0.0278,287,3,6,1.0,0.048,10535,0.0007,3,False,35,True,False
vid_02527,TikTok,creator_0550,Fitness,26,2024-08-12,250,27777,0.009,0,1,0,8.1,0.312,520,0.0,1,False,24,True,False
vid_02528,Snapchat,creator_0664,Beauty,5,2025-03-15,523,13835,0.0378,8,1,2,1.0,0.2,0,0.0008,2,False,118,False,False
vid_02529,TikTok,creator_0687,Music,29,2025-06-09,5601,233375,0.024,77,6,0,4.1,0.141,12212,0.0004,3,False,54,True,False
vid_02530,TikTok,creator_0386,News,31,2024-04-18,520,17508,0.0297,0,1,0,10.1,0.326,1602,0.0001,1,False,57,True,False
vid_02531,TikTok,creator_0741,Music,13,2025-03-05,537,107400,0.005,2,0,0,1.5,0.115,57,0.0,2,False,99,False,False
vid_02532,Instagram,creator_0356,Education,24,2025-07-16,1710,166019,0.0103,7,1,0,12.3,0.513,2319,0.0,1,False,49,True,False
vid_02533,TikTok,creator_0691,Comedy,32,2025-05-17,3871,246560,0.0157,3,2,2,20.6,0.644,10887,0.0,2,False,25,True,False
vid_02534,TikTok,creator_0555,News,12,2024-12-22,843,24364,0.0346,2,2,1,4.9,0.408,2934,0.0002,4,False,5,True,False
vid_02535,Instagram,creator_0518,Education,42,2024-10-19,3600,155844,0.0231,15,2,1,13.1,0.312,6262,0.0001,4,False,15,False,False
vid_02536,TikTok,creator_0387,Fitness,30,2025-01-19,198,3361,0.0589,1,0,0,3.6,0.12,938,0.0003,2,False,69,False,False
vid_02537,Instagram,creator_0568,Music,54,2025-03-16,578,55047,0.0105,4,1,1,20.4,0.378,1997,0.0001,1,False,68,True,False
vid_02538,Facebook Reels,creator_1003,News,29,2024-03-24,342,40235,0.0085,5,1,2,4.8,0.166,1956,0.0002,2,False,49,True,False
vid_02539,TikTok,creator_0371,Education,18,2024-10-07,112,3323,0.0337,0,3,0,3.7,0.206,542,0.0009,3,False,67,False,False
vid_02540,TikTok,creator_0144,Fitness,57,2024-03-24,5454,103491,0.0527,47,5,1,10.2,0.179,1933,0.0005,2,False,69,True,False
vid_02541,YouTube Shorts,creator_0867,Beauty,25,2024-02-01,8596,324377,0.0265,216,5,1,4.6,0.184,22987,0.0007,2,False,5,True,False
vid_02542,TikTok,creator_0692,News,24,2025-07-12,298,17325,0.0172,2,0,0,5.8,0.242,3689,0.0001,2,False,79,True,False
vid_02543,TikTok,creator_1169,Fitness,21,2025-03-05,2338,63532,0.0368,15,0,1,8.8,0.419,4237,0.0003,6,False,134,True,False
vid_02544,TikTok,creator_1197,Cooking,28,2024-06-19,883,126142,0.007,9,0,1,19.9,0.711,3085,0.0001,2,False,110,False,False
vid_02545,TikTok,creator_1110,News,36,2024-01-14,2326,71349,0.0326,2,1,1,25.3,0.703,1720,0.0001,1,False,6,True,False
vid_02546,YouTube Shorts,creator_0553,DIY,16,2024-04-06,143,5652,0.0253,5,0,0,3.1,0.194,0,0.0009,2,True,50,False,False
vid_02547,TikTok,creator_0942,News,23,2024-05-08,8528,294068,0.029,414,2,1,1.7,0.074,6946,0.0014,7,False,118,False,False
vid_02548,TikTok,creator_0007,Beauty,14,2025-06-05,17870,1223972,0.0146,19,7,6,2.3,0.164,29551,0.0,2,False,80,True,False
vid_02549,Instagram,creator_0792,DIY,29,2024-06-14,1183,112666,0.0105,5,0,0,5.1,0.176,2410,0.0,4,False,5,False,False
vid_02550,TikTok,creator_0910,DIY,18,2024-04-26,1193,64139,0.0186,7,0,1,6.9,0.383,2995,0.0001,2,False,33,True,False
vid_02551,Instagram,creator_0779,Entertainment,26,2025-02-24,1414,25070,0.0564,5,1,1,15.1,0.581,0,0.0003,0,False,147,True,False
vid_02552,Instagram,creator_0895,Music,19,2024-09-22,24045,1350842,0.0178,83,18,3,8.4,0.442,60190,0.0001,2,False,84,True,False
vid_02553,Instagram,creator_0906,News,40,2024-06-08,241,3801,0.0634,2,1,0,4.2,0.105,75,0.0008,5,False,91,True,False
vid_02554,Instagram,creator_0774,Comedy,20,2024-11-09,333,7115,0.0468,1,1,1,4.3,0.215,0,0.0004,5,False,38,True,False
vid_02555,TikTok,creator_0510,Fitness,30,2024-06-28,3217,510634,0.0063,58,1,0,11.1,0.37,5276,0.0001,1,False,74,False,False
vid_02556,Facebook Reels,creator_1154,Beauty,15,2025-05-16,7072,202636,0.0349,78,1,1,5.3,0.353,9403,0.0004,1,False,49,True,False
vid_02557,YouTube Shorts,creator_0797,News,25,2024-09-25,149,6995,0.0213,3,2,1,2.8,0.112,2638,0.0009,1,False,81,True,False
vid_02558,TikTok,creator_0913,Gaming,26,2024-03-10,28,3888,0.0072,0,0,0,3.1,0.119,0,0.0,3,False,132,True,False
vid_02559,TikTok,creator_0533,DIY,32,2024-05-02,1538,54154,0.0284,0,2,1,10.9,0.341,4617,0.0001,4,False,89,False,False
vid_02560,Instagram,creator_1088,Beauty,39,2024-01-29,191,6945,0.0275,1,2,1,14.6,0.374,0,0.0006,1,False,24,True,False
vid_02561,YouTube Shorts,creator_0185,Comedy,29,2024-03-12,5900,101549,0.0581,7,1,2,3.8,0.131,3595,0.0001,5,False,129,True,False
vid_02562,TikTok,creator_1076,Fitness,25,2024-12-17,207,6786,0.0305,1,2,0,13.7,0.548,0,0.0004,0,False,6,True,False
vid_02563,TikTok,creator_0381,Beauty,10,2024-11-14,9653,377070,0.0256,93,7,1,3.4,0.34,3286,0.0003,3,False,86,True,False
vid_02564,TikTok,creator_0189,News,12,2024-02-10,2568,288539,0.0089,11,0,0,2.4,0.2,6069,0.0,3,False,92,False,False
vid_02565,YouTube Shorts,creator_0361,Fitness,11,2025-03-01,1399,67259,0.0208,8,4,0,5.4,0.491,4907,0.0002,1,False,13,True,False
vid_02566,TikTok,creator_0036,Beauty,37,2025-04-13,5741,428432,0.0134,66,0,3,1.6,0.043,12164,0.0002,1,False,75,True,False
vid_02567,TikTok,creator_0367,Music,41,2024-04-06,1100,29333,0.0375,1,1,1,6.6,0.161,2117,0.0001,1,False,50,True,False
vid_02568,TikTok,creator_0367,Comedy,20,2025-02-18,15736,548292,0.0287,119,2,2,4.1,0.205,24805,0.0002,1,False,13,True,False
vid_02569,TikTok,creator_0352,Fitness,25,2025-02-02,2735,130238,0.021,14,1,2,13.1,0.524,4401,0.0001,0,False,5,True,False
vid_02570,Snapchat,creator_0807,Comedy,32,2024-05-09,2438,97131,0.0251,10,0,0,8.0,0.25,4775,0.0001,3,True,71,True,False
vid_02571,TikTok,creator_0753,News,34,2024-08-04,1312,71304,0.0184,17,0,0,17.9,0.526,1169,0.0002,2,False,80,True,False
vid_02572,YouTube Shorts,creator_0509,Comedy,18,2025-05-12,36,837,0.043,0,1,0,4.7,0.261,0,0.0012,2,False,86,True,False
vid_02573,Facebook Reels,creator_0279,Entertainment,35,2024-08-11,633,27051,0.0234,4,1,0,7.6,0.217,4076,0.0002,2,False,58,False,False
vid_02574,Instagram,creator_0809,Music,11,2025-02-24,1773,354600,0.005,36,0,1,3.4,0.309,3363,0.0001,0,False,108,False,False
vid_02575,Instagram,creator_1065,Cooking,41,2025-04-15,318,6898,0.0461,5,1,0,11.7,0.285,0,0.0009,2,False,44,False,False
vid_02576,TikTok,creator_0515,Music,27,2024-11-12,1694,34153,0.0496,11,2,0,2.4,0.089,1439,0.0004,1,False,94,False,False
vid_02577,TikTok,creator_0075,Beauty,30,2024-02-27,6528,116363,0.0561,16,7,3,8.8,0.293,19437,0.0002,0,False,99,True,False
vid_02578,TikTok,creator_0845,Gaming,26,2024-10-19,111,16323,0.0068,1,0,0,11.2,0.431,666,0.0001,2,False,5,True,False
vid_02579,Instagram,creator_0033,Beauty,31,2024-12-04,890,25070,0.0355,16,1,1,5.7,0.184,604,0.0007,0,False,43,True,False
vid_02580,TikTok,creator_0287,Fitness,21,2024-11-03,727,16263,0.0447,2,0,2,16.1,0.767,0,0.0002,1,False,93,True,False
vid_02581,TikTok,creator_0900,Fitness,23,2025-01-13,10213,339302,0.0301,41,13,3,1.9,0.083,20807,0.0002,0,False,69,True,False
vid_02582,TikTok,creator_0420,DIY,25,2024-04-11,885,26339,0.0336,20,1,1,3.3,0.132,3280,0.0008,3,False,98,True,False
vid_02583,Snapchat,creator_0208,Fitness,16,2024-10-17,4878,151021,0.0323,24,1,0,14.1,0.881,3090,0.0002,1,True,70,True,False
vid_02584,TikTok,creator_0888,Education,35,2025-04-09,8780,221717,0.0396,66,8,2,7.1,0.203,5252,0.0003,3,False,92,False,False
vid_02585,Instagram,creator_0083,DIY,32,2024-02-22,909,85754,0.0106,2,2,1,10.5,0.328,2543,0.0001,1,False,5,True,False
vid_02586,Snapchat,creator_0340,Entertainment,31,2024-03-19,1556,311200,0.005,6,0,1,13.1,0.423,544,0.0,1,False,37,True,False
vid_02587,TikTok,creator_0051,Music,24,2024-06-18,357,37578,0.0095,2,1,0,2.0,0.083,1708,0.0001,4,False,125,True,False
vid_02588,TikTok,creator_0685,News,37,2024-12-23,2021,404200,0.005,14,2,0,13.3,0.359,4518,0.0,2,False,54,True,False
vid_02589,TikTok,creator_1059,News,33,2024-04-05,1012,66578,0.0152,5,1,1,25.0,0.758,1393,0.0001,2,False,31,True,False
vid_02590,TikTok,creator_1053,Entertainment,15,2025-06-01,6353,114882,0.0553,62,3,1,10.2,0.68,19170,0.0006,2,False,67,True,False
vid_02591,Instagram,creator_0138,Comedy,34,2024-10-20,55,4135,0.0133,0,2,1,14.0,0.412,90,0.0007,2,False,27,True,False
vid_02592,YouTube Shorts,creator_0548,Comedy,31,2024-04-20,3581,114044,0.0314,12,1,0,23.0,0.742,1016,0.0001,1,False,52,True,False
vid_02593,Instagram,creator_0565,Gaming,47,2024-06-20,2902,148820,0.0195,4,3,1,18.9,0.402,4047,0.0001,2,True,38,True,False
vid_02594,Facebook Reels,creator_0399,Gaming,45,2025-03-18,2295,342537,0.0067,15,0,2,26.0,0.578,2982,0.0,0,False,47,False,False
vid_02595,Snapchat,creator_0875,Music,25,2025-03-17,5407,761549,0.0071,50,2,2,14.4,0.576,6059,0.0001,2,False,5,False,False
vid_02596,TikTok,creator_0136,Comedy,32,2024-01-30,153,25932,0.0059,2,0,2,20.8,0.65,0,0.0002,3,False,5,True,False
vid_02597,TikTok,creator_0960,Comedy,35,2025-06-06,35696,1629954,0.0219,311,17,4,13.3,0.38,47121,0.0002,0,False,59,True,False
vid_02598,Instagram,creator_0702,News,35,2025-07-19,237,4989,0.0475,1,4,0,3.7,0.106,225,0.001,4,False,97,False,False
vid_02599,Facebook Reels,creator_0529,News,10,2025-03-09,213,11899,0.0179,1,1,1,2.4,0.24,0,0.0003,0,False,93,False,False
vid_02600,YouTube Shorts,creator_0669,Music,28,2024-04-30,3019,223629,0.0135,115,2,1,5.1,0.182,9227,0.0005,5,False,73,False,False
vid_02601,Instagram,creator_0572,News,13,2024-07-09,2758,94452,0.0292,59,1,0,3.6,0.277,9168,0.0006,1,False,5,True,False
vid_02602,Instagram,creator_0673,Music,9,2024-08-21,54,1714,0.0315,0,1,1,1.0,0.111,0,0.0012,1,False,41,True,False
vid_02603,TikTok,creator_0616,Fitness,30,2024-03-23,4000,71428,0.056,19,1,1,12.5,0.417,3618,0.0003,2,False,79,True,False
vid_02604,YouTube Shorts,creator_0449,Beauty,26,2024-12-26,300,16949,0.0177,3,3,0,7.5,0.288,1258,0.0004,3,False,59,False,False
vid_02605,Instagram,creator_1036,Cooking,34,2024-11-16,637,62450,0.0102,23,2,0,4.5,0.132,471,0.0004,7,False,33,True,False
vid_02606,TikTok,creator_0167,Beauty,19,2024-05-06,415,83000,0.005,1,2,0,3.3,0.174,0,0.0,4,False,8,False,False
vid_02607,Instagram,creator_0643,Entertainment,20,2024-12-04,1748,128529,0.0136,22,1,0,9.1,0.455,1285,0.0002,0,False,61,True,False
vid_02608,TikTok,creator_0063,Cooking,21,2024-10-14,1890,41266,0.0458,22,2,0,6.8,0.324,5265,0.0006,1,True,123,True,False
vid_02609,YouTube Shorts,creator_1008,Gaming,32,2025-04-02,821,68991,0.0119,5,1,1,2.7,0.084,1490,0.0001,3,False,10,True,False
vid_02610,TikTok,creator_0499,News,33,2024-05-08,211,8210,0.0257,1,0,0,22.3,0.676,3045,0.0001,1,False,79,True,False
vid_02611,Instagram,creator_0170,Education,22,2024-03-04,2198,140897,0.0156,10,1,0,4.7,0.214,1091,0.0001,3,True,28,True,False
vid_02612,TikTok,creator_0878,DIY,14,2024-03-12,166,9651,0.0172,2,0,0,3.8,0.271,0,0.0002,4,False,133,False,False
vid_02613,Instagram,creator_0312,Entertainment,24,2024-01-02,326,8295,0.0393,1,0,0,3.7,0.154,0,0.0001,0,False,5,True,False
vid_02614,TikTok,creator_0752,Cooking,31,2025-06-01,2793,138955,0.0201,18,2,1,16.6,0.535,1779,0.0002,0,False,14,True,False
vid_02615,Snapchat,creator_0677,Education,27,2024-01-31,31,2066,0.015,0,1,0,11.2,0.415,0,0.0005,1,False,11,True,False
vid_02616,TikTok,creator_0001,Beauty,28,2024-05-11,77,3092,0.0249,0,0,1,13.4,0.479,0,0.0003,2,False,58,False,False
vid_02617,Instagram,creator_0548,News,33,2024-08-14,4676,331631,0.0141,20,1,3,9.8,0.297,6496,0.0001,2,False,38,True,False
vid_02618,YouTube Shorts,creator_0583,Comedy,18,2024-02-20,897,59800,0.015,8,1,1,10.3,0.572,4724,0.0002,1,False,97,False,False
vid_02619,TikTok,creator_1055,Education,23,2025-01-20,35934,3782526,0.0095,313,15,7,5.1,0.222,33699,0.0001,3,False,97,True,False
vid_02620,TikTok,creator_0694,Comedy,39,2025-06-23,847,111447,0.0076,7,1,3,15.8,0.405,2107,0.0001,1,False,143,True,False
vid_02621,Facebook Reels,creator_0628,Fitness,21,2025-05-22,2600,490566,0.0053,27,2,0,11.2,0.533,6390,0.0001,1,False,52,True,False
vid_02622,YouTube Shorts,creator_0482,Fitness,39,2025-06-01,121,6368,0.019,0,2,1,27.2,0.697,0,0.0005,2,False,76,True,False
vid_02623,TikTok,creator_0318,Entertainment,30,2024-03-02,1379,53449,0.0258,8,2,0,13.5,0.45,4226,0.0002,2,True,136,False,False
vid_02624,TikTok,creator_0920,Comedy,25,2024-04-25,39,911,0.0428,0,3,0,4.1,0.164,494,0.0033,1,False,97,True,False
vid_02625,TikTok,creator_0656,News,31,2024-07-04,4473,247127,0.0181,56,5,1,18.0,0.581,1935,0.0003,0,False,93,True,False
vid_02626,TikTok,creator_1131,News,27,2024-08-22,530,54081,0.0098,2,0,1,3.4,0.126,0,0.0001,2,False,5,True,False
vid_02627,Instagram,creator_0070,Cooking,33,2024-05-01,1277,16123,0.0792,17,1,1,14.7,0.445,0,0.0012,1,False,10,True,False
vid_02628,TikTok,creator_0517,Gaming,21,2024-05-24,1562,67619,0.0231,20,0,2,5.5,0.262,2582,0.0003,1,False,5,True,False
vid_02629,Facebook Reels,creator_0663,DIY,21,2024-04-13,18150,1067647,0.017,320,6,4,10.8,0.514,38411,0.0003,1,False,72,True,False
vid_02630,YouTube Shorts,creator_0645,News,13,2025-06-27,4024,100600,0.04,87,3,0,2.2,0.169,9766,0.0009,3,False,85,False,False
vid_02631,TikTok,creator_0514,Gaming,40,2024-03-13,10611,211374,0.0502,103,7,5,18.4,0.46,14960,0.0005,0,False,49,False,False
vid_02632,TikTok,creator_0288,Beauty,11,2025-02-02,654,25250,0.0259,4,1,0,1.8,0.164,3027,0.0002,0,False,25,False,False
vid_02633,Snapchat,creator_0370,Gaming,19,2024-01-30,1312,31767,0.0413,8,1,1,9.3,0.489,3893,0.0003,1,False,71,True,False
vid_02634,YouTube Shorts,creator_0764,Cooking,26,2024-01-03,852,30537,0.0279,2,1,1,8.4,0.323,1614,0.0001,1,True,158,True,False
vid_02635,Facebook Reels,creator_0414,Beauty,30,2024-04-24,455,91000,0.005,7,2,2,4.1,0.137,0,0.0001,4,False,104,True,False
vid_02636,YouTube Shorts,creator_1035,Fitness,22,2025-02-16,1024,98461,0.0104,19,0,0,6.1,0.277,2663,0.0002,3,False,59,True,False
vid_02637,Instagram,creator_0403,Gaming,12,2025-07-21,130,6220,0.0209,1,0,0,7.4,0.617,0,0.0002,4,False,131,True,False
vid_02638,YouTube Shorts,creator_1121,Fitness,18,2025-02-22,639,22342,0.0286,2,2,1,3.0,0.167,0,0.0002,1,False,126,True,False
vid_02639,TikTok,creator_0037,Gaming,33,2025-04-02,1992,126878,0.0157,4,1,0,12.3,0.373,4421,0.0,2,False,87,False,False
vid_02640,Instagram,creator_0855,DIY,19,2025-04-17,613,20501,0.0299,9,0,0,4.9,0.258,87,0.0004,2,False,69,False,False
vid_02641,YouTube Shorts,creator_0457,DIY,36,2024-07-24,526,33935,0.0155,11,1,1,4.0,0.111,839,0.0004,1,False,78,True,False
vid_02642,TikTok,creator_0470,News,20,2024-07-16,408,11147,0.0366,1,1,0,14.8,0.74,838,0.0002,3,False,16,True,False
vid_02643,TikTok,creator_0455,DIY,5,2024-07-04,269,13450,0.02,2,2,0,1.8,0.36,0,0.0003,1,False,84,True,False
vid_02644,Facebook Reels,creator_0561,Music,34,2025-02-28,512,51717,0.0099,9,0,0,15.4,0.453,5732,0.0002,0,False,44,True,False
vid_02645,YouTube Shorts,creator_0628,News,13,2025-05-30,285,25221,0.0113,1,1,2,1.0,0.077,2917,0.0002,0,True,99,False,False
vid_02646,TikTok,creator_1132,Fitness,18,2024-03-31,1282,194242,0.0066,5,0,3,6.9,0.383,5098,0.0,2,False,63,False,False
vid_02647,TikTok,creator_0673,Comedy,18,2025-02-27,110,5641,0.0195,1,0,0,10.3,0.572,0,0.0002,2,False,39,True,False
vid_02648,TikTok,creator_0674,Beauty,15,2025-01-07,3137,531694,0.0059,66,3,1,6.7,0.447,5480,0.0001,2,True,22,True,False
vid_02649,YouTube Shorts,creator_0529,Comedy,18,2025-05-25,126,2571,0.049,0,1,0,12.4,0.689,0,0.0004,4,False,52,True,False
vid_02650,TikTok,creator_0874,Beauty,36,2025-07-20,5689,304224,0.0187,30,5,1,23.0,0.639,3764,0.0001,1,False,131,True,False
vid_02651,Snapchat,creator_0634,Music,11,2025-06-21,527,32530,0.0162,1,0,0,2.8,0.255,1029,0.0,1,False,111,True,False
vid_02652,Facebook Reels,creator_0249,Entertainment,34,2024-07-05,2394,93515,0.0256,33,1,1,4.2,0.124,8919,0.0004,2,True,40,True,False
vid_02653,YouTube Shorts,creator_0554,Comedy,15,2024-03-29,27742,315250,0.088,1075,16,6,6.9,0.46,49813,0.0035,2,False,40,True,False
vid_02654,Instagram,creator_1095,DIY,28,2025-01-31,3885,167456,0.0232,25,4,0,2.1,0.075,4007,0.0002,2,False,5,True,False
vid_02655,TikTok,creator_0171,Cooking,25,2024-03-12,5726,332906,0.0172,76,5,5,2.7,0.108,6975,0.0003,2,False,67,True,False
vid_02656,TikTok,creator_0513,Entertainment,37,2025-04-26,312,51147,0.0061,4,0,0,14.7,0.397,510,0.0001,3,False,84,False,False
vid_02657,TikTok,creator_0130,Comedy,18,2024-04-23,3010,115325,0.0261,30,3,1,10.5,0.583,8541,0.0003,2,False,77,True,False
vid_02658,Instagram,creator_0398,DIY,31,2025-05-05,1128,76734,0.0147,20,1,0,23.7,0.765,2014,0.0003,1,False,90,True,False
vid_02659,TikTok,creator_0886,Education,20,2025-02-02,3659,83538,0.0438,6,3,1,1.6,0.08,6210,0.0001,2,False,24,True,False
vid_02660,TikTok,creator_0991,News,22,2025-08-03,1089,51126,0.0213,8,1,1,7.1,0.323,790,0.0002,1,False,26,False,False
vid_02661,YouTube Shorts,creator_1013,Music,22,2024-12-21,435,17540,0.0248,17,0,0,18.2,0.827,618,0.001,5,False,53,True,False
vid_02662,TikTok,creator_0086,Entertainment,39,2024-12-17,662,17940,0.0369,0,0,0,10.5,0.269,1933,0.0,2,False,71,True,False
vid_02663,TikTok,creator_0763,Cooking,26,2024-11-18,3659,133054,0.0275,31,3,0,3.2,0.123,1536,0.0003,1,False,95,True,False
vid_02664,TikTok,creator_0950,Education,17,2024-04-14,9474,563928,0.0168,126,4,2,4.6,0.271,14652,0.0002,1,False,58,True,False
vid_02665,Instagram,creator_0239,News,33,2024-04-15,440,8800,0.05,2,1,1,13.5,0.409,1019,0.0005,1,False,23,True,False
vid_02666,Instagram,creator_0698,Education,25,2025-04-30,957,115301,0.0083,3,1,0,15.2,0.608,85,0.0,2,False,8,False,False
vid_02667,Instagram,creator_0504,Fitness,26,2025-02-21,17794,320612,0.0555,245,10,1,17.1,0.658,28388,0.0008,2,False,91,True,False
vid_02668,YouTube Shorts,creator_0113,Fitness,5,2025-05-31,1778,49943,0.0356,34,2,1,1.0,0.2,5563,0.0007,3,False,5,True,False
vid_02669,TikTok,creator_0778,Comedy,36,2024-08-06,2276,77679,0.0293,32,2,0,4.7,0.131,4263,0.0004,1,False,5,True,False
vid_02670,TikTok,creator_1088,Cooking,5,2024-02-28,1847,275671,0.0067,3,0,0,1.2,0.24,3307,0.0,1,False,47,True,False
vid_02671,TikTok,creator_0054,Fitness,25,2024-09-11,6888,1208421,0.0057,68,5,2,8.9,0.356,10222,0.0001,3,False,63,True,False
vid_02672,TikTok,creator_1076,News,28,2025-04-10,904,30540,0.0296,0,0,0,22.4,0.8,782,0.0,3,False,84,True,False
vid_02673,TikTok,creator_0542,Cooking,21,2024-09-04,7542,216103,0.0349,118,5,0,4.7,0.224,16826,0.0006,1,False,55,True,False
vid_02674,TikTok,creator_0162,Beauty,27,2024-02-08,18,1682,0.0107,0,2,1,14.9,0.552,0,0.0018,3,False,68,False,False
vid_02675,Instagram,creator_1109,Education,29,2025-07-07,609,43500,0.014,6,0,1,5.3,0.183,2971,0.0002,1,False,85,True,False
vid_02676,Instagram,creator_0609,Music,25,2025-05-26,634,16640,0.0381,18,0,0,7.8,0.312,1612,0.0011,0,False,56,False,False
vid_02677,YouTube Shorts,creator_0084,Fitness,23,2024-11-22,95,2278,0.0417,1,0,2,2.8,0.122,0,0.0013,2,True,6,True,False
vid_02678,YouTube Shorts,creator_0281,Education,19,2024-03-14,76873,15374600,0.005,246,43,19,3.1,0.163,170020,0.0,0,False,28,True,False
vid_02679,TikTok,creator_0977,Entertainment,27,2024-12-30,350,11006,0.0318,4,2,0,17.0,0.63,3946,0.0005,1,False,34,True,False
vid_02680,TikTok,creator_0326,News,23,2025-03-11,10,336,0.0297,0,3,1,2.4,0.104,0,0.0119,2,False,87,True,False
vid_02681,TikTok,creator_0380,News,29,2025-06-28,760,13194,0.0576,11,3,0,6.1,0.21,1162,0.0011,2,False,5,True,False
vid_02682,TikTok,creator_0448,Comedy,26,2024-05-11,2296,141728,0.0162,17,0,0,10.8,0.415,5684,0.0001,0,False,47,False,False
vid_02683,Instagram,creator_0489,Gaming,18,2024-01-05,2342,173481,0.0135,14,4,0,3.3,0.183,7693,0.0001,0,False,37,False,False
vid_02684,Instagram,creator_0385,DIY,34,2025-03-01,246,13666,0.018,5,0,1,7.3,0.215,0,0.0004,2,False,48,True,False
vid_02685,Instagram,creator_0796,Beauty,38,2025-02-13,8115,1127083,0.0072,81,3,0,22.4,0.589,16911,0.0001,1,False,101,True,False
vid_02686,Facebook Reels,creator_0843,News,22,2024-08-11,57,1570,0.0363,0,3,0,1.3,0.059,0,0.0019,2,False,100,True,False
vid_02687,Snapchat,creator_0861,Fitness,21,2025-05-18,257,29204,0.0088,3,1,0,11.3,0.538,0,0.0001,0,False,16,True,False
vid_02688,TikTok,creator_0392,Fitness,36,2025-06-20,471,45288,0.0104,2,0,0,20.7,0.575,0,0.0,1,False,5,True,False
vid_02689,Instagram,creator_0246,Beauty,19,2024-04-12,5354,1070800,0.005,55,2,1,11.6,0.611,7287,0.0001,1,False,80,True,False
vid_02690,TikTok,creator_0096,Education,19,2025-06-15,905,47382,0.0191,16,1,0,6.7,0.353,1915,0.0004,3,False,60,False,False
vid_02691,TikTok,creator_0231,News,31,2024-01-03,412,15968,0.0258,3,2,0,4.3,0.139,0,0.0003,2,False,105,True,False
vid_02692,YouTube Shorts,creator_0029,Gaming,12,2024-03-24,300,8695,0.0345,0,2,2,2.8,0.233,2080,0.0005,2,False,42,True,False
vid_02693,TikTok,creator_0253,Cooking,11,2024-09-09,416,36814,0.0113,1,2,0,5.4,0.491,1145,0.0001,2,False,106,True,False
vid_02694,Instagram,creator_0564,DIY,34,2025-05-30,1381,39457,0.035,5,0,0,5.9,0.174,264,0.0001,2,False,62,True,False
vid_02695,TikTok,creator_0724,Beauty,17,2025-06-01,57,7702,0.0074,0,2,0,3.3,0.194,0,0.0003,3,False,37,True,False
vid_02696,Instagram,creator_0561,Gaming,26,2024-02-08,24156,2982222,0.0081,15,15,5,5.8,0.223,41255,0.0,1,False,25,True,False
vid_02697,TikTok,creator_0123,DIY,5,2025-02-11,1379,68606,0.0201,17,1,1,1.0,0.2,5550,0.0003,4,False,25,True,False
vid_02698,Snapchat,creator_0289,Fitness,34,2024-08-04,2006,358214,0.0056,27,0,2,19.0,0.559,1843,0.0001,0,False,139,True,False
vid_02699,Instagram,creator_1085,Education,28,2025-03-31,887,75169,0.0118,2,0,0,21.8,0.779,0,0.0,1,False,42,True,False
vid_02700,TikTok,creator_0412,Fitness,37,2025-01-05,53,8833,0.006,0,1,0,14.4,0.389,0,0.0001,1,False,97,True,False
vid_02701,Instagram,creator_0898,Comedy,24,2024-01-14,5567,305879,0.0182,76,5,0,9.8,0.408,9386,0.0003,2,False,63,True,False
vid_02702,TikTok,creator_1130,Music,40,2025-05-13,25839,1625094,0.0159,110,13,7,4.8,0.12,35211,0.0001,1,False,14,True,False
vid_02703,YouTube Shorts,creator_1070,Fitness,31,2025-06-19,256,24380,0.0105,0,0,1,20.4,0.658,3518,0.0,0,True,103,False,False
vid_02704,Instagram,creator_0636,Gaming,30,2024-01-16,155,20129,0.0077,0,0,0,21.3,0.71,601,0.0,3,True,72,False,False
vid_02705,TikTok,creator_0580,Fitness,23,2024-07-08,196,8235,0.0238,7,1,1,9.9,0.43,0,0.0011,2,False,47,True,False
vid_02706,Instagram,creator_1177,Music,29,2024-05-22,1084,36745,0.0295,6,2,0,21.0,0.724,1806,0.0002,3,False,70,False,False
vid_02707,TikTok,creator_0041,Cooking,31,2025-06-19,5196,429421,0.0121,133,2,1,10.9,0.352,13399,0.0003,1,False,107,True,False
vid_02708,TikTok,creator_0986,Beauty,33,2024-05-25,225,5447,0.0413,3,0,0,4.6,0.139,0,0.0006,2,True,5,True,False
vid_02709,YouTube Shorts,creator_0515,Fitness,24,2025-03-31,1943,52798,0.0368,8,0,0,12.5,0.521,1678,0.0002,2,False,122,True,False
vid_02710,YouTube Shorts,creator_1158,News,12,2024-10-04,13472,2010746,0.0067,81,7,1,4.2,0.35,27426,0.0,2,True,110,True,False
vid_02711,TikTok,creator_0502,Cooking,30,2024-02-05,1745,25699,0.0679,1,0,0,16.6,0.553,2316,0.0,1,False,5,True,False
vid_02712,YouTube Shorts,creator_1091,Cooking,24,2025-01-18,1499,118031,0.0127,36,1,0,21.7,0.904,2515,0.0003,2,False,10,False,False
vid_02713,TikTok,creator_0157,Education,33,2025-03-14,1391,103805,0.0134,1,2,3,6.0,0.182,1135,0.0001,2,False,80,True,False
vid_02714,YouTube Shorts,creator_0420,DIY,38,2024-11-16,68,5440,0.0125,0,0,0,17.0,0.447,0,0.0,2,False,109,True,False
vid_02715,TikTok,creator_1124,DIY,31,2025-07-12,2205,441000,0.005,35,2,1,1.0,0.032,7440,0.0001,4,False,56,True,False
vid_02716,TikTok,creator_0199,Entertainment,12,2024-07-18,8415,203260,0.0414,13,2,3,4.4,0.367,23258,0.0001,2,True,46,True,False
vid_02717,TikTok,creator_0575,News,29,2024-12-15,319,47611,0.0067,1,1,0,2.8,0.097,0,0.0,2,False,36,True,False
vid_02718,Snapchat,creator_0244,Education,28,2024-07-13,2556,109230,0.0234,11,1,1,7.6,0.271,3861,0.0001,6,False,68,True,False
vid_02719,Instagram,creator_0494,Entertainment,20,2025-01-04,5117,292400,0.0175,90,1,0,1.7,0.085,710,0.0003,1,False,97,True,False
vid_02720,Instagram,creator_0014,DIY,7,2024-06-17,1533,61075,0.0251,4,1,1,2.5,0.357,626,0.0001,2,False,18,False,False
vid_02721,TikTok,creator_1032,News,19,2024-06-27,4920,131550,0.0374,20,1,2,3.4,0.179,3766,0.0002,3,False,40,True,False
vid_02722,TikTok,creator_0715,Cooking,18,2024-12-17,336,19310,0.0174,4,1,1,3.5,0.194,0,0.0003,3,False,5,True,False
vid_02723,YouTube Shorts,creator_1171,Entertainment,26,2025-06-02,396,36666,0.0108,0,1,0,6.2,0.238,45,0.0,3,False,60,True,False
vid_02724,TikTok,creator_0093,Comedy,20,2024-06-01,2721,266764,0.0102,13,2,0,10.2,0.51,3267,0.0001,0,False,59,True,False
vid_02725,TikTok,creator_0126,DIY,19,2024-06-24,188,8068,0.0233,0,1,2,4.9,0.258,0,0.0004,2,False,91,True,False
vid_02726,YouTube Shorts,creator_0419,Cooking,33,2025-05-02,1340,35078,0.0382,4,1,1,2.5,0.076,854,0.0002,1,False,80,True,False
vid_02727,YouTube Shorts,creator_0885,Comedy,5,2025-06-18,1522,124754,0.0122,8,3,1,1.0,0.2,3704,0.0001,1,True,63,False,False
vid_02728,Instagram,creator_0016,Comedy,11,2024-10-17,228,6477,0.0352,1,1,0,3.6,0.327,4995,0.0003,1,True,84,True,False
vid_02729,YouTube Shorts,creator_0861,Education,22,2024-03-06,316,8186,0.0386,3,2,0,7.7,0.35,3847,0.0006,1,False,57,True,False
vid_02730,TikTok,creator_0223,Gaming,11,2024-06-27,7126,236744,0.0301,25,5,1,1.8,0.164,13806,0.0001,5,False,109,True,False
vid_02731,YouTube Shorts,creator_1137,Music,28,2025-04-04,2196,138987,0.0158,67,1,0,12.6,0.45,5073,0.0005,0,False,54,False,False
vid_02732,Facebook Reels,creator_0928,Comedy,20,2025-04-06,384,6796,0.0565,5,1,0,3.9,0.195,2665,0.0009,2,False,16,True,False
vid_02733,Facebook Reels,creator_0871,Comedy,6,2025-04-19,30984,2671034,0.0116,399,11,1,2.7,0.45,46286,0.0002,5,False,46,True,False
vid_02734,TikTok,creator_0439,Entertainment,30,2024-06-01,30983,1352969,0.0229,52,15,3,20.4,0.68,60494,0.0001,1,False,107,True,False
vid_02735,Instagram,creator_0187,News,30,2024-03-30,276,15593,0.0177,3,0,0,10.2,0.34,8,0.0002,0,False,149,True,False
vid_02736,TikTok,creator_1093,Education,24,2025-03-11,3899,590757,0.0066,35,1,0,21.0,0.875,2685,0.0001,0,False,79,False,False
vid_02737,Instagram,creator_0277,Entertainment,22,2025-02-06,952,40000,0.0238,32,0,0,7.9,0.359,0,0.0008,1,False,71,False,False
vid_02738,YouTube Shorts,creator_0493,Entertainment,7,2025-01-29,304,18313,0.0166,1,0,1,1.9,0.271,0,0.0001,3,False,58,True,False
vid_02739,TikTok,creator_1104,Music,25,2024-03-05,1665,67682,0.0246,12,1,0,9.3,0.372,0,0.0002,1,False,111,True,False
vid_02740,TikTok,creator_0681,Music,40,2024-04-15,4026,327317,0.0123,65,1,1,32.6,0.815,8947,0.0002,1,False,13,True,False
vid_02741,Instagram,creator_0421,Comedy,37,2024-06-20,468,15394,0.0304,8,0,0,8.9,0.241,1806,0.0005,1,False,90,True,False
vid_02742,TikTok,creator_0906,Education,30,2024-11-23,11758,1022434,0.0115,22,2,3,6.7,0.223,25280,0.0,1,False,41,True,False
vid_02743,YouTube Shorts,creator_0660,DIY,33,2024-05-07,7353,123165,0.0597,87,3,0,7.3,0.221,17617,0.0007,3,False,62,False,False
vid_02744,TikTok,creator_0068,Entertainment,15,2024-01-22,3078,165483,0.0186,18,1,0,3.1,0.207,4567,0.0001,5,False,54,True,False
vid_02745,YouTube Shorts,creator_0063,Education,21,2024-09-07,275,21825,0.0126,4,2,0,3.2,0.152,2392,0.0003,3,False,5,True,False
vid_02746,Instagram,creator_0167,Education,25,2025-06-18,1660,66666,0.0249,32,2,0,2.5,0.1,3612,0.0005,2,False,23,False,False
vid_02747,TikTok,creator_1104,Cooking,59,2024-02-14,1620,55290,0.0293,16,1,1,44.6,0.756,150,0.0003,2,False,98,True,False
vid_02748,Instagram,creator_0307,Cooking,25,2024-08-30,10165,236395,0.043,118,3,2,20.6,0.824,30511,0.0005,5,False,21,True,False
vid_02749,Snapchat,creator_0594,Fitness,21,2024-07-21,2253,150200,0.015,48,1,0,2.9,0.138,834,0.0003,0,False,13,True,False
vid_02750,TikTok,creator_1181,Music,29,2025-01-05,565,81884,0.0069,21,1,0,18.9,0.652,1905,0.0003,1,False,37,True,False
vid_02751,YouTube Shorts,creator_0309,Comedy,23,2024-08-12,9195,574687,0.016,46,6,3,5.8,0.252,25145,0.0001,1,False,53,False,False
vid_02752,TikTok,creator_0961,Entertainment,33,2025-01-28,7112,935789,0.0076,20,1,1,12.3,0.373,11241,0.0,7,False,96,True,False
vid_02753,Instagram,creator_0006,Fitness,31,2024-07-09,12152,562592,0.0216,65,5,4,11.9,0.384,20609,0.0001,3,False,101,True,False
vid_02754,TikTok,creator_1057,Fitness,16,2025-02-15,14291,426597,0.0335,24,10,3,5.1,0.319,20586,0.0001,3,False,47,True,False
vid_02755,TikTok,creator_0846,Comedy,18,2024-07-28,1423,209264,0.0068,34,1,1,6.5,0.361,3775,0.0002,2,False,25,False,False
vid_02756,TikTok,creator_0101,Cooking,28,2024-08-28,5311,293425,0.0181,7,3,1,11.8,0.421,5867,0.0,5,False,117,False,False
vid_02757,TikTok,creator_0086,Music,25,2025-07-08,36666,999073,0.0367,778,11,4,3.1,0.124,103730,0.0008,1,True,76,True,False
vid_02758,TikTok,creator_0493,Gaming,26,2025-04-12,1696,38026,0.0446,5,3,1,6.3,0.242,0,0.0002,1,False,32,True,False
vid_02759,Instagram,creator_0035,News,34,2025-05-09,553,23632,0.0234,4,1,1,5.0,0.147,3034,0.0003,1,False,63,False,False
vid_02760,Instagram,creator_0258,Education,35,2024-02-17,2756,94383,0.0292,43,1,0,14.4,0.411,4345,0.0005,1,False,120,True,False
vid_02761,TikTok,creator_0803,Fitness,22,2025-02-14,5535,282397,0.0196,118,3,0,9.3,0.423,13686,0.0004,0,False,5,True,False
vid_02762,Instagram,creator_0011,Fitness,25,2025-04-30,314,9235,0.034,0,0,1,8.4,0.336,0,0.0001,1,False,81,False,False
vid_02763,Instagram,creator_1122,DIY,20,2025-01-22,613,24039,0.0255,15,0,0,2.5,0.125,0,0.0006,2,False,61,True,False
vid_02764,TikTok,creator_0385,Music,44,2025-05-18,21176,2861621,0.0074,157,18,5,5.9,0.134,13200,0.0001,4,True,82,True,False
vid_02765,TikTok,creator_0135,Comedy,15,2025-06-25,25156,2442330,0.0103,561,14,6,7.9,0.527,37152,0.0002,1,False,103,True,False
vid_02766,YouTube Shorts,creator_1069,News,22,2025-05-16,362,38105,0.0095,1,3,2,7.4,0.336,2384,0.0002,1,False,137,True,False
vid_02767,TikTok,creator_0325,Entertainment,26,2024-07-07,1643,136916,0.012,23,0,0,18.8,0.723,4459,0.0002,4,False,28,True,False
vid_02768,TikTok,creator_1083,Gaming,29,2024-06-15,135,5625,0.024,0,2,1,5.5,0.19,2500,0.0005,4,True,88,False,False
vid_02769,TikTok,creator_0947,Entertainment,19,2024-10-30,12772,2554400,0.005,256,3,2,9.7,0.511,26216,0.0001,2,False,84,False,False
vid_02770,TikTok,creator_0727,Cooking,20,2024-08-13,199,4950,0.0402,1,3,3,11.5,0.575,3811,0.0014,4,False,84,True,False
vid_02771,TikTok,creator_0470,Cooking,19,2024-09-21,7239,851647,0.0085,87,4,1,14.6,0.768,16441,0.0001,4,False,106,True,False
vid_02772,TikTok,creator_0048,Education,22,2024-12-30,1079,163484,0.0066,28,0,0,2.3,0.105,1214,0.0002,3,False,93,True,False
vid_02773,TikTok,creator_0596,Music,5,2025-03-23,3390,65697,0.0516,51,0,0,1.0,0.2,13167,0.0008,1,False,86,True,False
vid_02774,Snapchat,creator_0047,Beauty,40,2025-07-21,923,184600,0.005,4,0,0,23.8,0.595,1702,0.0,5,True,65,True,False
vid_02775,Instagram,creator_1063,Comedy,34,2024-08-01,18869,820391,0.023,151,6,4,18.5,0.544,25959,0.0002,3,False,36,False,False
vid_02776,Instagram,creator_0127,Cooking,32,2024-01-30,2541,76077,0.0334,55,2,0,13.2,0.412,3034,0.0007,0,False,73,True,False
vid_02777,Facebook Reels,creator_0597,Beauty,28,2024-06-07,851,170200,0.005,20,0,0,1.2,0.043,0,0.0001,1,False,86,True,False
vid_02778,YouTube Shorts,creator_0728,Beauty,5,2025-02-12,2058,73238,0.0281,19,0,1,1.0,0.2,3376,0.0003,2,False,67,True,False
vid_02779,YouTube Shorts,creator_0809,Beauty,20,2024-04-19,331,13293,0.0249,5,0,0,7.6,0.38,4276,0.0004,2,False,5,True,False
vid_02780,YouTube Shorts,creator_0932,Music,14,2024-12-28,7537,1507400,0.005,125,5,0,8.1,0.579,11456,0.0001,0,False,61,False,False
vid_02781,Instagram,creator_0407,Beauty,10,2025-04-05,2626,139680,0.0188,22,0,1,6.3,0.63,4787,0.0002,1,True,70,True,False
vid_02782,Instagram,creator_0276,Gaming,45,2025-05-15,372,22822,0.0163,4,1,0,35.0,0.778,0,0.0002,1,False,29,True,False
vid_02783,Snapchat,creator_0072,Education,24,2024-03-06,164,14642,0.0112,0,1,0,15.9,0.662,2281,0.0001,5,False,85,True,False
vid_02784,Instagram,creator_0671,Gaming,38,2024-03-15,1190,21636,0.055,8,1,1,19.7,0.518,4224,0.0005,2,False,107,True,False
vid_02785,TikTok,creator_1132,Music,16,2024-01-07,133,3401,0.0391,0,3,1,1.4,0.088,784,0.0012,1,True,40,True,False
vid_02786,YouTube Shorts,creator_0061,News,22,2024-03-23,1151,53287,0.0216,5,4,3,11.1,0.505,0,0.0002,4,False,94,True,False
vid_02787,Instagram,creator_1073,Entertainment,16,2024-07-08,533,10638,0.0501,8,0,0,1.8,0.112,0,0.0008,2,False,5,True,False
vid_02788,Instagram,creator_1019,Fitness,19,2025-07-20,142,4139,0.0343,0,0,0,1.0,0.053,2544,0.0,2,False,38,False,False
vid_02789,TikTok,creator_0851,Entertainment,41,2025-04-27,1542,90705,0.017,6,2,0,18.3,0.446,9006,0.0001,0,False,57,True,False
vid_02790,Instagram,creator_0709,Comedy,45,2024-02-15,2539,77645,0.0327,29,2,0,5.5,0.122,3172,0.0004,2,True,30,True,False
vid_02791,YouTube Shorts,creator_1078,News,35,2024-08-10,334,4854,0.0688,0,0,0,3.4,0.097,0,0.0,4,True,82,True,False
vid_02792,TikTok,creator_1086,DIY,12,2024-09-23,6749,377039,0.0179,129,0,2,4.4,0.367,15788,0.0003,3,False,39,True,False
vid_02793,YouTube Shorts,creator_0835,Beauty,24,2024-05-12,4717,272658,0.0173,6,4,1,9.8,0.408,8028,0.0,1,False,80,True,False
vid_02794,TikTok,creator_1036,Comedy,27,2024-02-27,945,33629,0.0281,9,1,2,7.6,0.281,556,0.0004,2,False,72,True,False
vid_02795,TikTok,creator_0158,Education,13,2024-07-17,145,13302,0.0109,1,2,0,5.9,0.454,0,0.0002,1,False,80,True,False
vid_02796,YouTube Shorts,creator_0603,Comedy,13,2025-02-07,280,56000,0.005,3,1,0,5.0,0.385,0,0.0001,2,False,47,False,False
vid_02797,TikTok,creator_0752,Entertainment,19,2024-09-19,4271,86108,0.0496,33,1,0,7.1,0.374,7903,0.0004,2,False,101,False,False
vid_02798,TikTok,creator_0095,Music,13,2025-06-22,924,27500,0.0336,7,0,1,3.8,0.292,1128,0.0003,4,True,51,True,False
vid_02799,TikTok,creator_0037,Entertainment,16,2024-05-29,3437,252720,0.0136,41,0,0,7.7,0.481,0,0.0002,0,False,42,True,False
vid_02800,Snapchat,creator_0740,Gaming,33,2024-11-05,171,25909,0.0066,2,1,1,9.0,0.273,0,0.0002,6,False,69,True,False
vid_02801,YouTube Shorts,creator_0056,Gaming,41,2024-04-29,4878,250153,0.0195,57,4,0,8.6,0.21,5147,0.0002,3,False,7,True,False
vid_02802,Snapchat,creator_0436,Education,31,2024-05-16,452,90400,0.005,5,0,0,3.9,0.126,0,0.0001,3,False,149,True,False
vid_02803,TikTok,creator_0107,Gaming,49,2025-01-30,364,72800,0.005,1,1,1,6.6,0.135,1572,0.0,0,False,70,True,False
vid_02804,TikTok,creator_0994,Gaming,28,2025-03-12,912,144761,0.0063,15,2,1,12.4,0.443,2448,0.0001,3,False,45,True,False
vid_02805,TikTok,creator_1075,Fitness,18,2024-08-13,2087,40761,0.0512,8,0,1,5.5,0.306,1772,0.0002,4,False,84,True,False
vid_02806,TikTok,creator_1136,Entertainment,20,2025-02-13,16367,554813,0.0295,39,9,5,3.6,0.18,25969,0.0001,3,False,49,False,False
vid_02807,TikTok,creator_0487,DIY,23,2025-06-02,6811,500808,0.0136,28,1,2,9.2,0.4,8297,0.0001,2,False,29,True,False
vid_02808,Instagram,creator_0835,Entertainment,22,2024-06-13,4364,131842,0.0331,6,2,2,3.8,0.173,2997,0.0001,3,False,59,True,False
vid_02809,YouTube Shorts,creator_0110,Education,36,2025-06-02,1176,82816,0.0142,12,0,1,1.0,0.028,0,0.0002,1,False,113,True,False
vid_02810,TikTok,creator_0098,Music,24,2024-10-13,3093,100422,0.0308,22,1,1,9.6,0.4,9847,0.0002,2,False,9,True,False
vid_02811,TikTok,creator_0593,Fitness,42,2025-03-21,93,2188,0.0425,0,0,0,16.0,0.381,0,0.0,2,False,90,True,False
vid_02812,Facebook Reels,creator_0523,News,17,2024-05-08,2367,55694,0.0425,20,1,1,6.5,0.382,4539,0.0004,0,False,76,True,False
vid_02813,Instagram,creator_0862,News,20,2025-03-20,2070,126219,0.0164,9,0,0,5.0,0.25,6951,0.0001,1,False,65,False,False
vid_02814,Instagram,creator_1132,News,31,2025-04-11,1884,40342,0.0467,8,0,1,8.5,0.274,880,0.0002,7,False,141,True,False
vid_02815,YouTube Shorts,creator_0935,Education,35,2025-02-09,803,61769,0.013,7,0,1,7.3,0.209,1613,0.0001,2,False,8,True,False
vid_02816,TikTok,creator_0787,News,30,2024-07-11,1025,113888,0.009,6,0,2,18.5,0.617,608,0.0001,3,False,5,True,False
vid_02817,TikTok,creator_1025,Fitness,40,2025-03-18,5148,443793,0.0116,24,0,1,14.8,0.37,1498,0.0001,1,False,5,False,False
vid_02818,TikTok,creator_0359,Beauty,35,2024-03-25,186,3345,0.0556,1,0,1,17.5,0.5,3556,0.0006,3,False,38,False,False
vid_02819,YouTube Shorts,creator_0603,Comedy,21,2024-11-29,4219,373362,0.0113,44,4,0,3.1,0.148,10019,0.0001,2,False,28,True,False
vid_02820,Snapchat,creator_0836,News,28,2025-06-27,20484,1384054,0.0148,183,13,2,3.1,0.111,53969,0.0001,5,True,68,True,False
vid_02821,TikTok,creator_0242,DIY,18,2024-11-20,6401,551810,0.0116,138,2,3,9.3,0.517,7182,0.0003,1,False,119,True,False
vid_02822,TikTok,creator_0443,Fitness,31,2025-03-12,5633,207095,0.0272,102,3,1,5.0,0.161,9951,0.0005,0,False,63,True,False
vid_02823,Instagram,creator_0452,Cooking,9,2025-06-04,926,34681,0.0267,1,1,0,3.5,0.389,2159,0.0001,1,False,66,False,False
vid_02824,Instagram,creator_1066,Comedy,24,2025-05-25,232,4649,0.0499,3,2,0,7.9,0.329,2659,0.0011,4,False,92,True,False
vid_02825,YouTube Shorts,creator_0584,Entertainment,15,2024-09-24,717,29506,0.0243,20,2,0,5.8,0.387,2365,0.0007,1,False,100,False,False
vid_02826,TikTok,creator_0292,News,26,2025-04-18,117,7748,0.0151,1,0,0,5.6,0.215,0,0.0001,1,False,56,True,False
vid_02827,YouTube Shorts,creator_0302,Gaming,49,2025-04-03,3356,138677,0.0242,24,4,0,7.9,0.161,3036,0.0002,1,False,68,True,False
vid_02828,TikTok,creator_0545,Education,6,2025-03-03,592,21605,0.0274,11,0,0,1.3,0.217,0,0.0005,3,False,47,True,False
vid_02829,TikTok,creator_0150,Beauty,13,2024-01-12,411,15000,0.0274,9,2,1,2.0,0.154,776,0.0008,2,False,121,False,False
vid_02830,TikTok,creator_0299,Beauty,9,2025-02-14,822,29252,0.0281,0,2,1,6.5,0.722,120,0.0001,0,False,128,True,False
vid_02831,Snapchat,creator_0247,Fitness,25,2024-05-29,5204,813125,0.0064,5,2,0,4.0,0.16,10165,0.0,0,False,81,True,False
vid_02832,TikTok,creator_0637,Music,39,2024-07-30,1646,89456,0.0184,11,2,1,12.0,0.308,3850,0.0002,2,False,81,True,False
vid_02833,TikTok,creator_0337,DIY,32,2025-08-07,3146,629200,0.005,64,0,0,5.1,0.159,4865,0.0001,2,False,75,True,False
vid_02834,YouTube Shorts,creator_0890,News,30,2024-10-30,1315,43256,0.0304,7,1,0,9.4,0.313,2474,0.0002,1,False,5,True,False
vid_02835,Facebook Reels,creator_0240,Gaming,40,2025-01-26,1613,60867,0.0265,8,1,0,22.0,0.55,1990,0.0001,0,False,61,True,False
vid_02836,TikTok,creator_0686,Entertainment,28,2024-02-07,263,8429,0.0312,2,2,1,11.0,0.393,620,0.0006,1,False,103,True,False
vid_02837,TikTok,creator_0572,Education,15,2024-08-15,976,96633,0.0101,25,0,0,4.2,0.28,0,0.0003,3,False,57,True,False
vid_02838,YouTube Shorts,creator_0112,DIY,12,2024-11-12,3514,516764,0.0068,37,1,2,6.3,0.525,11574,0.0001,4,False,69,False,False
vid_02839,Instagram,creator_1193,DIY,36,2025-05-13,102,4146,0.0246,0,0,0,2.9,0.081,2699,0.0,1,False,48,True,False
vid_02840,YouTube Shorts,creator_0452,Fitness,29,2024-07-28,41,1933,0.0212,1,2,0,7.6,0.262,0,0.0016,1,True,43,True,False
vid_02841,TikTok,creator_0577,Gaming,25,2024-05-06,127,4261,0.0298,0,1,2,10.8,0.432,1087,0.0007,4,True,16,False,False
vid_02842,Snapchat,creator_0826,Gaming,30,2025-06-05,827,38465,0.0215,9,1,0,14.3,0.477,2209,0.0003,5,False,88,True,False
vid_02843,TikTok,creator_0189,DIY,11,2025-07-17,3770,134642,0.028,36,1,1,1.4,0.127,11687,0.0003,2,False,90,True,False
vid_02844,TikTok,creator_0098,Comedy,20,2025-03-15,4631,127225,0.0364,24,5,3,4.2,0.21,6987,0.0003,4,False,89,True,False
vid_02845,YouTube Shorts,creator_0540,Entertainment,26,2024-11-04,321,18238,0.0176,0,2,0,1.0,0.038,0,0.0001,3,False,5,True,False
vid_02846,TikTok,creator_0400,Beauty,23,2024-06-06,401,11424,0.0351,4,2,0,2.7,0.117,0,0.0005,2,False,58,True,False
vid_02847,TikTok,creator_0644,Cooking,12,2025-07-09,232,10311,0.0225,1,2,0,1.0,0.083,1556,0.0003,0,False,80,True,False
vid_02848,Snapchat,creator_0822,Education,16,2024-12-28,178,11125,0.016,0,1,0,4.9,0.306,2837,0.0001,3,False,47,True,False
vid_02849,TikTok,creator_0337,Education,33,2024-03-02,28215,808452,0.0349,160,12,1,15.3,0.464,50238,0.0002,2,False,100,True,False
vid_02850,TikTok,creator_0865,Beauty,42,2025-02-02,405,45000,0.009,13,0,1,30.2,0.719,1367,0.0003,1,False,78,True,False
vid_02851,Instagram,creator_1119,News,15,2024-09-24,337,46805,0.0072,2,0,0,8.7,0.58,2637,0.0,2,False,66,True,False
vid_02852,TikTok,creator_1117,Fitness,47,2024-08-26,115,4063,0.0283,0,1,0,7.3,0.155,0,0.0002,0,False,57,True,False
vid_02853,Facebook Reels,creator_1186,Cooking,47,2024-02-07,342,68400,0.005,2,3,1,19.5,0.415,2033,0.0001,2,False,48,True,False
vid_02854,Instagram,creator_0194,Gaming,29,2024-08-01,523,24101,0.0217,4,0,0,9.4,0.324,2594,0.0002,1,False,45,True,False
vid_02855,Instagram,creator_0513,Education,5,2024-11-05,1101,68812,0.016,2,2,2,1.5,0.3,846,0.0001,4,False,52,True,False
vid_02856,TikTok,creator_0949,DIY,22,2025-06-02,19344,524227,0.0369,471,7,4,15.1,0.686,45283,0.0009,2,False,77,False,False
vid_02857,TikTok,creator_0331,Education,11,2025-01-16,906,111851,0.0081,2,4,0,1.9,0.173,527,0.0001,2,False,76,True,False
vid_02858,YouTube Shorts,creator_0210,Beauty,17,2024-07-21,1518,58160,0.0261,15,1,1,6.2,0.365,2355,0.0003,4,False,57,False,False
vid_02859,TikTok,creator_1119,Cooking,8,2025-07-24,6607,235964,0.028,31,3,3,2.9,0.362,4732,0.0002,3,False,28,False,False
vid_02860,Instagram,creator_0897,Beauty,29,2024-11-26,17047,1363760,0.0125,109,6,1,6.0,0.207,22175,0.0001,1,False,58,True,False
vid_02861,YouTube Shorts,creator_0498,Education,16,2025-02-04,615,51680,0.0119,2,1,1,1.0,0.062,3136,0.0001,2,False,25,True,False
vid_02862,TikTok,creator_0060,Cooking,22,2024-06-26,120,4210,0.0285,0,1,0,11.5,0.523,0,0.0002,1,False,61,True,False
vid_02863,YouTube Shorts,creator_1010,News,26,2025-02-27,262,52400,0.005,8,1,1,8.6,0.331,4329,0.0002,3,False,119,True,False
vid_02864,Instagram,creator_0244,DIY,17,2025-01-06,2129,101866,0.0209,7,0,0,4.3,0.253,4450,0.0001,2,False,5,True,False
vid_02865,Snapchat,creator_0484,Gaming,34,2025-02-06,2213,78475,0.0282,4,1,2,9.1,0.268,5198,0.0001,2,False,112,True,False
vid_02866,YouTube Shorts,creator_0748,Entertainment,23,2024-10-19,35,2651,0.0132,0,1,0,15.6,0.678,0,0.0004,6,False,40,True,False
vid_02867,YouTube Shorts,creator_0370,Beauty,25,2025-05-03,59,3450,0.0171,1,1,0,4.3,0.172,949,0.0006,3,False,58,True,False
vid_02868,TikTok,creator_0806,Cooking,56,2024-01-12,3416,161895,0.0211,139,2,0,13.7,0.245,9352,0.0009,3,False,112,True,False
vid_02869,TikTok,creator_0215,Fitness,40,2024-11-10,144,19726,0.0073,0,1,1,34.2,0.855,0,0.0001,0,False,31,True,False
vid_02870,Instagram,creator_0357,Education,12,2025-03-19,299,9583,0.0312,3,0,1,6.3,0.525,870,0.0004,1,False,32,True,False
vid_02871,Facebook Reels,creator_0081,Music,26,2025-04-03,2382,100506,0.0237,18,0,0,2.4,0.092,4708,0.0002,2,False,100,True,False
vid_02872,TikTok,creator_1110,Fitness,28,2025-02-28,6676,590796,0.0113,124,2,1,18.6,0.664,16431,0.0002,0,False,132,False,False
vid_02873,TikTok,creator_0078,Cooking,6,2024-01-27,10022,479521,0.0209,30,9,1,1.3,0.217,25218,0.0001,0,False,112,True,False
vid_02874,TikTok,creator_1111,Gaming,15,2025-07-12,98,4924,0.0199,2,1,0,3.2,0.213,0,0.0006,4,False,30,True,False
vid_02875,Instagram,creator_0598,Comedy,31,2024-08-19,1004,40647,0.0247,7,0,1,1.3,0.042,1993,0.0002,2,False,67,True,False
vid_02876,YouTube Shorts,creator_1049,Music,33,2025-05-03,390,7485,0.0521,6,0,0,13.8,0.418,1885,0.0008,0,True,21,True,False
vid_02877,TikTok,creator_1118,Music,35,2024-12-21,16561,1672828,0.0099,69,7,2,9.1,0.26,30704,0.0,6,False,32,True,False
vid_02878,TikTok,creator_0904,Education,26,2024-10-04,3058,72983,0.0419,32,0,0,4.4,0.169,7163,0.0004,2,False,56,True,False
vid_02879,Instagram,creator_0917,Gaming,22,2025-01-05,112,4848,0.0231,2,3,0,3.9,0.177,2725,0.001,0,False,197,True,False
vid_02880,Instagram,creator_0054,News,20,2024-12-17,5128,801250,0.0064,52,2,1,4.2,0.21,2529,0.0001,3,False,16,False,False
vid_02881,Facebook Reels,creator_0131,DIY,22,2025-01-19,684,70515,0.0097,7,1,1,12.3,0.559,1555,0.0001,2,False,27,True,False
vid_02882,Instagram,creator_1177,Gaming,24,2025-01-27,6237,974531,0.0064,78,0,1,3.8,0.158,11704,0.0001,0,False,65,False,False
vid_02883,YouTube Shorts,creator_0266,Cooking,35,2025-02-04,198,11715,0.0169,2,2,0,7.0,0.2,2968,0.0003,2,False,5,True,False
vid_02884,YouTube Shorts,creator_1090,Cooking,29,2025-06-13,5733,1146600,0.005,102,6,3,11.4,0.393,16723,0.0001,3,False,59,True,False
vid_02885,TikTok,creator_0487,Cooking,10,2024-02-10,711,142200,0.005,5,0,0,2.2,0.22,3254,0.0,1,False,81,False,False
vid_02886,Instagram,creator_0739,Gaming,13,2024-10-22,1941,61037,0.0318,39,0,0,10.5,0.808,1056,0.0006,3,False,47,True,False
vid_02887,Instagram,creator_0079,Entertainment,8,2025-06-06,180,6020,0.0299,5,0,0,3.8,0.475,694,0.0008,2,False,76,True,False
vid_02888,Instagram,creator_0702,Cooking,22,2024-07-27,1210,201666,0.006,12,1,1,6.4,0.291,2523,0.0001,4,False,35,False,False
vid_02889,TikTok,creator_0808,Beauty,41,2024-04-19,2293,138969,0.0165,24,0,1,24.9,0.607,3877,0.0002,2,False,86,False,False
vid_02890,TikTok,creator_0506,Comedy,21,2025-06-14,1467,62692,0.0234,4,1,0,7.3,0.348,0,0.0001,1,False,43,True,False
vid_02891,TikTok,creator_0802,Beauty,24,2024-05-31,6249,1249800,0.005,30,5,2,1.7,0.071,7652,0.0,3,False,68,False,False
vid_02892,Instagram,creator_0212,Cooking,28,2024-11-10,5595,192268,0.0291,34,5,1,7.7,0.275,12627,0.0002,2,False,113,True,False
vid_02893,Instagram,creator_0672,Comedy,8,2025-02-18,2998,165635,0.0181,16,2,0,5.5,0.688,756,0.0001,0,False,61,True,False
vid_02894,Snapchat,creator_0365,Cooking,31,2024-10-29,29,5800,0.005,0,0,0,5.2,0.168,0,0.0,3,False,102,True,False
vid_02895,TikTok,creator_0454,Beauty,24,2024-09-23,317,14026,0.0226,1,3,0,5.6,0.233,1958,0.0003,2,False,21,False,False
vid_02896,TikTok,creator_0458,Music,37,2024-03-23,10425,489436,0.0213,24,8,3,11.5,0.311,22445,0.0001,1,False,5,True,False
vid_02897,TikTok,creator_1003,Music,28,2024-07-23,22794,525207,0.0434,114,13,6,16.7,0.596,64855,0.0003,0,False,105,False,False
vid_02898,Instagram,creator_0033,News,31,2024-09-05,13068,336804,0.0388,28,7,5,6.7,0.216,30674,0.0001,1,False,68,True,False
vid_02899,TikTok,creator_0536,Beauty,35,2024-01-06,1311,226034,0.0058,12,4,2,4.7,0.134,1759,0.0001,2,False,28,True,False
vid_02900,TikTok,creator_1050,News,17,2024-02-27,1388,46112,0.0301,8,0,0,2.8,0.165,4313,0.0002,0,False,132,True,False
vid_02901,Instagram,creator_0992,Comedy,19,2024-02-06,2407,68575,0.0351,19,1,0,5.1,0.268,5622,0.0003,1,False,36,False,False
vid_02902,TikTok,creator_0484,Fitness,24,2024-01-30,869,158000,0.0055,9,1,0,9.3,0.388,4101,0.0001,1,True,71,True,False
vid_02903,TikTok,creator_0181,Cooking,15,2024-08-16,1017,86186,0.0118,12,0,1,6.5,0.433,949,0.0002,2,False,86,True,False
vid_02904,TikTok,creator_0220,Beauty,44,2025-07-20,743,60406,0.0123,2,1,0,15.4,0.35,584,0.0,3,False,88,True,False
vid_02905,TikTok,creator_0860,DIY,21,2025-07-19,527,20748,0.0254,4,1,1,6.7,0.319,0,0.0003,2,False,45,True,False
vid_02906,TikTok,creator_0873,DIY,23,2024-09-03,64,4413,0.0145,0,3,0,7.2,0.313,1002,0.0007,4,True,60,False,False
vid_02907,TikTok,creator_0307,Education,27,2024-08-08,303,14027,0.0216,3,0,0,6.0,0.222,0,0.0002,3,False,19,False,False
vid_02908,TikTok,creator_0725,Comedy,37,2024-12-20,988,41512,0.0238,5,2,0,5.9,0.159,2846,0.0002,1,False,60,True,False
vid_02909,Facebook Reels,creator_1073,DIY,25,2025-03-12,1089,93879,0.0116,12,0,1,7.5,0.3,1013,0.0001,5,True,98,True,False
vid_02910,TikTok,creator_0979,Entertainment,10,2024-07-30,1283,52154,0.0246,10,0,1,5.0,0.5,4357,0.0002,1,False,14,True,False
vid_02911,Instagram,creator_1143,Cooking,22,2024-11-08,878,112564,0.0078,7,1,1,3.4,0.155,729,0.0001,3,False,5,True,False
vid_02912,TikTok,creator_0877,Gaming,32,2024-02-15,356,14071,0.0253,5,2,2,2.9,0.091,1325,0.0006,0,False,68,False,False
vid_02913,Instagram,creator_0851,DIY,26,2025-02-22,2199,217722,0.0101,29,1,0,6.0,0.231,6005,0.0001,4,False,99,True,False
vid_02914,TikTok,creator_1010,Cooking,28,2025-01-31,643,33144,0.0194,10,0,0,12.9,0.461,0,0.0003,7,False,55,True,False
vid_02915,Instagram,creator_1109,Cooking,36,2025-07-23,6776,156489,0.0433,229,4,2,8.0,0.222,7705,0.0015,2,False,123,False,False
vid_02916,YouTube Shorts,creator_0650,News,38,2024-08-11,467,9067,0.0515,1,1,0,15.3,0.403,0,0.0002,2,False,111,True,False
vid_02917,Facebook Reels,creator_0244,Education,18,2025-06-22,40664,3333114,0.0122,650,26,3,17.4,0.967,85668,0.0002,1,False,99,True,False
vid_02918,TikTok,creator_0013,Entertainment,38,2024-02-03,7560,1080000,0.007,79,5,4,17.0,0.447,11563,0.0001,1,False,129,True,False
vid_02919,Instagram,creator_0476,Education,26,2024-07-02,15227,1153560,0.0132,195,8,0,9.9,0.381,7538,0.0002,5,False,68,False,False
vid_02920,Snapchat,creator_0238,Cooking,19,2024-09-03,627,38944,0.0161,6,2,0,2.5,0.132,516,0.0002,1,True,99,True,False
vid_02921,TikTok,creator_0070,Music,33,2024-06-07,1055,60632,0.0174,2,3,0,5.0,0.152,4122,0.0001,1,False,37,True,False
vid_02922,YouTube Shorts,creator_0206,Fitness,12,2024-08-23,157,25737,0.0061,0,1,0,7.6,0.633,0,0.0,3,False,5,True,False
vid_02923,Instagram,creator_0791,News,17,2025-04-26,557,101272,0.0055,1,1,0,3.5,0.206,0,0.0,4,False,26,True,False
vid_02924,Instagram,creator_0455,Gaming,26,2024-12-14,1571,245468,0.0064,26,5,0,4.7,0.181,3935,0.0001,3,False,116,False,False
vid_02925,YouTube Shorts,creator_0600,Gaming,28,2024-04-26,553,70897,0.0078,19,1,0,5.6,0.2,679,0.0003,1,False,16,True,False
vid_02926,YouTube Shorts,creator_0344,Cooking,12,2024-08-11,325,7611,0.0427,9,0,0,1.0,0.083,2447,0.0012,0,False,52,False,False
vid_02927,Instagram,creator_0355,Music,37,2024-03-23,344,9529,0.0361,0,0,0,9.7,0.262,613,0.0,0,False,70,True,False
vid_02928,TikTok,creator_0410,News,7,2024-04-21,1525,231060,0.0066,55,0,0,4.4,0.629,1836,0.0002,4,False,106,True,False
vid_02929,Instagram,creator_0190,Entertainment,17,2024-10-19,396,9082,0.0436,1,2,1,1.0,0.059,3215,0.0004,3,False,74,False,False
vid_02930,Instagram,creator_0851,Fitness,44,2025-01-15,67,10000,0.0067,0,0,1,15.8,0.359,0,0.0001,1,False,45,True,False
vid_02931,Instagram,creator_0050,Music,17,2024-05-08,1760,56591,0.0311,4,1,0,11.0,0.647,2497,0.0001,4,False,114,True,False
vid_02932,YouTube Shorts,creator_0934,Comedy,41,2024-05-20,2214,110700,0.02,11,0,0,3.7,0.09,2798,0.0001,2,False,16,True,False
vid_02933,TikTok,creator_0744,Music,26,2025-05-02,416,30364,0.0137,3,0,0,7.2,0.277,1725,0.0001,1,False,47,True,False
vid_02934,TikTok,creator_1170,Entertainment,22,2024-09-09,1825,96052,0.019,17,1,1,2.0,0.091,5870,0.0002,0,False,38,True,False
vid_02935,YouTube Shorts,creator_0929,Gaming,28,2025-05-25,2378,91814,0.0259,27,0,0,2.4,0.086,2963,0.0003,1,False,86,True,False
vid_02936,TikTok,creator_1126,Comedy,17,2025-07-11,1983,58842,0.0337,52,1,0,7.8,0.459,2970,0.0009,2,False,98,True,False
vid_02937,Instagram,creator_0130,DIY,12,2025-06-17,2887,199103,0.0145,3,2,2,2.5,0.208,6814,0.0,4,False,33,True,False
vid_02938,YouTube Shorts,creator_0445,News,16,2025-05-24,940,38683,0.0243,10,0,1,1.0,0.062,0,0.0003,3,False,78,True,False
vid_02939,YouTube Shorts,creator_0060,Cooking,35,2024-05-21,2693,106023,0.0254,22,1,0,9.0,0.257,7320,0.0002,2,False,75,True,False
vid_02940,Instagram,creator_0439,Gaming,27,2024-05-12,407,11368,0.0358,2,0,0,13.5,0.5,2250,0.0002,2,False,5,True,False
vid_02941,YouTube Shorts,creator_1199,Education,16,2025-05-12,498,59285,0.0084,4,1,1,1.0,0.062,2080,0.0001,0,False,86,True,False
vid_02942,TikTok,creator_0342,Cooking,47,2025-05-22,11637,451046,0.0258,86,3,3,10.8,0.23,8544,0.0002,2,False,5,False,False
vid_02943,YouTube Shorts,creator_1107,Beauty,21,2024-09-05,1578,315600,0.005,8,3,0,5.3,0.252,2967,0.0,2,False,87,True,False
vid_02944,TikTok,creator_1002,DIY,34,2025-07-26,643,128600,0.005,4,0,1,5.6,0.165,1986,0.0,0,False,66,True,False
vid_02945,TikTok,creator_0806,Fitness,18,2024-07-10,1216,52640,0.0231,10,3,0,3.7,0.206,4950,0.0002,1,False,69,True,False
vid_02946,TikTok,creator_0520,News,39,2025-01-21,239,47800,0.005,0,3,0,6.8,0.174,1225,0.0001,6,False,83,True,False
vid_02947,TikTok,creator_0916,News,24,2025-03-28,296,17831,0.0166,2,0,0,3.9,0.162,0,0.0001,2,False,78,True,False
vid_02948,TikTok,creator_0144,Comedy,26,2024-02-13,168,25454,0.0066,0,2,0,2.8,0.108,0,0.0001,5,False,5,True,False
vid_02949,Instagram,creator_1080,DIY,19,2025-07-12,581,29343,0.0198,2,2,0,2.2,0.116,0,0.0001,1,True,127,True,False
vid_02950,Snapchat,creator_0670,Comedy,20,2025-03-26,1691,38784,0.0436,8,1,2,4.9,0.245,5139,0.0003,2,False,91,False,False
vid_02951,Instagram,creator_0268,Comedy,42,2024-01-22,2502,155403,0.0161,41,0,0,14.3,0.34,4971,0.0003,2,False,28,True,False
vid_02952,TikTok,creator_0747,Gaming,30,2025-07-20,9903,419618,0.0236,137,5,7,5.8,0.193,8919,0.0004,3,False,41,False,False
vid_02953,Instagram,creator_0355,Entertainment,19,2024-02-04,831,46685,0.0178,2,0,1,1.5,0.079,2315,0.0001,3,False,76,True,False
vid_02954,Instagram,creator_0954,Music,25,2025-01-26,143,5766,0.0248,0,0,0,9.5,0.38,0,0.0,0,False,64,True,False
vid_02955,TikTok,creator_0432,Cooking,25,2025-06-02,426,67619,0.0063,2,3,0,10.7,0.428,633,0.0001,5,False,128,True,False
vid_02956,Instagram,creator_0808,Entertainment,11,2025-08-06,527,17625,0.0299,11,1,0,4.0,0.364,0,0.0007,0,False,19,False,False
vid_02957,TikTok,creator_0036,Fitness,30,2024-08-22,1262,95606,0.0132,10,0,1,2.7,0.09,2091,0.0001,0,False,27,True,False
vid_02958,TikTok,creator_1173,News,21,2024-09-06,71,1766,0.0402,0,2,0,5.8,0.276,0,0.0011,2,True,85,True,False
vid_02959,YouTube Shorts,creator_0334,Beauty,23,2025-07-19,4295,671093,0.0064,44,2,0,2.3,0.1,11273,0.0001,3,False,33,False,False
vid_02960,TikTok,creator_0306,News,47,2024-05-10,58,7435,0.0078,0,0,1,15.2,0.323,0,0.0001,2,False,118,True,False
vid_02961,Instagram,creator_0714,Entertainment,37,2024-03-12,2019,82745,0.0244,7,0,0,8.3,0.224,2858,0.0001,2,False,5,True,False
vid_02962,Instagram,creator_1048,Beauty,16,2024-02-14,5786,276842,0.0209,34,5,1,5.1,0.319,9282,0.0001,1,False,19,True,False
vid_02963,TikTok,creator_0852,DIY,34,2024-03-05,1043,65597,0.0159,4,2,3,8.4,0.247,781,0.0001,3,False,108,True,False
vid_02964,TikTok,creator_0236,Comedy,24,2024-11-04,12511,270215,0.0463,340,6,4,14.4,0.6,22290,0.0013,2,True,106,True,False
vid_02965,TikTok,creator_0425,Comedy,24,2024-04-01,196,26849,0.0073,5,2,0,8.3,0.346,199,0.0003,0,False,27,False,False
vid_02966,Facebook Reels,creator_0840,DIY,14,2025-08-07,2453,211465,0.0116,19,2,1,1.4,0.1,2519,0.0001,1,False,56,True,False
vid_02967,Instagram,creator_0183,Education,35,2024-03-28,8739,289370,0.0302,24,7,3,18.4,0.526,9112,0.0001,0,False,61,True,False
vid_02968,Snapchat,creator_0086,Education,29,2025-04-24,41,3228,0.0127,0,1,0,9.6,0.331,255,0.0003,1,False,18,True,False
vid_02969,YouTube Shorts,creator_1084,DIY,31,2024-07-12,1629,49513,0.0329,3,0,0,9.8,0.316,7034,0.0001,1,False,95,True,False
vid_02970,YouTube Shorts,creator_0076,Fitness,17,2025-03-20,4068,74098,0.0549,45,2,0,8.3,0.488,8132,0.0006,2,False,56,True,False
vid_02971,TikTok,creator_0028,Comedy,26,2024-12-19,220,31884,0.0069,4,1,0,6.6,0.254,2535,0.0002,1,False,116,True,False
vid_02972,TikTok,creator_1067,Education,10,2024-04-26,1103,136172,0.0081,11,0,2,2.2,0.22,564,0.0001,3,False,25,True,False
vid_02973,TikTok,creator_0583,Entertainment,36,2025-03-09,246,13225,0.0186,8,0,0,5.2,0.144,0,0.0006,1,False,96,True,False
vid_02974,TikTok,creator_0691,Entertainment,22,2025-03-23,1639,135454,0.0121,1,0,0,5.3,0.241,1263,0.0,0,False,104,False,False
vid_02975,TikTok,creator_0588,Gaming,28,2024-04-10,72,5106,0.0141,0,3,0,8.7,0.311,0,0.0006,2,True,35,False,False
vid_02976,TikTok,creator_0752,Cooking,5,2025-07-14,1567,135086,0.0116,38,1,0,1.2,0.24,3414,0.0003,3,False,11,False,False
vid_02977,YouTube Shorts,creator_0003,Beauty,30,2025-07-09,5718,635333,0.009,3,2,2,5.6,0.187,4734,0.0,2,False,107,True,False
vid_02978,TikTok,creator_1195,DIY,17,2024-01-14,787,107808,0.0073,24,2,1,1.6,0.094,176,0.0003,6,False,5,True,False
vid_02979,Instagram,creator_0291,Fitness,27,2024-05-28,764,20482,0.0373,3,2,0,5.3,0.196,0,0.0002,0,False,108,True,False
vid_02980,TikTok,creator_0751,Gaming,32,2024-08-26,392,54444,0.0072,0,0,0,17.6,0.55,0,0.0,6,False,90,True,False
vid_02981,YouTube Shorts,creator_0532,Education,20,2025-07-30,45,5769,0.0078,0,0,1,12.9,0.645,0,0.0002,1,False,89,True,False
vid_02982,Facebook Reels,creator_0111,Gaming,25,2024-04-05,18822,491436,0.0383,541,11,4,1.4,0.056,19948,0.0011,2,False,86,True,False
vid_02983,TikTok,creator_1014,Fitness,31,2024-02-16,1456,65000,0.0224,9,0,0,7.3,0.235,0,0.0001,2,False,117,True,False
vid_02984,TikTok,creator_0175,Gaming,34,2024-11-27,28,1739,0.0161,0,0,0,11.7,0.344,0,0.0,1,False,64,True,False
vid_02985,TikTok,creator_0260,Fitness,22,2025-02-16,759,44911,0.0169,4,2,2,17.7,0.805,195,0.0002,0,False,106,False,False
vid_02986,TikTok,creator_0535,Comedy,5,2025-06-15,1870,121428,0.0154,17,1,1,4.5,0.9,2615,0.0002,0,False,19,True,False
vid_02987,YouTube Shorts,creator_0585,Entertainment,34,2024-07-12,43672,3438740,0.0127,166,27,15,2.5,0.074,37608,0.0001,0,True,56,True,False
vid_02988,TikTok,creator_0831,DIY,23,2025-03-14,134,5193,0.0258,0,2,1,4.0,0.174,0,0.0006,1,False,24,True,False
vid_02989,TikTok,creator_0632,News,14,2024-02-20,1392,37520,0.0371,26,3,2,1.9,0.136,2151,0.0008,1,False,13,True,False
vid_02990,YouTube Shorts,creator_0713,Cooking,34,2024-08-09,2288,113830,0.0201,32,2,1,19.4,0.571,229,0.0003,1,False,16,True,False
vid_02991,TikTok,creator_0983,Education,26,2024-04-16,343,16731,0.0205,0,0,0,4.4,0.169,0,0.0,1,False,5,True,False
vid_02992,TikTok,creator_0227,Entertainment,24,2025-03-07,2429,149938,0.0162,19,1,0,9.5,0.396,0,0.0001,0,True,53,True,False
vid_02993,YouTube Shorts,creator_0252,Entertainment,6,2024-06-09,2933,140334,0.0209,56,0,0,2.5,0.417,4745,0.0004,2,True,52,False,False
vid_02994,YouTube Shorts,creator_1135,Beauty,26,2024-03-18,2025,88815,0.0228,26,0,0,3.0,0.115,5458,0.0003,3,False,54,True,False
vid_02995,Snapchat,creator_1002,Comedy,24,2024-11-25,3975,120090,0.0331,28,2,1,17.1,0.712,3806,0.0003,3,False,18,True,False
vid_02996,Instagram,creator_0751,DIY,30,2024-03-24,320,14349,0.0223,1,1,1,9.5,0.317,0,0.0002,0,False,5,True,False
vid_02997,YouTube Shorts,creator_0702,Entertainment,25,2024-12-25,19812,476250,0.0416,204,11,3,8.1,0.324,31608,0.0005,2,True,42,True,False
vid_02998,TikTok,creator_0209,Beauty,29,2024-02-11,3737,236518,0.0158,17,0,1,7.0,0.241,9089,0.0001,2,False,107,True,False
vid_02999,TikTok,creator_0098,Fitness,20,2024-10-07,185,27611,0.0067,5,3,1,18.6,0.93,0,0.0003,1,False,88,False,False
vid_03000,Instagram,creator_0409,Gaming,36,2024-05-15,426,9342,0.0456,2,3,2,2.7,0.075,2776,0.0007,1,True,34,True,False
